actor,actor_type,source_provider,source_report,report_date,source_url,indicator_type,indicator_value,country,target_country,target_sector,ttp,ttp_framework,confidence,description,date_added
2022 malicious mobile apps,threat_actor,meta,2022 malicious mobile apps,2022-10-03,https://about.fb.com/news/2022/10/protecting-people-from-malicious-account-compromise-apps/,android_package_name,al.puik.cus,,,,,none,,CallShowLite,2026-09-11
2022 malicious mobile apps,threat_actor,meta,2022 malicious mobile apps,2022-10-03,https://about.fb.com/news/2022/10/protecting-people-from-malicious-account-compromise-apps/,android_package_name,apex.hoolom.racecar.app,,,,,none,,Apex Race Game,2026-09-11
2022 malicious mobile apps,threat_actor,meta,2022 malicious mobile apps,2022-10-03,https://about.fb.com/news/2022/10/protecting-people-from-malicious-account-compromise-apps/,android_package_name,callerscreen.paper.ringshow,,,,,none,,CallerPaper Show,2026-09-11
2022 malicious mobile apps,threat_actor,meta,2022 malicious mobile apps,2022-10-03,https://about.fb.com/news/2022/10/protecting-people-from-malicious-account-compromise-apps/,android_package_name,com.abs.provideo_editor,,,,,none,,Video Converter Master,2026-09-11
2022 malicious mobile apps,threat_actor,meta,2022 malicious mobile apps,2022-10-03,https://about.fb.com/news/2022/10/protecting-people-from-malicious-account-compromise-apps/,android_package_name,com.acetoon.studio.facephoto,,,,,none,,Acetoon Photo Cartoon,2026-09-11
2022 malicious mobile apps,threat_actor,meta,2022 malicious mobile apps,2022-10-03,https://about.fb.com/news/2022/10/protecting-people-from-malicious-account-compromise-apps/,android_package_name,com.addtextcoon.shapermoter,,,,,none,,Photo Frame PIP Collage Maker,2026-09-11
2022 malicious mobile apps,threat_actor,meta,2022 malicious mobile apps,2022-10-03,https://about.fb.com/news/2022/10/protecting-people-from-malicious-account-compromise-apps/,android_package_name,com.adonarusso.daily.horoscope,,,,,none,,ZodiHoroscope - Fortune Finder,2026-09-11
2022 malicious mobile apps,threat_actor,meta,2022 malicious mobile apps,2022-10-03,https://about.fb.com/news/2022/10/protecting-people-from-malicious-account-compromise-apps/,android_package_name,com.ads_manager_helper,,,,,none,,Ads Manager Helper,2026-09-11
2022 malicious mobile apps,threat_actor,meta,2022 malicious mobile apps,2022-10-03,https://about.fb.com/news/2022/10/protecting-people-from-malicious-account-compromise-apps/,android_package_name,com.ads.optimization,,,,,none,,Ad Optimization Meta,2026-09-11
2022 malicious mobile apps,threat_actor,meta,2022 malicious mobile apps,2022-10-03,https://about.fb.com/news/2022/10/protecting-people-from-malicious-account-compromise-apps/,android_package_name,com.adsagency.socialmng,,,,,none,,Ad Manager For Social,2026-09-11
2022 malicious mobile apps,threat_actor,meta,2022 malicious mobile apps,2022-10-03,https://about.fb.com/news/2022/10/protecting-people-from-malicious-account-compromise-apps/,android_package_name,com.agehohn.fpsgame.app,,,,,none,,Agent John FPS Game,2026-09-11
2022 malicious mobile apps,threat_actor,meta,2022 malicious mobile apps,2022-10-03,https://about.fb.com/news/2022/10/protecting-people-from-malicious-account-compromise-apps/,android_package_name,com.allsite.unlo,,,,,none,,Unblocked Website,2026-09-11
2022 malicious mobile apps,threat_actor,meta,2022 malicious mobile apps,2022-10-03,https://about.fb.com/news/2022/10/protecting-people-from-malicious-account-compromise-apps/,android_package_name,com.amazcam.apbest,,,,,none,,Best Fun Cam,2026-09-11
2022 malicious mobile apps,threat_actor,meta,2022 malicious mobile apps,2022-10-03,https://about.fb.com/news/2022/10/protecting-people-from-malicious-account-compromise-apps/,android_package_name,com.amazing.psychologyfacts,,,,,none,,Psychology Facts,2026-09-11
2022 malicious mobile apps,threat_actor,meta,2022 malicious mobile apps,2022-10-03,https://about.fb.com/news/2022/10/protecting-people-from-malicious-account-compromise-apps/,android_package_name,com.androiddharmesh.editor,,,,,none,,Cool Photo Editor,2026-09-11
2022 malicious mobile apps,threat_actor,meta,2022 malicious mobile apps,2022-10-03,https://about.fb.com/news/2022/10/protecting-people-from-malicious-account-compromise-apps/,android_package_name,com.androiddharmesh.fashioncam,,,,,none,,Cool Filter Editor,2026-09-11
2022 malicious mobile apps,threat_actor,meta,2022 malicious mobile apps,2022-10-03,https://about.fb.com/news/2022/10/protecting-people-from-malicious-account-compromise-apps/,android_package_name,com.anhhuy.ads,,,,,none,,Ads & Page,2026-09-11
2022 malicious mobile apps,threat_actor,meta,2022 malicious mobile apps,2022-10-03,https://about.fb.com/news/2022/10/protecting-people-from-malicious-account-compromise-apps/,android_package_name,com.anhhuy.adspagesmanager,,,,,none,,Ads Pages Manager,2026-09-11
2022 malicious mobile apps,threat_actor,meta,2022 malicious mobile apps,2022-10-03,https://about.fb.com/news/2022/10/protecting-people-from-malicious-account-compromise-apps/,android_package_name,com.app.good.constellationmaster,,,,,none,,Constellation Master,2026-09-11
2022 malicious mobile apps,threat_actor,meta,2022 malicious mobile apps,2022-10-03,https://about.fb.com/news/2022/10/protecting-people-from-malicious-account-compromise-apps/,android_package_name,com.applock.easyuse.lock,,,,,none,,AppLock-Lock Apps & Privacy Guard,2026-09-11
2022 malicious mobile apps,threat_actor,meta,2022 malicious mobile apps,2022-10-03,https://about.fb.com/news/2022/10/protecting-people-from-malicious-account-compromise-apps/,android_package_name,com.art.draw.SmoothPictureEditor,,,,,none,,Smooth Picture Editor,2026-09-11
2022 malicious mobile apps,threat_actor,meta,2022 malicious mobile apps,2022-10-03,https://about.fb.com/news/2022/10/protecting-people-from-malicious-account-compromise-apps/,android_package_name,com.artext.picshow,,,,,none,,Text Camera,2026-09-11
2022 malicious mobile apps,threat_actor,meta,2022 malicious mobile apps,2022-10-03,https://about.fb.com/news/2022/10/protecting-people-from-malicious-account-compromise-apps/,android_package_name,com.artoon.toonphoto,,,,,none,,Artoon Photo Cartoon Creator,2026-09-11
2022 malicious mobile apps,threat_actor,meta,2022 malicious mobile apps,2022-10-03,https://about.fb.com/news/2022/10/protecting-people-from-malicious-account-compromise-apps/,android_package_name,com.artpics.campro,,,,,none,,Pics Art,2026-09-11
2022 malicious mobile apps,threat_actor,meta,2022 malicious mobile apps,2022-10-03,https://about.fb.com/news/2022/10/protecting-people-from-malicious-account-compromise-apps/,android_package_name,com.ashtoon.tooncool.skordoi,,,,,none,,Ashtoon Cartoon Editor,2026-09-11
2022 malicious mobile apps,threat_actor,meta,2022 malicious mobile apps,2022-10-03,https://about.fb.com/news/2022/10/protecting-people-from-malicious-account-compromise-apps/,android_package_name,com.atharva.perfect.photoeffects,,,,,none,,Perfect Photo Effects | Loop Photo Animator,2026-09-11
2022 malicious mobile apps,threat_actor,meta,2022 malicious mobile apps,2022-10-03,https://about.fb.com/news/2022/10/protecting-people-from-malicious-account-compromise-apps/,android_package_name,com.ballmaster.puzzle,,,,,none,,Bomb Master 3D,2026-09-11
2022 malicious mobile apps,threat_actor,meta,2022 malicious mobile apps,2022-10-03,https://about.fb.com/news/2022/10/protecting-people-from-malicious-account-compromise-apps/,android_package_name,com.beamuisclab.musicdownloader.song.mp3download.app,,,,,none,,Free Music Downloader & Free Mp3 Downloader,2026-09-11
2022 malicious mobile apps,threat_actor,meta,2022 malicious mobile apps,2022-10-03,https://about.fb.com/news/2022/10/protecting-people-from-malicious-account-compromise-apps/,android_package_name,com.beauty.selfcamera.perfect,,,,,none,,Beauty Camera,2026-09-11
2022 malicious mobile apps,threat_actor,meta,2022 malicious mobile apps,2022-10-03,https://about.fb.com/news/2022/10/protecting-people-from-malicious-account-compromise-apps/,android_package_name,com.beautycamera.plusfuny,,,,,none,,Beauty Camera Plus,2026-09-11
2022 malicious mobile apps,threat_actor,meta,2022 malicious mobile apps,2022-10-03,https://about.fb.com/news/2022/10/protecting-people-from-malicious-account-compromise-apps/,android_package_name,com.beautyeditor.bestphotoeditor,,,,,none,,Photo Editor,2026-09-11
2022 malicious mobile apps,threat_actor,meta,2022 malicious mobile apps,2022-10-03,https://about.fb.com/news/2022/10/protecting-people-from-malicious-account-compromise-apps/,android_package_name,com.beautymakeup.cameram,,,,,none,,Beauty Makeup Camera,2026-09-11
2022 malicious mobile apps,threat_actor,meta,2022 malicious mobile apps,2022-10-03,https://about.fb.com/news/2022/10/protecting-people-from-malicious-account-compromise-apps/,android_package_name,com.bestpuz.gams.artpics,,,,,none,,Art Puzzle 2021,2026-09-11
2022 malicious mobile apps,threat_actor,meta,2022 malicious mobile apps,2022-10-03,https://about.fb.com/news/2022/10/protecting-people-from-malicious-account-compromise-apps/,android_package_name,com.biscoco.camfilter,,,,,none,,Biscuit Coco Cam,2026-09-11
2022 malicious mobile apps,threat_actor,meta,2022 malicious mobile apps,2022-10-03,https://about.fb.com/news/2022/10/protecting-people-from-malicious-account-compromise-apps/,android_package_name,com.bluee.gorme,,,,,none,,Blue-shoot Game,2026-09-11
2022 malicious mobile apps,threat_actor,meta,2022 malicious mobile apps,2022-10-03,https://about.fb.com/news/2022/10/protecting-people-from-malicious-account-compromise-apps/,android_package_name,com.blur.image.handle,,,,,none,,Blur Photo,2026-09-11
2022 malicious mobile apps,threat_actor,meta,2022 malicious mobile apps,2022-10-03,https://about.fb.com/news/2022/10/protecting-people-from-malicious-account-compromise-apps/,android_package_name,com.blut.shooting,,,,,none,,Bluetouch Shooting Game,2026-09-11
2022 malicious mobile apps,threat_actor,meta,2022 malicious mobile apps,2022-10-03,https://about.fb.com/news/2022/10/protecting-people-from-malicious-account-compromise-apps/,android_package_name,com.bobom.crashran.race,,,,,none,,Ranger Crash Game,2026-09-11
2022 malicious mobile apps,threat_actor,meta,2022 malicious mobile apps,2022-10-03,https://about.fb.com/news/2022/10/protecting-people-from-malicious-account-compromise-apps/,android_package_name,com.boo.bam.frvpn,,,,,none,,Bamboo VPN,2026-09-11
2022 malicious mobile apps,threat_actor,meta,2022 malicious mobile apps,2022-10-03,https://about.fb.com/news/2022/10/protecting-people-from-malicious-account-compromise-apps/,android_package_name,com.borderedit.cameraapp,,,,,none,,Border Sticker Camera,2026-09-11
2022 malicious mobile apps,threat_actor,meta,2022 malicious mobile apps,2022-10-03,https://about.fb.com/news/2022/10/protecting-people-from-malicious-account-compromise-apps/,android_package_name,com.brawsantoon.besteditor,,,,,none,,Skintoon - Labs of Cartoon,2026-09-11
2022 malicious mobile apps,threat_actor,meta,2022 malicious mobile apps,2022-10-03,https://about.fb.com/news/2022/10/protecting-people-from-malicious-account-compromise-apps/,android_package_name,com.businessplannerdesign,,,,,none,,Business Planner Manage,2026-09-11
2022 malicious mobile apps,threat_actor,meta,2022 malicious mobile apps,2022-10-03,https://about.fb.com/news/2022/10/protecting-people-from-malicious-account-compromise-apps/,android_package_name,com.cam.io.cls,,,,,none,,Classic filter camera,2026-09-11
2022 malicious mobile apps,threat_actor,meta,2022 malicious mobile apps,2022-10-03,https://about.fb.com/news/2022/10/protecting-people-from-malicious-account-compromise-apps/,android_package_name,com.camepicin.libevent,,,,,none,,PIP Camera 2022,2026-09-11
2022 malicious mobile apps,threat_actor,meta,2022 malicious mobile apps,2022-10-03,https://about.fb.com/news/2022/10/protecting-people-from-malicious-account-compromise-apps/,android_package_name,com.candlesvpn.proxyss,,,,,none,,Candles VPN,2026-09-11
2022 malicious mobile apps,threat_actor,meta,2022 malicious mobile apps,2022-10-03,https://about.fb.com/news/2022/10/protecting-people-from-malicious-account-compromise-apps/,android_package_name,com.caniqiwa.perfectpuzzles,,,,,none,,Perfect Puzzles,2026-09-11
2022 malicious mobile apps,threat_actor,meta,2022 malicious mobile apps,2022-10-03,https://about.fb.com/news/2022/10/protecting-people-from-malicious-account-compromise-apps/,android_package_name,com.cartoons.photofacemaker,,,,,none,,Photo editor PIP collage maker,2026-09-11
2022 malicious mobile apps,threat_actor,meta,2022 malicious mobile apps,2022-10-03,https://about.fb.com/news/2022/10/protecting-people-from-malicious-account-compromise-apps/,android_package_name,com.caryshughes.toonprismaeffect,,,,,none,,ToonPrisma - 3D Photo Effect,2026-09-11
2022 malicious mobile apps,threat_actor,meta,2022 malicious mobile apps,2022-10-03,https://about.fb.com/news/2022/10/protecting-people-from-malicious-account-compromise-apps/,android_package_name,com.charlottefabron.hdvideoplayer,,,,,none,,HD Video Player with music,2026-09-11
2022 malicious mobile apps,threat_actor,meta,2022 malicious mobile apps,2022-10-03,https://about.fb.com/news/2022/10/protecting-people-from-malicious-account-compromise-apps/,android_package_name,com.classic.beat.cam,,,,,none,,BeautyCam,2026-09-11
2022 malicious mobile apps,threat_actor,meta,2022 malicious mobile apps,2022-10-03,https://about.fb.com/news/2022/10/protecting-people-from-malicious-account-compromise-apps/,android_package_name,com.cliffbradley.youtooncartooneffect,,,,,none,,YouToon - AI Cartoon Effect,2026-09-11
2022 malicious mobile apps,threat_actor,meta,2022 malicious mobile apps,2022-10-03,https://about.fb.com/news/2022/10/protecting-people-from-malicious-account-compromise-apps/,android_package_name,com.colinread.playphooteditor,,,,,none,,Play Phoot Editor & Collage,2026-09-11
2022 malicious mobile apps,threat_actor,meta,2022 malicious mobile apps,2022-10-03,https://about.fb.com/news/2022/10/protecting-people-from-malicious-account-compromise-apps/,android_package_name,com.collageimage.photofilter,,,,,none,,Photo Filter,2026-09-11
2022 malicious mobile apps,threat_actor,meta,2022 malicious mobile apps,2022-10-03,https://about.fb.com/news/2022/10/protecting-people-from-malicious-account-compromise-apps/,android_package_name,com.coolcall.callshow,,,,,none,,Color Call,2026-09-11
2022 malicious mobile apps,threat_actor,meta,2022 malicious mobile apps,2022-10-03,https://about.fb.com/news/2022/10/protecting-people-from-malicious-account-compromise-apps/,android_package_name,com.coolcall.newspipcamera,,,,,none,,Photo PIP Camera,2026-09-11
2022 malicious mobile apps,threat_actor,meta,2022 malicious mobile apps,2022-10-03,https://about.fb.com/news/2022/10/protecting-people-from-malicious-account-compromise-apps/,android_package_name,com.craftstoon.cartoonphoto,,,,,none,,Craftsart Cartoon Photo Tools,2026-09-11
2022 malicious mobile apps,threat_actor,meta,2022 malicious mobile apps,2022-10-03,https://about.fb.com/news/2022/10/protecting-people-from-malicious-account-compromise-apps/,android_package_name,com.creatoonbest.faceedit,,,,,none,,Creatoon Face Editor,2026-09-11
2022 malicious mobile apps,threat_actor,meta,2022 malicious mobile apps,2022-10-03,https://about.fb.com/news/2022/10/protecting-people-from-malicious-account-compromise-apps/,android_package_name,com.creatorlena.vieds,,,,,none,,Photo Video Editor:Lena Editor,2026-09-11
2022 malicious mobile apps,threat_actor,meta,2022 malicious mobile apps,2022-10-03,https://about.fb.com/news/2022/10/protecting-people-from-malicious-account-compromise-apps/,android_package_name,com.crown.camera,,,,,none,,Crown Camera,2026-09-11
2022 malicious mobile apps,threat_actor,meta,2022 malicious mobile apps,2022-10-03,https://about.fb.com/news/2022/10/protecting-people-from-malicious-account-compromise-apps/,android_package_name,com.customcamare.ppcamera,,,,,none,,Photo Pro 2021,2026-09-11
2022 malicious mobile apps,threat_actor,meta,2022 malicious mobile apps,2022-10-03,https://about.fb.com/news/2022/10/protecting-people-from-malicious-account-compromise-apps/,android_package_name,com.d2p.ads_manager_plus,,,,,none,,Ads Manager Plus,2026-09-11
2022 malicious mobile apps,threat_actor,meta,2022 malicious mobile apps,2022-10-03,https://about.fb.com/news/2022/10/protecting-people-from-malicious-account-compromise-apps/,android_package_name,com.dahuadata.photomakerpip,,,,,none,,Maker PIP Gallery,2026-09-11
2022 malicious mobile apps,threat_actor,meta,2022 malicious mobile apps,2022-10-03,https://about.fb.com/news/2022/10/protecting-people-from-malicious-account-compromise-apps/,android_package_name,com.dashboardmanagemeta,,,,,none,,Pages Dashboard,2026-09-11
2022 malicious mobile apps,threat_actor,meta,2022 malicious mobile apps,2022-10-03,https://about.fb.com/news/2022/10/protecting-people-from-malicious-account-compromise-apps/,android_package_name,com.davykinsman.photoquipo.cartooneffect,,,,,none,,Photoquipo Cartoon Pic Effect,2026-09-11
2022 malicious mobile apps,threat_actor,meta,2022 malicious mobile apps,2022-10-03,https://about.fb.com/news/2022/10/protecting-people-from-malicious-account-compromise-apps/,android_package_name,com.day.flywallpaper,,,,,none,,Flyingfish Wallpaper,2026-09-11
2022 malicious mobile apps,threat_actor,meta,2022 malicious mobile apps,2022-10-03,https://about.fb.com/news/2022/10/protecting-people-from-malicious-account-compromise-apps/,android_package_name,com.ddhd.cameraadorn,,,,,none,,CameraAdorn,2026-09-11
2022 malicious mobile apps,threat_actor,meta,2022 malicious mobile apps,2022-10-03,https://about.fb.com/news/2022/10/protecting-people-from-malicious-account-compromise-apps/,android_package_name,com.ddhd.creatormould,,,,,none,,CreatorMould,2026-09-11
2022 malicious mobile apps,threat_actor,meta,2022 malicious mobile apps,2022-10-03,https://about.fb.com/news/2022/10/protecting-people-from-malicious-account-compromise-apps/,android_package_name,com.ddhd.photo.elegantimage,,,,,none,,ElegantImage,2026-09-11
2022 malicious mobile apps,threat_actor,meta,2022 malicious mobile apps,2022-10-03,https://about.fb.com/news/2022/10/protecting-people-from-malicious-account-compromise-apps/,android_package_name,com.deepwallpaper.hd.live,,,,,none,,"Deep Wallpaper-live,HD",2026-09-11
2022 malicious mobile apps,threat_actor,meta,2022 malicious mobile apps,2022-10-03,https://about.fb.com/news/2022/10/protecting-people-from-malicious-account-compromise-apps/,android_package_name,com.dennisarmstrong.videolancervideomaker,,,,,none,,Videolancer - Pro Video Maker,2026-09-11
2022 malicious mobile apps,threat_actor,meta,2022 malicious mobile apps,2022-10-03,https://about.fb.com/news/2022/10/protecting-people-from-malicious-account-compromise-apps/,android_package_name,com.dreammaker.phgridpip,,,,,none,,PIP Collage Coco,2026-09-11
2022 malicious mobile apps,threat_actor,meta,2022 malicious mobile apps,2022-10-03,https://about.fb.com/news/2022/10/protecting-people-from-malicious-account-compromise-apps/,android_package_name,com.dressing.charm.apps,,,,,none,,Dress up Charming,2026-09-11
2022 malicious mobile apps,threat_actor,meta,2022 malicious mobile apps,2022-10-03,https://about.fb.com/news/2022/10/protecting-people-from-malicious-account-compromise-apps/,android_package_name,com.dwyzb23xjiqpsn.zbqyuvfgtion,,,,,none,,3 Patti King - India Rummy,2026-09-11
2022 malicious mobile apps,threat_actor,meta,2022 malicious mobile apps,2022-10-03,https://about.fb.com/news/2022/10/protecting-people-from-malicious-account-compromise-apps/,android_package_name,com.dypica.facepicture,,,,,none,,Face Picture,2026-09-11
2022 malicious mobile apps,threat_actor,meta,2022 malicious mobile apps,2022-10-03,https://about.fb.com/news/2022/10/protecting-people-from-malicious-account-compromise-apps/,android_package_name,com.dysfree.barcode.scanner,,,,,none,,QR Barcode Scan,2026-09-11
2022 malicious mobile apps,threat_actor,meta,2022 malicious mobile apps,2022-10-03,https://about.fb.com/news/2022/10/protecting-people-from-malicious-account-compromise-apps/,android_package_name,com.edgarmay.atecphotoeffect,,,,,none,,Atec Sparkle Photo Editor 2022,2026-09-11
2022 malicious mobile apps,threat_actor,meta,2022 malicious mobile apps,2022-10-03,https://about.fb.com/news/2022/10/protecting-people-from-malicious-account-compromise-apps/,android_package_name,com.editor.xinphoto,,,,,none,,Enjoy Photo Editor,2026-09-11
2022 malicious mobile apps,threat_actor,meta,2022 malicious mobile apps,2022-10-03,https://about.fb.com/news/2022/10/protecting-people-from-malicious-account-compromise-apps/,android_package_name,com.edmondatrentini.dingdingphotoeffect,,,,,none,,Ding Ding Photo Effect Editor,2026-09-11
2022 malicious mobile apps,threat_actor,meta,2022 malicious mobile apps,2022-10-03,https://about.fb.com/news/2022/10/protecting-people-from-malicious-account-compromise-apps/,android_package_name,com.expto.akgarhwal.puzzlex,,,,,none,,Art Photo Puzzle,2026-09-11
2022 malicious mobile apps,threat_actor,meta,2022 malicious mobile apps,2022-10-03,https://about.fb.com/news/2022/10/protecting-people-from-malicious-account-compromise-apps/,android_package_name,com.fabiomancini.cartoonpainteffect,,,,,none,,Cartoon Face Photo Editor,2026-09-11
2022 malicious mobile apps,threat_actor,meta,2022 malicious mobile apps,2022-10-03,https://about.fb.com/news/2022/10/protecting-people-from-malicious-account-compromise-apps/,android_package_name,com.faceart.savetoon.cartoonedit,,,,,none,,Savetoon Art - Face Cartoon,2026-09-11
2022 malicious mobile apps,threat_actor,meta,2022 malicious mobile apps,2022-10-03,https://about.fb.com/news/2022/10/protecting-people-from-malicious-account-compromise-apps/,android_package_name,com.faceartoon.studioon,,,,,none,,Facetoon Photo Art,2026-09-11
2022 malicious mobile apps,threat_actor,meta,2022 malicious mobile apps,2022-10-03,https://about.fb.com/news/2022/10/protecting-people-from-malicious-account-compromise-apps/,android_package_name,com.fast.vpn.lifestyleb,,,,,none,,Fast VPN Proxy,2026-09-11
2022 malicious mobile apps,threat_actor,meta,2022 malicious mobile apps,2022-10-03,https://about.fb.com/news/2022/10/protecting-people-from-malicious-account-compromise-apps/,android_package_name,com.fb.ads.optimize,,,,,none,,Ads Optimize,2026-09-11
2022 malicious mobile apps,threat_actor,meta,2022 malicious mobile apps,2022-10-03,https://about.fb.com/news/2022/10/protecting-people-from-malicious-account-compromise-apps/,android_package_name,com.fb.metas.adsmanager,,,,,none,,Ads Manager For Business,2026-09-11
2022 malicious mobile apps,threat_actor,meta,2022 malicious mobile apps,2022-10-03,https://about.fb.com/news/2022/10/protecting-people-from-malicious-account-compromise-apps/,android_package_name,com.fillartoon.toonphotos,,,,,none,,Pica Artoon Face Editor,2026-09-11
2022 malicious mobile apps,threat_actor,meta,2022 malicious mobile apps,2022-10-03,https://about.fb.com/news/2022/10/protecting-people-from-malicious-account-compromise-apps/,android_package_name,com.filmstrip.drawanima,,,,,none,,Photo Layout Editor,2026-09-11
2022 malicious mobile apps,threat_actor,meta,2022 malicious mobile apps,2022-10-03,https://about.fb.com/news/2022/10/protecting-people-from-malicious-account-compromise-apps/,android_package_name,com.filter.photoeditor,,,,,none,,"Instapic: Photo Editor Pro, Collage Maker",2026-09-11
2022 malicious mobile apps,threat_actor,meta,2022 malicious mobile apps,2022-10-03,https://about.fb.com/news/2022/10/protecting-people-from-malicious-account-compromise-apps/,android_package_name,com.fimeruv.shapephotoeditor,,,,,none,,Shape Photo Editor,2026-09-11
2022 malicious mobile apps,threat_actor,meta,2022 malicious mobile apps,2022-10-03,https://about.fb.com/news/2022/10/protecting-people-from-malicious-account-compromise-apps/,android_package_name,com.fiwyl.sharephotomaker,,,,,none,,Share Photo Maker,2026-09-11
2022 malicious mobile apps,threat_actor,meta,2022 malicious mobile apps,2022-10-03,https://about.fb.com/news/2022/10/protecting-people-from-malicious-account-compromise-apps/,android_package_name,com.flnt.uck,,,,,none,,Speedy Vpn Tunnel,2026-09-11
2022 malicious mobile apps,threat_actor,meta,2022 malicious mobile apps,2022-10-03,https://about.fb.com/news/2022/10/protecting-people-from-malicious-account-compromise-apps/,android_package_name,com.floydhampton.moldishmansphotoeffect,,,,,none,,Moldish - Men's Photo Editor,2026-09-11
2022 malicious mobile apps,threat_actor,meta,2022 malicious mobile apps,2022-10-03,https://about.fb.com/news/2022/10/protecting-people-from-malicious-account-compromise-apps/,android_package_name,com.flyspeed.fish,,,,,none,,FlyFish Speed,2026-09-11
2022 malicious mobile apps,threat_actor,meta,2022 malicious mobile apps,2022-10-03,https://about.fb.com/news/2022/10/protecting-people-from-malicious-account-compromise-apps/,android_package_name,com.fonts.text.board,,,,,none,,Stylist Fonts for Keyboard,2026-09-11
2022 malicious mobile apps,threat_actor,meta,2022 malicious mobile apps,2022-10-03,https://about.fb.com/news/2022/10/protecting-people-from-malicious-account-compromise-apps/,android_package_name,com.fotspicass.makerpiccoa,,,,,none,,PIP Editor Frame Photo,2026-09-11
2022 malicious mobile apps,threat_actor,meta,2022 malicious mobile apps,2022-10-03,https://about.fb.com/news/2022/10/protecting-people-from-malicious-account-compromise-apps/,android_package_name,com.fqrs.qrscapp,,,,,none,,Flash QRCode Scanner,2026-09-11
2022 malicious mobile apps,threat_actor,meta,2022 malicious mobile apps,2022-10-03,https://about.fb.com/news/2022/10/protecting-people-from-malicious-account-compromise-apps/,android_package_name,com.free.unlimited.transcendvpn,,,,,none,,Transcend VPN,2026-09-11
2022 malicious mobile apps,threat_actor,meta,2022 malicious mobile apps,2022-10-03,https://about.fb.com/news/2022/10/protecting-people-from-malicious-account-compromise-apps/,android_package_name,com.free.vpn.masterproxy,,,,,none,,Free VPN Master,2026-09-11
2022 malicious mobile apps,threat_actor,meta,2022 malicious mobile apps,2022-10-03,https://about.fb.com/news/2022/10/protecting-people-from-malicious-account-compromise-apps/,android_package_name,com.freevpn.proxytuber,,,,,none,,Super Tuber VPN,2026-09-11
2022 malicious mobile apps,threat_actor,meta,2022 malicious mobile apps,2022-10-03,https://about.fb.com/news/2022/10/protecting-people-from-malicious-account-compromise-apps/,android_package_name,com.freevpn.proxytubervpn,,,,,none,,Tuber VPN - Free&Secure VPN Proxy Server,2026-09-11
2022 malicious mobile apps,threat_actor,meta,2022 malicious mobile apps,2022-10-03,https://about.fb.com/news/2022/10/protecting-people-from-malicious-account-compromise-apps/,android_package_name,com.fstl.vtnel,,,,,none,,Fast Vpn Tunnel,2026-09-11
2022 malicious mobile apps,threat_actor,meta,2022 malicious mobile apps,2022-10-03,https://about.fb.com/news/2022/10/protecting-people-from-malicious-account-compromise-apps/,android_package_name,com.fucol.puz,,,,,none,,Photo Puzzle 2021,2026-09-11
2022 malicious mobile apps,threat_actor,meta,2022 malicious mobile apps,2022-10-03,https://about.fb.com/news/2022/10/protecting-people-from-malicious-account-compromise-apps/,android_package_name,com.fun.herone.racegame,,,,,none,,Lone Hero Racing,2026-09-11
2022 malicious mobile apps,threat_actor,meta,2022 malicious mobile apps,2022-10-03,https://about.fb.com/news/2022/10/protecting-people-from-malicious-account-compromise-apps/,android_package_name,com.fysolasil.sharephotoeditor,,,,,none,,Share Photo Editor,2026-09-11
2022 malicious mobile apps,threat_actor,meta,2022 malicious mobile apps,2022-10-03,https://about.fb.com/news/2022/10/protecting-people-from-malicious-account-compromise-apps/,android_package_name,com.gadybatax.artsphotos,,,,,none,,Arts Photos,2026-09-11
2022 malicious mobile apps,threat_actor,meta,2022 malicious mobile apps,2022-10-03,https://about.fb.com/news/2022/10/protecting-people-from-malicious-account-compromise-apps/,android_package_name,com.gallery.provides,,,,,none,,Art Filters:Photo to Painting,2026-09-11
2022 malicious mobile apps,threat_actor,meta,2022 malicious mobile apps,2022-10-03,https://about.fb.com/news/2022/10/protecting-people-from-malicious-account-compromise-apps/,android_package_name,com.gamebooster.safegame,,,,,none,,Game Booster,2026-09-11
2022 malicious mobile apps,threat_actor,meta,2022 malicious mobile apps,2022-10-03,https://about.fb.com/news/2022/10/protecting-people-from-malicious-account-compromise-apps/,android_package_name,com.gcam.pvint,,,,,none,,Vinto Cam,2026-09-11
2022 malicious mobile apps,threat_actor,meta,2022 malicious mobile apps,2022-10-03,https://about.fb.com/news/2022/10/protecting-people-from-malicious-account-compromise-apps/,android_package_name,com.genten.soulmatch,,,,,none,,Emotion Checker,2026-09-11
2022 malicious mobile apps,threat_actor,meta,2022 malicious mobile apps,2022-10-03,https://about.fb.com/news/2022/10/protecting-people-from-malicious-account-compromise-apps/,android_package_name,com.ghost.vpn.masterproxy,,,,,none,,Ghost VPN Proxy,2026-09-11
2022 malicious mobile apps,threat_actor,meta,2022 malicious mobile apps,2022-10-03,https://about.fb.com/news/2022/10/protecting-people-from-malicious-account-compromise-apps/,android_package_name,com.gpstrian.phototrian,,,,,none,,Train Photo,2026-09-11
2022 malicious mobile apps,threat_actor,meta,2022 malicious mobile apps,2022-10-03,https://about.fb.com/news/2022/10/protecting-people-from-malicious-account-compromise-apps/,android_package_name,com.grigoriipeerevozchiikov.animephoto,,,,,none,,Anime Photo,2026-09-11
2022 malicious mobile apps,threat_actor,meta,2022 malicious mobile apps,2022-10-03,https://about.fb.com/news/2022/10/protecting-people-from-malicious-account-compromise-apps/,android_package_name,com.gtrid.edit.bingoemaker,,,,,none,,Photo Editor Pic Collage,2026-09-11
2022 malicious mobile apps,threat_actor,meta,2022 malicious mobile apps,2022-10-03,https://about.fb.com/news/2022/10/protecting-people-from-malicious-account-compromise-apps/,android_package_name,com.HalogenElement.Frame.TrainPhotoFrame,,,,,none,,Train Photo Frame,2026-09-11
2022 malicious mobile apps,threat_actor,meta,2022 malicious mobile apps,2022-10-03,https://about.fb.com/news/2022/10/protecting-people-from-malicious-account-compromise-apps/,android_package_name,com.hiepro.hiynode,,,,,none,,Hiyoo Hidenode pro,2026-09-11
2022 malicious mobile apps,threat_actor,meta,2022 malicious mobile apps,2022-10-03,https://about.fb.com/news/2022/10/protecting-people-from-malicious-account-compromise-apps/,android_package_name,com.hiranursaygi.allinoneofficereader,,,,,none,,All in one Doc Editor & Viewer,2026-09-11
2022 malicious mobile apps,threat_actor,meta,2022 malicious mobile apps,2022-10-03,https://about.fb.com/news/2022/10/protecting-people-from-malicious-account-compromise-apps/,android_package_name,com.hn.dayblue,,,,,none,,Fun Wallpaper,2026-09-11
2022 malicious mobile apps,threat_actor,meta,2022 malicious mobile apps,2022-10-03,https://about.fb.com/news/2022/10/protecting-people-from-malicious-account-compromise-apps/,android_package_name,com.hotspot.vpn.freeproxy,,,,,none,,Hotspot Free VPN,2026-09-11
2022 malicious mobile apps,threat_actor,meta,2022 malicious mobile apps,2022-10-03,https://about.fb.com/news/2022/10/protecting-people-from-malicious-account-compromise-apps/,android_package_name,com.hqapps.ppp.wallpaper,,,,,none,,Highquality Purple Wallpaper,2026-09-11
2022 malicious mobile apps,threat_actor,meta,2022 malicious mobile apps,2022-10-03,https://about.fb.com/news/2022/10/protecting-people-from-malicious-account-compromise-apps/,android_package_name,com.hunbeiren.pipeditorimage,,,,,none,,PIP Editor Image,2026-09-11
2022 malicious mobile apps,threat_actor,meta,2022 malicious mobile apps,2022-10-03,https://about.fb.com/news/2022/10/protecting-people-from-malicious-account-compromise-apps/,android_package_name,com.iceselfie.beautycamx,,,,,none,,Ice Selfie Beauty Cam,2026-09-11
2022 malicious mobile apps,threat_actor,meta,2022 malicious mobile apps,2022-10-03,https://about.fb.com/news/2022/10/protecting-people-from-malicious-account-compromise-apps/,android_package_name,com.image.move.puzzle,,,,,none,,Image Move Puzzle,2026-09-11
2022 malicious mobile apps,threat_actor,meta,2022 malicious mobile apps,2022-10-03,https://about.fb.com/news/2022/10/protecting-people-from-malicious-account-compromise-apps/,android_package_name,com.instagram.app,,,,,none,,Business from Instagram,2026-09-11
2022 malicious mobile apps,threat_actor,meta,2022 malicious mobile apps,2022-10-03,https://about.fb.com/news/2022/10/protecting-people-from-malicious-account-compromise-apps/,android_package_name,com.interaction.wonderful,,,,,none,,Wonderful Camera,2026-09-11
2022 malicious mobile apps,threat_actor,meta,2022 malicious mobile apps,2022-10-03,https://about.fb.com/news/2022/10/protecting-people-from-malicious-account-compromise-apps/,android_package_name,com.ivorfrazier.orahororscope,,,,,none,,Ora Horoscope - Fortune Finder,2026-09-11
2022 malicious mobile apps,threat_actor,meta,2022 malicious mobile apps,2022-10-03,https://about.fb.com/news/2022/10/protecting-people-from-malicious-account-compromise-apps/,android_package_name,com.jxpsnyy.kbvjdjx.dingdingphotoeffect,,,,,none,,Ding Ding Photo Editor,2026-09-11
2022 malicious mobile apps,threat_actor,meta,2022 malicious mobile apps,2022-10-03,https://about.fb.com/news/2022/10/protecting-people-from-malicious-account-compromise-apps/,android_package_name,com.kali_corporation.skethcamplus,,,,,none,,Sketch CamPlus,2026-09-11
2022 malicious mobile apps,threat_actor,meta,2022 malicious mobile apps,2022-10-03,https://about.fb.com/news/2022/10/protecting-people-from-malicious-account-compromise-apps/,android_package_name,com.kali.free.online.fast.translation,,,,,none,,Instant Translator,2026-09-11
2022 malicious mobile apps,threat_actor,meta,2022 malicious mobile apps,2022-10-03,https://about.fb.com/news/2022/10/protecting-people-from-malicious-account-compromise-apps/,android_package_name,com.kangaroo.vpnproxy,,,,,none,,Kangaroo VPN,2026-09-11
2022 malicious mobile apps,threat_actor,meta,2022 malicious mobile apps,2022-10-03,https://about.fb.com/news/2022/10/protecting-people-from-malicious-account-compromise-apps/,android_package_name,com.katarinalang.photocollage.room,,,,,none,,Photoont - Photo Collage Edit,2026-09-11
2022 malicious mobile apps,threat_actor,meta,2022 malicious mobile apps,2022-10-03,https://about.fb.com/news/2022/10/protecting-people-from-malicious-account-compromise-apps/,android_package_name,com.kotmob.palmistry,,,,,none,,Palmistry Reading Free,2026-09-11
2022 malicious mobile apps,threat_actor,meta,2022 malicious mobile apps,2022-10-03,https://about.fb.com/news/2022/10/protecting-people-from-malicious-account-compromise-apps/,android_package_name,com.kutsalkoyuncu.toonexphotoediotr,,,,,none,,Toonex Photo Editor 2022,2026-09-11
2022 malicious mobile apps,threat_actor,meta,2022 malicious mobile apps,2022-10-03,https://about.fb.com/news/2022/10/protecting-people-from-malicious-account-compromise-apps/,android_package_name,com.leg.musclemaker.strong.man.getfit,,,,,none,,Male fitness,2026-09-11
2022 malicious mobile apps,threat_actor,meta,2022 malicious mobile apps,2022-10-03,https://about.fb.com/news/2022/10/protecting-people-from-malicious-account-compromise-apps/,android_package_name,com.leneroth.photocollagegridmaker,,,,,none,,Pic Collage & Cartoon Editor,2026-09-11
2022 malicious mobile apps,threat_actor,meta,2022 malicious mobile apps,2022-10-03,https://about.fb.com/news/2022/10/protecting-people-from-malicious-account-compromise-apps/,android_package_name,com.liannasoft.editorcam,,,,,none,,4K Camera Hyper Photo Filters,2026-09-11
2022 malicious mobile apps,threat_actor,meta,2022 malicious mobile apps,2022-10-03,https://about.fb.com/news/2022/10/protecting-people-from-malicious-account-compromise-apps/,android_package_name,com.liferun.freegame,,,,,none,,Life Run,2026-09-11
2022 malicious mobile apps,threat_actor,meta,2022 malicious mobile apps,2022-10-03,https://about.fb.com/news/2022/10/protecting-people-from-malicious-account-compromise-apps/,android_package_name,com.lightling.creatortoon.cartoon,,,,,none,,Lighting Creator Toon,2026-09-11
2022 malicious mobile apps,threat_actor,meta,2022 malicious mobile apps,2022-10-03,https://about.fb.com/news/2022/10/protecting-people-from-malicious-account-compromise-apps/,android_package_name,com.lightning.vpn.proxys,,,,,none,,Lightning VPN,2026-09-11
2022 malicious mobile apps,threat_actor,meta,2022 malicious mobile apps,2022-10-03,https://about.fb.com/news/2022/10/protecting-people-from-malicious-account-compromise-apps/,android_package_name,com.likefile.superfile,,,,,none,,Files Clear,2026-09-11
2022 malicious mobile apps,threat_actor,meta,2022 malicious mobile apps,2022-10-03,https://about.fb.com/news/2022/10/protecting-people-from-malicious-account-compromise-apps/,android_package_name,com.lilaihua.photoeditor,,,,,none,,PhotoEditor,2026-09-11
2022 malicious mobile apps,threat_actor,meta,2022 malicious mobile apps,2022-10-03,https://about.fb.com/news/2022/10/protecting-people-from-malicious-account-compromise-apps/,android_package_name,com.lofacartoon.azwajstudio,,,,,none,,Lofa - Studio Photo Cartoon,2026-09-11
2022 malicious mobile apps,threat_actor,meta,2022 malicious mobile apps,2022-10-03,https://about.fb.com/news/2022/10/protecting-people-from-malicious-account-compromise-apps/,android_package_name,com.luckycatcher.freegame,,,,,none,,Lucky Catcher - Catch Them All,2026-09-11
2022 malicious mobile apps,threat_actor,meta,2022 malicious mobile apps,2022-10-03,https://about.fb.com/news/2022/10/protecting-people-from-malicious-account-compromise-apps/,android_package_name,com.lucpro.luckypro,,,,,none,,Lucky Number Pro,2026-09-11
2022 malicious mobile apps,threat_actor,meta,2022 malicious mobile apps,2022-10-03,https://about.fb.com/news/2022/10/protecting-people-from-malicious-account-compromise-apps/,android_package_name,com.lujeqari.videoremaker,,,,,none,,Video Remaker,2026-09-11
2022 malicious mobile apps,threat_actor,meta,2022 malicious mobile apps,2022-10-03,https://about.fb.com/news/2022/10/protecting-people-from-malicious-account-compromise-apps/,android_package_name,com.madtoon.aicartoon.kiroah,,,,,none,,MadToon Face Cartoon,2026-09-11
2022 malicious mobile apps,threat_actor,meta,2022 malicious mobile apps,2022-10-03,https://about.fb.com/news/2022/10/protecting-people-from-malicious-account-compromise-apps/,android_package_name,com.magic.world.daily.mhoroscope,,,,,none,,Magic Horoscope,2026-09-11
2022 malicious mobile apps,threat_actor,meta,2022 malicious mobile apps,2022-10-03,https://about.fb.com/news/2022/10/protecting-people-from-malicious-account-compromise-apps/,android_package_name,com.marcyl.wagbversion.gblatest.gbproversion.lite,,,,,none,,GB WA Warna Latest Version,2026-09-11
2022 malicious mobile apps,threat_actor,meta,2022 malicious mobile apps,2022-10-03,https://about.fb.com/news/2022/10/protecting-people-from-malicious-account-compromise-apps/,android_package_name,com.masto.kicter,,,,,none,,Free Comic Photos,2026-09-11
2022 malicious mobile apps,threat_actor,meta,2022 malicious mobile apps,2022-10-03,https://about.fb.com/news/2022/10/protecting-people-from-malicious-account-compromise-apps/,android_package_name,com.maxinetate.jessicabailey.fosterphotoeffect,,,,,none,,Foster - Cartoon Photo Effect,2026-09-11
2022 malicious mobile apps,threat_actor,meta,2022 malicious mobile apps,2022-10-03,https://about.fb.com/news/2022/10/protecting-people-from-malicious-account-compromise-apps/,android_package_name,com.merkee.neosnap.photo.editor.pro,,,,,none,,NeoSnap Photo Editor,2026-09-11
2022 malicious mobile apps,threat_actor,meta,2022 malicious mobile apps,2022-10-03,https://about.fb.com/news/2022/10/protecting-people-from-malicious-account-compromise-apps/,android_package_name,com.meta.adsformeta2,,,,,none,,Business Ads for Meta,2026-09-11
2022 malicious mobile apps,threat_actor,meta,2022 malicious mobile apps,2022-10-03,https://about.fb.com/news/2022/10/protecting-people-from-malicious-account-compromise-apps/,android_package_name,com.meta.adsformeta3,,,,,none,,Business Meta Manager,2026-09-11
2022 malicious mobile apps,threat_actor,meta,2022 malicious mobile apps,2022-10-03,https://about.fb.com/news/2022/10/protecting-people-from-malicious-account-compromise-apps/,android_package_name,com.meta.optimizer,,,,,none,,Meta Optimizer - Ads Analysis,2026-09-11
2022 malicious mobile apps,threat_actor,meta,2022 malicious mobile apps,2022-10-03,https://about.fb.com/news/2022/10/protecting-people-from-malicious-account-compromise-apps/,android_package_name,com.meteor.fast.connection,,,,,none,,Meteor vpn,2026-09-11
2022 malicious mobile apps,threat_actor,meta,2022 malicious mobile apps,2022-10-03,https://about.fb.com/news/2022/10/protecting-people-from-malicious-account-compromise-apps/,android_package_name,com.mexsier.nebwallpaper,,,,,none,,Nebula Wallpaper,2026-09-11
2022 malicious mobile apps,threat_actor,meta,2022 malicious mobile apps,2022-10-03,https://about.fb.com/news/2022/10/protecting-people-from-malicious-account-compromise-apps/,android_package_name,com.milohoward.rosalindvega.theobarber.photoframeeffecteditor,,,,,none,,Photo Editor - Frame Effect,2026-09-11
2022 malicious mobile apps,threat_actor,meta,2022 malicious mobile apps,2022-10-03,https://about.fb.com/news/2022/10/protecting-people-from-malicious-account-compromise-apps/,android_package_name,com.mkce.fsvc,,,,,none,,Full Screen Video Editor,2026-09-11
2022 malicious mobile apps,threat_actor,meta,2022 malicious mobile apps,2022-10-03,https://about.fb.com/news/2022/10/protecting-people-from-malicious-account-compromise-apps/,android_package_name,com.mnbeautif.lanchmn,,,,,none,,Nice Photo,2026-09-11
2022 malicious mobile apps,threat_actor,meta,2022 malicious mobile apps,2022-10-03,https://about.fb.com/news/2022/10/protecting-people-from-malicious-account-compromise-apps/,android_package_name,com.moker.sticker,,,,,none,,Sticker Maker Pro,2026-09-11
2022 malicious mobile apps,threat_actor,meta,2022 malicious mobile apps,2022-10-03,https://about.fb.com/news/2022/10/protecting-people-from-malicious-account-compromise-apps/,android_package_name,com.mold.figure.gym,,,,,none,,Mold Figure Gym,2026-09-11
2022 malicious mobile apps,threat_actor,meta,2022 malicious mobile apps,2022-10-03,https://about.fb.com/news/2022/10/protecting-people-from-malicious-account-compromise-apps/,android_package_name,com.mood.camerapluss,,,,,none,,Mood Camera,2026-09-11
2022 malicious mobile apps,threat_actor,meta,2022 malicious mobile apps,2022-10-03,https://about.fb.com/news/2022/10/protecting-people-from-malicious-account-compromise-apps/,android_package_name,com.mosiaguda.astrohoroscope,,,,,none,,Astro Horoscope Guide 2022,2026-09-11
2022 malicious mobile apps,threat_actor,meta,2022 malicious mobile apps,2022-10-03,https://about.fb.com/news/2022/10/protecting-people-from-malicious-account-compromise-apps/,android_package_name,com.mumu.music.mmp,,,,,none,,MuMus Music Player,2026-09-11
2022 malicious mobile apps,threat_actor,meta,2022 malicious mobile apps,2022-10-03,https://about.fb.com/news/2022/10/protecting-people-from-malicious-account-compromise-apps/,android_package_name,com.newsandpic.cityphoto,,,,,none,,Photo PIP 2022,2026-09-11
2022 malicious mobile apps,threat_actor,meta,2022 malicious mobile apps,2022-10-03,https://about.fb.com/news/2022/10/protecting-people-from-malicious-account-compromise-apps/,android_package_name,com.niceimg.editorsa,,,,,none,,Camera PIP,2026-09-11
2022 malicious mobile apps,threat_actor,meta,2022 malicious mobile apps,2022-10-03,https://about.fb.com/news/2022/10/protecting-people-from-malicious-account-compromise-apps/,android_package_name,com.nuclearpower.vpnp,,,,,none,,Nuclear VPN Proxy,2026-09-11
2022 malicious mobile apps,threat_actor,meta,2022 malicious mobile apps,2022-10-03,https://about.fb.com/news/2022/10/protecting-people-from-malicious-account-compromise-apps/,android_package_name,com.okenyo.creatkartoon.studio,,,,,none,,Okenyo Studio Creatoon,2026-09-11
2022 malicious mobile apps,threat_actor,meta,2022 malicious mobile apps,2022-10-03,https://about.fb.com/news/2022/10/protecting-people-from-malicious-account-compromise-apps/,android_package_name,com.oknia.panacamera,,,,,none,,Pana Camera,2026-09-11
2022 malicious mobile apps,threat_actor,meta,2022 malicious mobile apps,2022-10-03,https://about.fb.com/news/2022/10/protecting-people-from-malicious-account-compromise-apps/,android_package_name,com.olfitness.android,,,,,none,,Daily Fitness OL,2026-09-11
2022 malicious mobile apps,threat_actor,meta,2022 malicious mobile apps,2022-10-03,https://about.fb.com/news/2022/10/protecting-people-from-malicious-account-compromise-apps/,android_package_name,com.onlansuyanto.editor.bading,,,,,none,,Onlan Cartoon Editor,2026-09-11
2022 malicious mobile apps,threat_actor,meta,2022 malicious mobile apps,2022-10-03,https://about.fb.com/news/2022/10/protecting-people-from-malicious-account-compromise-apps/,android_package_name,com.oransoda.player.soda,,,,,none,,Soda Music Player,2026-09-11
2022 malicious mobile apps,threat_actor,meta,2022 malicious mobile apps,2022-10-03,https://about.fb.com/news/2022/10/protecting-people-from-malicious-account-compromise-apps/,android_package_name,com.palmistry.ofdestiny,,,,,none,,Palmistry of Destiny,2026-09-11
2022 malicious mobile apps,threat_actor,meta,2022 malicious mobile apps,2022-10-03,https://about.fb.com/news/2022/10/protecting-people-from-malicious-account-compromise-apps/,android_package_name,com.papalai.popularemoji,,,,,none,,Popular Emoji,2026-09-11
2022 malicious mobile apps,threat_actor,meta,2022 malicious mobile apps,2022-10-03,https://about.fb.com/news/2022/10/protecting-people-from-malicious-account-compromise-apps/,android_package_name,com.pedomeste.steppedometer,,,,,none,,Hot Sexy Girls,2026-09-11
2022 malicious mobile apps,threat_actor,meta,2022 malicious mobile apps,2022-10-03,https://about.fb.com/news/2022/10/protecting-people-from-malicious-account-compromise-apps/,android_package_name,com.perfectphoto.lookablum,,,,,none,,Perfect Photo Album,2026-09-11
2022 malicious mobile apps,threat_actor,meta,2022 malicious mobile apps,2022-10-03,https://about.fb.com/news/2022/10/protecting-people-from-malicious-account-compromise-apps/,android_package_name,com.peweephotoon.halfcartoon,,,,,none,,Pewee Photoon - Photo Cartoon,2026-09-11
2022 malicious mobile apps,threat_actor,meta,2022 malicious mobile apps,2022-10-03,https://about.fb.com/news/2022/10/protecting-people-from-malicious-account-compromise-apps/,android_package_name,com.phabanner.cameraig,,,,,none,,Photo PIP,2026-09-11
2022 malicious mobile apps,threat_actor,meta,2022 malicious mobile apps,2022-10-03,https://about.fb.com/news/2022/10/protecting-people-from-malicious-account-compromise-apps/,android_package_name,com.phonepad.sniper,,,,,none,,Critical Strike Ops - FPS 3D shooting Game,2026-09-11
2022 malicious mobile apps,threat_actor,meta,2022 malicious mobile apps,2022-10-03,https://about.fb.com/news/2022/10/protecting-people-from-malicious-account-compromise-apps/,android_package_name,com.phonepad.towerdefense,,,,,none,,Tower Defense Zone - Batmen Rush,2026-09-11
2022 malicious mobile apps,threat_actor,meta,2022 malicious mobile apps,2022-10-03,https://about.fb.com/news/2022/10/protecting-people-from-malicious-account-compromise-apps/,android_package_name,com.photo.adjuster,,,,,none,,Simple Photo Adjuster,2026-09-11
2022 malicious mobile apps,threat_actor,meta,2022 malicious mobile apps,2022-10-03,https://about.fb.com/news/2022/10/protecting-people-from-malicious-account-compromise-apps/,android_package_name,com.photo.blureffect,,,,,none,,Blur Effect Camera,2026-09-11
2022 malicious mobile apps,threat_actor,meta,2022 malicious mobile apps,2022-10-03,https://about.fb.com/news/2022/10/protecting-people-from-malicious-account-compromise-apps/,android_package_name,com.photo.move,,,,,none,,Photo Gaming Puzzle,2026-09-11
2022 malicious mobile apps,threat_actor,meta,2022 malicious mobile apps,2022-10-03,https://about.fb.com/news/2022/10/protecting-people-from-malicious-account-compromise-apps/,android_package_name,com.photo.panoramacamera,,,,,none,,Panorama Camera,2026-09-11
2022 malicious mobile apps,threat_actor,meta,2022 malicious mobile apps,2022-10-03,https://about.fb.com/news/2022/10/protecting-people-from-malicious-account-compromise-apps/,android_package_name,com.photoeditor.pipcamera.photoeffects,,,,,none,,Pip Camera 2022,2026-09-11
2022 malicious mobile apps,threat_actor,meta,2022 malicious mobile apps,2022-10-03,https://about.fb.com/news/2022/10/protecting-people-from-malicious-account-compromise-apps/,android_package_name,com.photoeditor.proy,,,,,none,,Photo editor Pro,2026-09-11
2022 malicious mobile apps,threat_actor,meta,2022 malicious mobile apps,2022-10-03,https://about.fb.com/news/2022/10/protecting-people-from-malicious-account-compromise-apps/,android_package_name,com.photoeditor.sweetsummer,,,,,none,,Sweet Summer Camera App,2026-09-11
2022 malicious mobile apps,threat_actor,meta,2022 malicious mobile apps,2022-10-03,https://about.fb.com/news/2022/10/protecting-people-from-malicious-account-compromise-apps/,android_package_name,com.photoeditoreffect.mojung,,,,,none,,Abrasive Photo Editor,2026-09-11
2022 malicious mobile apps,threat_actor,meta,2022 malicious mobile apps,2022-10-03,https://about.fb.com/news/2022/10/protecting-people-from-malicious-account-compromise-apps/,android_package_name,com.photolupo.pipwall,,,,,none,,Photo Editors,2026-09-11
2022 malicious mobile apps,threat_actor,meta,2022 malicious mobile apps,2022-10-03,https://about.fb.com/news/2022/10/protecting-people-from-malicious-account-compromise-apps/,android_package_name,com.photoplaze.rainbow.color,,,,,none,,Rainbow Photo Plaze,2026-09-11
2022 malicious mobile apps,threat_actor,meta,2022 malicious mobile apps,2022-10-03,https://about.fb.com/news/2022/10/protecting-people-from-malicious-account-compromise-apps/,android_package_name,com.photosticker.camerayou,,,,,none,,Photo Sticker&Camera:make you beauty,2026-09-11
2022 malicious mobile apps,threat_actor,meta,2022 malicious mobile apps,2022-10-03,https://about.fb.com/news/2022/10/protecting-people-from-malicious-account-compromise-apps/,android_package_name,com.piccollage.imageeditors,,,,,none,,Pic collage: photo editor&beauty image,2026-09-11
2022 malicious mobile apps,threat_actor,meta,2022 malicious mobile apps,2022-10-03,https://about.fb.com/news/2022/10/protecting-people-from-malicious-account-compromise-apps/,android_package_name,com.piclibra.apiceditor,,,,,none,,Camera PIP Editor,2026-09-11
2022 malicious mobile apps,threat_actor,meta,2022 malicious mobile apps,2022-10-03,https://about.fb.com/news/2022/10/protecting-people-from-malicious-account-compromise-apps/,android_package_name,com.pip.photo.editor.camera.pipimage.maker,,,,,none,,PIP Pic Camera Photo Editor,2026-09-11
2022 malicious mobile apps,threat_actor,meta,2022 malicious mobile apps,2022-10-03,https://about.fb.com/news/2022/10/protecting-people-from-malicious-account-compromise-apps/,android_package_name,com.piphoto.pipsapp,,,,,none,,PIP Photo,2026-09-11
2022 malicious mobile apps,threat_actor,meta,2022 malicious mobile apps,2022-10-03,https://about.fb.com/news/2022/10/protecting-people-from-malicious-account-compromise-apps/,android_package_name,com.pipnames.gocamera,,,,,none,,PIP Editor Collage,2026-09-11
2022 malicious mobile apps,threat_actor,meta,2022 malicious mobile apps,2022-10-03,https://about.fb.com/news/2022/10/protecting-people-from-malicious-account-compromise-apps/,android_package_name,com.Pixa.PhotoEditor.PicsArt.CollageMaker.Lightroom.PhotoLab.PixelLab.Pixlr,,,,,none,,Pixa: Photo Editor & Collage Maker,2026-09-11
2022 malicious mobile apps,threat_actor,meta,2022 malicious mobile apps,2022-10-03,https://about.fb.com/news/2022/10/protecting-people-from-malicious-account-compromise-apps/,android_package_name,com.playapp.arteffect.app,,,,,none,,ToonArt,2026-09-11
2022 malicious mobile apps,threat_actor,meta,2022 malicious mobile apps,2022-10-03,https://about.fb.com/news/2022/10/protecting-people-from-malicious-account-compromise-apps/,android_package_name,com.playrix.manormatter,,,,,none,,Treasures of the Pharaoh,2026-09-11
2022 malicious mobile apps,threat_actor,meta,2022 malicious mobile apps,2022-10-03,https://about.fb.com/news/2022/10/protecting-people-from-malicious-account-compromise-apps/,android_package_name,com.plugiedit.editandimg,,,,,none,,PIP Pic Camera Photo Editor,2026-09-11
2022 malicious mobile apps,threat_actor,meta,2022 malicious mobile apps,2022-10-03,https://about.fb.com/news/2022/10/protecting-people-from-malicious-account-compromise-apps/,android_package_name,com.postergrid.resdecypic,,,,,none,,Photo Collage Maker Pic,2026-09-11
2022 malicious mobile apps,threat_actor,meta,2022 malicious mobile apps,2022-10-03,https://about.fb.com/news/2022/10/protecting-people-from-malicious-account-compromise-apps/,android_package_name,com.pped.topcam,,,,,none,,Perfect Photo Editor,2026-09-11
2022 malicious mobile apps,threat_actor,meta,2022 malicious mobile apps,2022-10-03,https://about.fb.com/news/2022/10/protecting-people-from-malicious-account-compromise-apps/,android_package_name,com.prettysmart.easyuse.powerlock,,,,,none,,Smart AppLock,2026-09-11
2022 malicious mobile apps,threat_actor,meta,2022 malicious mobile apps,2022-10-03,https://about.fb.com/news/2022/10/protecting-people-from-malicious-account-compromise-apps/,android_package_name,com.privacyapp.applocker.coolock,,,,,none,,Cool Lock,2026-09-11
2022 malicious mobile apps,threat_actor,meta,2022 malicious mobile apps,2022-10-03,https://about.fb.com/news/2022/10/protecting-people-from-malicious-account-compromise-apps/,android_package_name,com.pulse.leftstrong.app,,,,,none,,Pulse Music Player,2026-09-11
2022 malicious mobile apps,threat_actor,meta,2022 malicious mobile apps,2022-10-03,https://about.fb.com/news/2022/10/protecting-people-from-malicious-account-compromise-apps/,android_package_name,com.pumpkinvpn.proxysafen,,,,,none,,Pumpkin VPN,2026-09-11
2022 malicious mobile apps,threat_actor,meta,2022 malicious mobile apps,2022-10-03,https://about.fb.com/news/2022/10/protecting-people-from-malicious-account-compromise-apps/,android_package_name,com.punk.data.transmission,,,,,none,,Punk Vpn,2026-09-11
2022 malicious mobile apps,threat_actor,meta,2022 malicious mobile apps,2022-10-03,https://about.fb.com/news/2022/10/protecting-people-from-malicious-account-compromise-apps/,android_package_name,com.purevpn.secure.intenetproxy,,,,,none,,Pure-VPN:Fast Stable Secure internet Proxy,2026-09-11
2022 malicious mobile apps,threat_actor,meta,2022 malicious mobile apps,2022-10-03,https://about.fb.com/news/2022/10/protecting-people-from-malicious-account-compromise-apps/,android_package_name,com.quality.famous.deep,,,,,none,,Deep Art Effects,2026-09-11
2022 malicious mobile apps,threat_actor,meta,2022 malicious mobile apps,2022-10-03,https://about.fb.com/news/2022/10/protecting-people-from-malicious-account-compromise-apps/,android_package_name,com.realdrive.dreamgame,,,,,none,,Real Driving,2026-09-11
2022 malicious mobile apps,threat_actor,meta,2022 malicious mobile apps,2022-10-03,https://about.fb.com/news/2022/10/protecting-people-from-malicious-account-compromise-apps/,android_package_name,com.rebekkadreyer.facecartooneffect.photoeditor,,,,,none,,Papatoon Face Art Editor,2026-09-11
2022 malicious mobile apps,threat_actor,meta,2022 malicious mobile apps,2022-10-03,https://about.fb.com/news/2022/10/protecting-people-from-malicious-account-compromise-apps/,android_package_name,com.renanespic.addpici,,,,,none,,Camera Photo Editor,2026-09-11
2022 malicious mobile apps,threat_actor,meta,2022 malicious mobile apps,2022-10-03,https://about.fb.com/news/2022/10/protecting-people-from-malicious-account-compromise-apps/,android_package_name,com.retmagic.piplike,,,,,none,,PIP Magic 2022,2026-09-11
2022 malicious mobile apps,threat_actor,meta,2022 malicious mobile apps,2022-10-03,https://about.fb.com/news/2022/10/protecting-people-from-malicious-account-compromise-apps/,android_package_name,com.rextate.photovideomaker,,,,,none,,Photo Video Creator with Music,2026-09-11
2022 malicious mobile apps,threat_actor,meta,2022 malicious mobile apps,2022-10-03,https://about.fb.com/news/2022/10/protecting-people-from-malicious-account-compromise-apps/,android_package_name,com.ring.alarm.tone.flash,,,,,none,,Pop Ringtone,2026-09-11
2022 malicious mobile apps,threat_actor,meta,2022 malicious mobile apps,2022-10-03,https://about.fb.com/news/2022/10/protecting-people-from-malicious-account-compromise-apps/,android_package_name,com.rismas.tdaycam,,,,,none,,Christmas Sticker Camera App,2026-09-11
2022 malicious mobile apps,threat_actor,meta,2022 malicious mobile apps,2022-10-03,https://about.fb.com/news/2022/10/protecting-people-from-malicious-account-compromise-apps/,android_package_name,com.rnapp.fmfm,,,,,none,,Ads Manager for Meta,2026-09-11
2022 malicious mobile apps,threat_actor,meta,2022 malicious mobile apps,2022-10-03,https://about.fb.com/news/2022/10/protecting-people-from-malicious-account-compromise-apps/,android_package_name,com.roc.ketcon,,,,,none,,Rocket Connect,2026-09-11
2022 malicious mobile apps,threat_actor,meta,2022 malicious mobile apps,2022-10-03,https://about.fb.com/news/2022/10/protecting-people-from-malicious-account-compromise-apps/,android_package_name,com.rushcar.hypergame,,,,,none,,Rush Car 3D,2026-09-11
2022 malicious mobile apps,threat_actor,meta,2022 malicious mobile apps,2022-10-03,https://about.fb.com/news/2022/10/protecting-people-from-malicious-account-compromise-apps/,android_package_name,com.rushhour.hyperovertake,,,,,none,,Rush Hour 3D - Heavy Traffic,2026-09-11
2022 malicious mobile apps,threat_actor,meta,2022 malicious mobile apps,2022-10-03,https://about.fb.com/news/2022/10/protecting-people-from-malicious-account-compromise-apps/,android_package_name,com.rynama.videoeditor,,,,,none,,Video Editor,2026-09-11
2022 malicious mobile apps,threat_actor,meta,2022 malicious mobile apps,2022-10-03,https://about.fb.com/news/2022/10/protecting-people-from-malicious-account-compromise-apps/,android_package_name,com.safe.fast.connect,,,,,none,,Safe Link,2026-09-11
2022 malicious mobile apps,threat_actor,meta,2022 malicious mobile apps,2022-10-03,https://about.fb.com/news/2022/10/protecting-people-from-malicious-account-compromise-apps/,android_package_name,com.saprontsevgertrud.cartoonillustrator,,,,,none,,Cartoon Illustrator,2026-09-11
2022 malicious mobile apps,threat_actor,meta,2022 malicious mobile apps,2022-10-03,https://about.fb.com/news/2022/10/protecting-people-from-malicious-account-compromise-apps/,android_package_name,com.satan.gifpipo,,,,,none,,PIPO GIF,2026-09-11
2022 malicious mobile apps,threat_actor,meta,2022 malicious mobile apps,2022-10-03,https://about.fb.com/news/2022/10/protecting-people-from-malicious-account-compromise-apps/,android_package_name,com.secsurf.fastvpn,,,,,none,,Surf Vpn,2026-09-11
2022 malicious mobile apps,threat_actor,meta,2022 malicious mobile apps,2022-10-03,https://about.fb.com/news/2022/10/protecting-people-from-malicious-account-compromise-apps/,android_package_name,com.seelad.mucxx.apo,,,,,none,,Sealand Music Player,2026-09-11
2022 malicious mobile apps,threat_actor,meta,2022 malicious mobile apps,2022-10-03,https://about.fb.com/news/2022/10/protecting-people-from-malicious-account-compromise-apps/,android_package_name,com.sensitivity.swarmphoto,,,,,none,,Swarm Photo,2026-09-11
2022 malicious mobile apps,threat_actor,meta,2022 malicious mobile apps,2022-10-03,https://about.fb.com/news/2022/10/protecting-people-from-malicious-account-compromise-apps/,android_package_name,com.servotronicstech.perfectprocam,,,,,none,,Perfect ProCam,2026-09-11
2022 malicious mobile apps,threat_actor,meta,2022 malicious mobile apps,2022-10-03,https://about.fb.com/news/2022/10/protecting-people-from-malicious-account-compromise-apps/,android_package_name,com.sheilacoleman.fissioneffectdoeditor,,,,,none,,Fission Effectdo Pic Editor,2026-09-11
2022 malicious mobile apps,threat_actor,meta,2022 malicious mobile apps,2022-10-03,https://about.fb.com/news/2022/10/protecting-people-from-malicious-account-compromise-apps/,android_package_name,com.shinestar.camerax,,,,,none,,ShineStar Camera,2026-09-11
2022 malicious mobile apps,threat_actor,meta,2022 malicious mobile apps,2022-10-03,https://about.fb.com/news/2022/10/protecting-people-from-malicious-account-compromise-apps/,android_package_name,com.shirleypope.lightexposureedit,,,,,none,,Light Exposure Photo Editor,2026-09-11
2022 malicious mobile apps,threat_actor,meta,2022 malicious mobile apps,2022-10-03,https://about.fb.com/news/2022/10/protecting-people-from-malicious-account-compromise-apps/,android_package_name,com.sketchmaster.camplus,,,,,none,,Cartoon Cam Pro,2026-09-11
2022 malicious mobile apps,threat_actor,meta,2022 malicious mobile apps,2022-10-03,https://about.fb.com/news/2022/10/protecting-people-from-malicious-account-compromise-apps/,android_package_name,com.slftz.xlzg,,,,,none,,High HD Wallpapers 4K,2026-09-11
2022 malicious mobile apps,threat_actor,meta,2022 malicious mobile apps,2022-10-03,https://about.fb.com/news/2022/10/protecting-people-from-malicious-account-compromise-apps/,android_package_name,com.slidingpuzzle.slidepuzzle,,,,,none,,Amazing Photo Puzzle,2026-09-11
2022 malicious mobile apps,threat_actor,meta,2022 malicious mobile apps,2022-10-03,https://about.fb.com/news/2022/10/protecting-people-from-malicious-account-compromise-apps/,android_package_name,com.sms.mms.message.ffei.free,,,,,none,,Smart SMS Messages,2026-09-11
2022 malicious mobile apps,threat_actor,meta,2022 malicious mobile apps,2022-10-03,https://about.fb.com/news/2022/10/protecting-people-from-malicious-account-compromise-apps/,android_package_name,com.snapcamera.beautyys,,,,,none,,Snap Beauty Camera,2026-09-11
2022 malicious mobile apps,threat_actor,meta,2022 malicious mobile apps,2022-10-03,https://about.fb.com/news/2022/10/protecting-people-from-malicious-account-compromise-apps/,android_package_name,com.snapeditor.proproxy,,,,,none,,Snap Editor Pro,2026-09-11
2022 malicious mobile apps,threat_actor,meta,2022 malicious mobile apps,2022-10-03,https://about.fb.com/news/2022/10/protecting-people-from-malicious-account-compromise-apps/,android_package_name,com.snapface.sticker.camera,,,,,none,,Snap Face Camera,2026-09-11
2022 malicious mobile apps,threat_actor,meta,2022 malicious mobile apps,2022-10-03,https://about.fb.com/news/2022/10/protecting-people-from-malicious-account-compromise-apps/,android_package_name,com.snapsandwich.camera,,,,,none,,Sandwich SnapBeauty Cam,2026-09-11
2022 malicious mobile apps,threat_actor,meta,2022 malicious mobile apps,2022-10-03,https://about.fb.com/news/2022/10/protecting-people-from-malicious-account-compromise-apps/,android_package_name,com.sofapro.editortoon,,,,,none,,Sofa Cartoon - Pro Editor,2026-09-11
2022 malicious mobile apps,threat_actor,meta,2022 malicious mobile apps,2022-10-03,https://about.fb.com/news/2022/10/protecting-people-from-malicious-account-compromise-apps/,android_package_name,com.solupho.imdetail,,,,,none,,PIP 2022,2026-09-11
2022 malicious mobile apps,threat_actor,meta,2022 malicious mobile apps,2022-10-03,https://about.fb.com/news/2022/10/protecting-people-from-malicious-account-compromise-apps/,android_package_name,com.spedgame.dsrg,,,,,none,,Drift Speed Racing Game,2026-09-11
2022 malicious mobile apps,threat_actor,meta,2022 malicious mobile apps,2022-10-03,https://about.fb.com/news/2022/10/protecting-people-from-malicious-account-compromise-apps/,android_package_name,com.speed.booster.phonefree,,,,,none,,Speed Booster,2026-09-11
2022 malicious mobile apps,threat_actor,meta,2022 malicious mobile apps,2022-10-03,https://about.fb.com/news/2022/10/protecting-people-from-malicious-account-compromise-apps/,android_package_name,com.splicteout.photocolleger,,,,,none,,SplitScreen PIP,2026-09-11
2022 malicious mobile apps,threat_actor,meta,2022 malicious mobile apps,2022-10-03,https://about.fb.com/news/2022/10/protecting-people-from-malicious-account-compromise-apps/,android_package_name,com.sqlengphoto.photoeditorpicmix,,,,,none,,PicMix Photo Editor,2026-09-11
2022 malicious mobile apps,threat_actor,meta,2022 malicious mobile apps,2022-10-03,https://about.fb.com/news/2022/10/protecting-people-from-malicious-account-compromise-apps/,android_package_name,com.star.line.link,,,,,none,,Star Line,2026-09-11
2022 malicious mobile apps,threat_actor,meta,2022 malicious mobile apps,2022-10-03,https://about.fb.com/news/2022/10/protecting-people-from-malicious-account-compromise-apps/,android_package_name,com.stillcut.spiraeffect,,,,,none,,PIP PHOTO,2026-09-11
2022 malicious mobile apps,threat_actor,meta,2022 malicious mobile apps,2022-10-03,https://about.fb.com/news/2022/10/protecting-people-from-malicious-account-compromise-apps/,android_package_name,com.su.per.video,,,,,none,,Pvideo,2026-09-11
2022 malicious mobile apps,threat_actor,meta,2022 malicious mobile apps,2022-10-03,https://about.fb.com/news/2022/10/protecting-people-from-malicious-account-compromise-apps/,android_package_name,com.superior.speed.data,,,,,none,,Superior Speed,2026-09-11
2022 malicious mobile apps,threat_actor,meta,2022 malicious mobile apps,2022-10-03,https://about.fb.com/news/2022/10/protecting-people-from-malicious-account-compromise-apps/,android_package_name,com.surfvpn.proxyfast,,,,,none,,SurfVPN - Fast VPN Proxy,2026-09-11
2022 malicious mobile apps,threat_actor,meta,2022 malicious mobile apps,2022-10-03,https://about.fb.com/news/2022/10/protecting-people-from-malicious-account-compromise-apps/,android_package_name,com.svpnproxy.free,,,,,none,,S-VPN Proxy,2026-09-11
2022 malicious mobile apps,threat_actor,meta,2022 malicious mobile apps,2022-10-03,https://about.fb.com/news/2022/10/protecting-people-from-malicious-account-compromise-apps/,android_package_name,com.svpnproxy.safeclient,,,,,none,,S VPN - Fast & Safe VPN Client,2026-09-11
2022 malicious mobile apps,threat_actor,meta,2022 malicious mobile apps,2022-10-03,https://about.fb.com/news/2022/10/protecting-people-from-malicious-account-compromise-apps/,android_package_name,com.sweet.lightlycamera,,,,,none,,Lightly Camera,2026-09-11
2022 malicious mobile apps,threat_actor,meta,2022 malicious mobile apps,2022-10-03,https://about.fb.com/news/2022/10/protecting-people-from-malicious-account-compromise-apps/,android_package_name,com.sweetcamera.filterface,,,,,none,,Sweet Beauty Plus Camera,2026-09-11
2022 malicious mobile apps,threat_actor,meta,2022 malicious mobile apps,2022-10-03,https://about.fb.com/news/2022/10/protecting-people-from-malicious-account-compromise-apps/,android_package_name,com.sweetsnap.camera.sticker,,,,,none,,Beauty Sweet Camera,2026-09-11
2022 malicious mobile apps,threat_actor,meta,2022 malicious mobile apps,2022-10-03,https://about.fb.com/news/2022/10/protecting-people-from-malicious-account-compromise-apps/,android_package_name,com.tbn.fasts,,,,,none,,Speedy Turbo,2026-09-11
2022 malicious mobile apps,threat_actor,meta,2022 malicious mobile apps,2022-10-03,https://about.fb.com/news/2022/10/protecting-people-from-malicious-account-compromise-apps/,android_package_name,com.techno.photoposterframe,,,,,none,,Fantastic camera,2026-09-11
2022 malicious mobile apps,threat_actor,meta,2022 malicious mobile apps,2022-10-03,https://about.fb.com/news/2022/10/protecting-people-from-malicious-account-compromise-apps/,android_package_name,com.tentwheel.flyingphoto,,,,,none,,Flying Photo,2026-09-11
2022 malicious mobile apps,threat_actor,meta,2022 malicious mobile apps,2022-10-03,https://about.fb.com/news/2022/10/protecting-people-from-malicious-account-compromise-apps/,android_package_name,com.theme.cartoon.board.key,,,,,none,,Cartoon Keyboard Theme,2026-09-11
2022 malicious mobile apps,threat_actor,meta,2022 malicious mobile apps,2022-10-03,https://about.fb.com/news/2022/10/protecting-people-from-malicious-account-compromise-apps/,android_package_name,com.threetranslator.wonderas,,,,,none,,Translation Assistant,2026-09-11
2022 malicious mobile apps,threat_actor,meta,2022 malicious mobile apps,2022-10-03,https://about.fb.com/news/2022/10/protecting-people-from-malicious-account-compromise-apps/,android_package_name,com.torrent.fast.exchange,,,,,none,,Torrent,2026-09-11
2022 malicious mobile apps,threat_actor,meta,2022 malicious mobile apps,2022-10-03,https://about.fb.com/news/2022/10/protecting-people-from-malicious-account-compromise-apps/,android_package_name,com.touchvpn.free.proxy,,,,,none,,Torch VPN Proxy,2026-09-11
2022 malicious mobile apps,threat_actor,meta,2022 malicious mobile apps,2022-10-03,https://about.fb.com/news/2022/10/protecting-people-from-malicious-account-compromise-apps/,android_package_name,com.touchvpn.proxymaster,,,,,none,,Touch VPN Master,2026-09-11
2022 malicious mobile apps,threat_actor,meta,2022 malicious mobile apps,2022-10-03,https://about.fb.com/news/2022/10/protecting-people-from-malicious-account-compromise-apps/,android_package_name,com.traffictour.freegame,,,,,none,,Traffic Tour 3D,2026-09-11
2022 malicious mobile apps,threat_actor,meta,2022 malicious mobile apps,2022-10-03,https://about.fb.com/news/2022/10/protecting-people-from-malicious-account-compromise-apps/,android_package_name,com.trixgardner.photazophotoeffect,,,,,none,,Photazo - PIP & Cartoon Effect,2026-09-11
2022 malicious mobile apps,threat_actor,meta,2022 malicious mobile apps,2022-10-03,https://about.fb.com/news/2022/10/protecting-people-from-malicious-account-compromise-apps/,android_package_name,com.truing.motopoolparty,,,,,none,,MotoM3X-PoolParty,2026-09-11
2022 malicious mobile apps,threat_actor,meta,2022 malicious mobile apps,2022-10-03,https://about.fb.com/news/2022/10/protecting-people-from-malicious-account-compromise-apps/,android_package_name,com.tuber.vpnproxy.internet,,,,,none,,Tuber VPN Proxy,2026-09-11
2022 malicious mobile apps,threat_actor,meta,2022 malicious mobile apps,2022-10-03,https://about.fb.com/news/2022/10/protecting-people-from-malicious-account-compromise-apps/,android_package_name,com.tubevpn.master.free,,,,,none,,Tubo VPN Master,2026-09-11
2022 malicious mobile apps,threat_actor,meta,2022 malicious mobile apps,2022-10-03,https://about.fb.com/news/2022/10/protecting-people-from-malicious-account-compromise-apps/,android_package_name,com.turbo.data.transmission,,,,,none,,Secure Turbo,2026-09-11
2022 malicious mobile apps,threat_actor,meta,2022 malicious mobile apps,2022-10-03,https://about.fb.com/news/2022/10/protecting-people-from-malicious-account-compromise-apps/,android_package_name,com.ubo.tnspeed,,,,,none,,Turbo Net,2026-09-11
2022 malicious mobile apps,threat_actor,meta,2022 malicious mobile apps,2022-10-03,https://about.fb.com/news/2022/10/protecting-people-from-malicious-account-compromise-apps/,android_package_name,com.unlimited.net.request,,,,,none,,Unlimited Net,2026-09-11
2022 malicious mobile apps,threat_actor,meta,2022 malicious mobile apps,2022-10-03,https://about.fb.com/news/2022/10/protecting-people-from-malicious-account-compromise-apps/,android_package_name,com.v2.fast.free.rocketvpn,,,,,none,,VPN Lite - Fast & Easy use VPN,2026-09-11
2022 malicious mobile apps,threat_actor,meta,2022 malicious mobile apps,2022-10-03,https://about.fb.com/news/2022/10/protecting-people-from-malicious-account-compromise-apps/,android_package_name,com.vendertext.onphoto,,,,,none,,Vender Add Text on Photo,2026-09-11
2022 malicious mobile apps,threat_actor,meta,2022 malicious mobile apps,2022-10-03,https://about.fb.com/news/2022/10/protecting-people-from-malicious-account-compromise-apps/,android_package_name,com.Videoeditortfs.pro,,,,,none,,Video Editor 2021,2026-09-11
2022 malicious mobile apps,threat_actor,meta,2022 malicious mobile apps,2022-10-03,https://about.fb.com/news/2022/10/protecting-people-from-malicious-account-compromise-apps/,android_package_name,com.virgovpn.proxyy,,,,,none,,Virgo VPN,2026-09-11
2022 malicious mobile apps,threat_actor,meta,2022 malicious mobile apps,2022-10-03,https://about.fb.com/news/2022/10/protecting-people-from-malicious-account-compromise-apps/,android_package_name,com.vivavpnbooster.free,,,,,none,,Viva VPN Booster,2026-09-11
2022 malicious mobile apps,threat_actor,meta,2022 malicious mobile apps,2022-10-03,https://about.fb.com/news/2022/10/protecting-people-from-malicious-account-compromise-apps/,android_package_name,com.vivid.coltor,,,,,none,,Vivid Cooleditor,2026-09-11
2022 malicious mobile apps,threat_actor,meta,2022 malicious mobile apps,2022-10-03,https://about.fb.com/news/2022/10/protecting-people-from-malicious-account-compromise-apps/,android_package_name,com.voicechanger.soundseffect,,,,,none,,Voice Changer,2026-09-11
2022 malicious mobile apps,threat_actor,meta,2022 malicious mobile apps,2022-10-03,https://about.fb.com/news/2022/10/protecting-people-from-malicious-account-compromise-apps/,android_package_name,com.vpn.proxy.unlimited,,,,,none,,Private VPN HD,2026-09-11
2022 malicious mobile apps,threat_actor,meta,2022 malicious mobile apps,2022-10-03,https://about.fb.com/news/2022/10/protecting-people-from-malicious-account-compromise-apps/,android_package_name,com.wallpaper4k.tools,,,,,none,,4K Wallpaper,2026-09-11
2022 malicious mobile apps,threat_actor,meta,2022 malicious mobile apps,2022-10-03,https://about.fb.com/news/2022/10/protecting-people-from-malicious-account-compromise-apps/,android_package_name,com.wanstep.likekeepstep,,,,,none,,Keep Step,2026-09-11
2022 malicious mobile apps,threat_actor,meta,2022 malicious mobile apps,2022-10-03,https://about.fb.com/news/2022/10/protecting-people-from-malicious-account-compromise-apps/,android_package_name,com.waxwell.saunders.pistaphotoeditor,,,,,none,,Pista - Cartoon Photo Effect,2026-09-11
2022 malicious mobile apps,threat_actor,meta,2022 malicious mobile apps,2022-10-03,https://about.fb.com/news/2022/10/protecting-people-from-malicious-account-compromise-apps/,android_package_name,com.waynecraig.magicalastrology,,,,,none,,Magical Daily Astrology Reader,2026-09-11
2022 malicious mobile apps,threat_actor,meta,2022 malicious mobile apps,2022-10-03,https://about.fb.com/news/2022/10/protecting-people-from-malicious-account-compromise-apps/,android_package_name,com.whddhd.brilliantphoto,,,,,none,,Brilliant Photo,2026-09-11
2022 malicious mobile apps,threat_actor,meta,2022 malicious mobile apps,2022-10-03,https://about.fb.com/news/2022/10/protecting-people-from-malicious-account-compromise-apps/,android_package_name,com.whddhd.fancyphoto,,,,,none,,FancyPhoto,2026-09-11
2022 malicious mobile apps,threat_actor,meta,2022 malicious mobile apps,2022-10-03,https://about.fb.com/news/2022/10/protecting-people-from-malicious-account-compromise-apps/,android_package_name,com.whddhd.pixeditor,,,,,none,,PixEditor,2026-09-11
2022 malicious mobile apps,threat_actor,meta,2022 malicious mobile apps,2022-10-03,https://about.fb.com/news/2022/10/protecting-people-from-malicious-account-compromise-apps/,android_package_name,com.willowpena.fiestraphotoeditor,,,,,none,,Piestra - Comic & Blend Effect,2026-09-11
2022 malicious mobile apps,threat_actor,meta,2022 malicious mobile apps,2022-10-03,https://about.fb.com/news/2022/10/protecting-people-from-malicious-account-compromise-apps/,android_package_name,com.wilmaarnold.kutsalsaglik,,,,,none,,Smart PDF Reader and Editor,2026-09-11
2022 malicious mobile apps,threat_actor,meta,2022 malicious mobile apps,2022-10-03,https://about.fb.com/news/2022/10/protecting-people-from-malicious-account-compromise-apps/,android_package_name,com.woman.sport.Female.fitness.net,,,,,none,,Female Fitness,2026-09-11
2022 malicious mobile apps,threat_actor,meta,2022 malicious mobile apps,2022-10-03,https://about.fb.com/news/2022/10/protecting-people-from-malicious-account-compromise-apps/,android_package_name,com.workout.play.goal.fitness,,,,,none,,Workout Pro,2026-09-11
2022 malicious mobile apps,threat_actor,meta,2022 malicious mobile apps,2022-10-03,https://about.fb.com/news/2022/10/protecting-people-from-malicious-account-compromise-apps/,android_package_name,com.wwxd.toolkit,,,,,none,,Toolkit,2026-09-11
2022 malicious mobile apps,threat_actor,meta,2022 malicious mobile apps,2022-10-03,https://about.fb.com/news/2022/10/protecting-people-from-malicious-account-compromise-apps/,android_package_name,com.xcar.highwayrace.ds,,,,,none,,Xcar Highway Race,2026-09-11
2022 malicious mobile apps,threat_actor,meta,2022 malicious mobile apps,2022-10-03,https://about.fb.com/news/2022/10/protecting-people-from-malicious-account-compromise-apps/,android_package_name,com.xevaphoto.cartoonion,,,,,none,,Xeva Photo Cartoon,2026-09-11
2022 malicious mobile apps,threat_actor,meta,2022 malicious mobile apps,2022-10-03,https://about.fb.com/news/2022/10/protecting-people-from-malicious-account-compromise-apps/,android_package_name,com.xingx.gifimage,,,,,none,,GIFs-Search Animated GIF & Stickers,2026-09-11
2022 malicious mobile apps,threat_actor,meta,2022 malicious mobile apps,2022-10-03,https://about.fb.com/news/2022/10/protecting-people-from-malicious-account-compromise-apps/,android_package_name,com.xinx.apls,,,,,none,,2021 MagicCamPlus,2026-09-11
2022 malicious mobile apps,threat_actor,meta,2022 malicious mobile apps,2022-10-03,https://about.fb.com/news/2022/10/protecting-people-from-malicious-account-compromise-apps/,android_package_name,com.xinxin.anjoyartphoto,,,,,none,,Enjoy Art Photo,2026-09-11
2022 malicious mobile apps,threat_actor,meta,2022 malicious mobile apps,2022-10-03,https://about.fb.com/news/2022/10/protecting-people-from-malicious-account-compromise-apps/,android_package_name,com.xonasounds.relaxing,,,,,none,,Xona Relaxing Sounds,2026-09-11
2022 malicious mobile apps,threat_actor,meta,2022 malicious mobile apps,2022-10-03,https://about.fb.com/news/2022/10/protecting-people-from-malicious-account-compromise-apps/,android_package_name,com.xooil.elzup,,,,,none,,MAGIC PHOTO PUZZLE,2026-09-11
2022 malicious mobile apps,threat_actor,meta,2022 malicious mobile apps,2022-10-03,https://about.fb.com/news/2022/10/protecting-people-from-malicious-account-compromise-apps/,android_package_name,com.young.photoeditor.cartooneditorapp,,,,,none,,Cartoon Effects Photo Editor,2026-09-11
2022 malicious mobile apps,threat_actor,meta,2022 malicious mobile apps,2022-10-03,https://about.fb.com/news/2022/10/protecting-people-from-malicious-account-compromise-apps/,android_package_name,com.yunlinan.photoeditorwall,,,,,none,,Photo Editor Wall,2026-09-11
2022 malicious mobile apps,threat_actor,meta,2022 malicious mobile apps,2022-10-03,https://about.fb.com/news/2022/10/protecting-people-from-malicious-account-compromise-apps/,android_package_name,com.yvpnproxy.freemaster,,,,,none,,Y VPN Master,2026-09-11
2022 malicious mobile apps,threat_actor,meta,2022 malicious mobile apps,2022-10-03,https://about.fb.com/news/2022/10/protecting-people-from-malicious-account-compromise-apps/,android_package_name,com.zoomate.vpn.proxy.free,,,,,none,,ZooMate VPN Proxy,2026-09-11
2022 malicious mobile apps,threat_actor,meta,2022 malicious mobile apps,2022-10-03,https://about.fb.com/news/2022/10/protecting-people-from-malicious-account-compromise-apps/,android_package_name,crash.vila.touch.game,,,,,none,,Vilatouch crash game,2026-09-11
2022 malicious mobile apps,threat_actor,meta,2022 malicious mobile apps,2022-10-03,https://about.fb.com/news/2022/10/protecting-people-from-malicious-account-compromise-apps/,android_package_name,crash.vltcar.fungame.app,,,,,none,,Vilatouch crash car,2026-09-11
2022 malicious mobile apps,threat_actor,meta,2022 malicious mobile apps,2022-10-03,https://about.fb.com/news/2022/10/protecting-people-from-malicious-account-compromise-apps/,android_package_name,fpsgame.olshooter.threed.app,,,,,none,,Online Shooter FPS,2026-09-11
2022 malicious mobile apps,threat_actor,meta,2022 malicious mobile apps,2022-10-03,https://about.fb.com/news/2022/10/protecting-people-from-malicious-account-compromise-apps/,android_package_name,free.music.download.search.mp3.song.online.player,,,,,none,,Free Music Downloader & Music Player,2026-09-11
2022 malicious mobile apps,threat_actor,meta,2022 malicious mobile apps,2022-10-03,https://about.fb.com/news/2022/10/protecting-people-from-malicious-account-compromise-apps/,android_package_name,ftp.bomcarcing.crashcars,,,,,none,,Crash Racing Game,2026-09-11
2022 malicious mobile apps,threat_actor,meta,2022 malicious mobile apps,2022-10-03,https://about.fb.com/news/2022/10/protecting-people-from-malicious-account-compromise-apps/,android_package_name,ftp.camfilter.lovebeauty,,,,,none,,Beauty Camera Filter,2026-09-11
2022 malicious mobile apps,threat_actor,meta,2022 malicious mobile apps,2022-10-03,https://about.fb.com/news/2022/10/protecting-people-from-malicious-account-compromise-apps/,android_package_name,ftp.firattck.fpsgame,,,,,none,,Action Flame FPS,2026-09-11
2022 malicious mobile apps,threat_actor,meta,2022 malicious mobile apps,2022-10-03,https://about.fb.com/news/2022/10/protecting-people-from-malicious-account-compromise-apps/,android_package_name,ftp.piaoyi.racegames,,,,,none,,Drift Sprint Racing Game,2026-09-11
2022 malicious mobile apps,threat_actor,meta,2022 malicious mobile apps,2022-10-03,https://about.fb.com/news/2022/10/protecting-people-from-malicious-account-compromise-apps/,android_package_name,ftp.raceranger.gamepp,,,,,none,,CityRanger Racing Game,2026-09-11
2022 malicious mobile apps,threat_actor,meta,2022 malicious mobile apps,2022-10-03,https://about.fb.com/news/2022/10/protecting-people-from-malicious-account-compromise-apps/,android_package_name,funcam.fredonm.app,,,,,none,,Thefun Camera,2026-09-11
2022 malicious mobile apps,threat_actor,meta,2022 malicious mobile apps,2022-10-03,https://about.fb.com/news/2022/10/protecting-people-from-malicious-account-compromise-apps/,android_package_name,game.deserthuting.app,,,,,none,,Desert Hunting Game,2026-09-11
2022 malicious mobile apps,threat_actor,meta,2022 malicious mobile apps,2022-10-03,https://about.fb.com/news/2022/10/protecting-people-from-malicious-account-compromise-apps/,android_package_name,game.trytospin.nipsotyrtll,,,,,none,,Try to spin,2026-09-11
2022 malicious mobile apps,threat_actor,meta,2022 malicious mobile apps,2022-10-03,https://about.fb.com/news/2022/10/protecting-people-from-malicious-account-compromise-apps/,android_package_name,lunarzodiacg.besthoro,,,,,none,,Lunar Zodiac Horoscope,2026-09-11
2022 malicious mobile apps,threat_actor,meta,2022 malicious mobile apps,2022-10-03,https://about.fb.com/news/2022/10/protecting-people-from-malicious-account-compromise-apps/,android_package_name,media.callshow.vc.flash,,,,,none,,Callshow Flash,2026-09-11
2022 malicious mobile apps,threat_actor,meta,2022 malicious mobile apps,2022-10-03,https://about.fb.com/news/2022/10/protecting-people-from-malicious-account-compromise-apps/,android_package_name,media.grape.sdhnt.player,,,,,none,,Grape Media Player,2026-09-11
2022 malicious mobile apps,threat_actor,meta,2022 malicious mobile apps,2022-10-03,https://about.fb.com/news/2022/10/protecting-people-from-malicious-account-compromise-apps/,android_package_name,media.tean.music.appx,,,,,none,,Tean Music Player,2026-09-11
2022 malicious mobile apps,threat_actor,meta,2022 malicious mobile apps,2022-10-03,https://about.fb.com/news/2022/10/protecting-people-from-malicious-account-compromise-apps/,android_package_name,muscle.loseweight.fitness.fatburning.exercise,,,,,none,,Male Fitness 2020,2026-09-11
2022 malicious mobile apps,threat_actor,meta,2022 malicious mobile apps,2022-10-03,https://about.fb.com/news/2022/10/protecting-people-from-malicious-account-compromise-apps/,android_package_name,net.coolware.smart.camera.ultra,,,,,none,,2022 Ultra Camera,2026-09-11
2022 malicious mobile apps,threat_actor,meta,2022 malicious mobile apps,2022-10-03,https://about.fb.com/news/2022/10/protecting-people-from-malicious-account-compromise-apps/,android_package_name,net.fpsol.shooters,,,,,none,,Code Name-Vulture FPS OL,2026-09-11
2022 malicious mobile apps,threat_actor,meta,2022 malicious mobile apps,2022-10-03,https://about.fb.com/news/2022/10/protecting-people-from-malicious-account-compromise-apps/,android_package_name,net.kanvpn.fastspeed,,,,,none,,Kangaroo Fast VPN,2026-09-11
2022 malicious mobile apps,threat_actor,meta,2022 malicious mobile apps,2022-10-03,https://about.fb.com/news/2022/10/protecting-people-from-malicious-account-compromise-apps/,android_package_name,net.musicesapp.player,,,,,none,,Muses Music Player,2026-09-11
2022 malicious mobile apps,threat_actor,meta,2022 malicious mobile apps,2022-10-03,https://about.fb.com/news/2022/10/protecting-people-from-malicious-account-compromise-apps/,android_package_name,net.red.pi.fashion.camera,,,,,none,,Red Camera,2026-09-11
2022 malicious mobile apps,threat_actor,meta,2022 malicious mobile apps,2022-10-03,https://about.fb.com/news/2022/10/protecting-people-from-malicious-account-compromise-apps/,android_package_name,net.snaphdphotoeditorapp.ishscsnaphdphotoeditor,,,,,none,,Snap: HD Photo Editor,2026-09-11
2022 malicious mobile apps,threat_actor,meta,2022 malicious mobile apps,2022-10-03,https://about.fb.com/news/2022/10/protecting-people-from-malicious-account-compromise-apps/,android_package_name,net.ssonn.boomrace,,,,,none,,Lightning Drift Racing,2026-09-11
2022 malicious mobile apps,threat_actor,meta,2022 malicious mobile apps,2022-10-03,https://about.fb.com/news/2022/10/protecting-people-from-malicious-account-compromise-apps/,android_package_name,net.sweetplus.camx,,,,,none,,One-Sweet Camera,2026-09-11
2022 malicious mobile apps,threat_actor,meta,2022 malicious mobile apps,2022-10-03,https://about.fb.com/news/2022/10/protecting-people-from-malicious-account-compromise-apps/,android_package_name,net.teecho.camche.camera,,,,,none,,Baby Camera,2026-09-11
2022 malicious mobile apps,threat_actor,meta,2022 malicious mobile apps,2022-10-03,https://about.fb.com/news/2022/10/protecting-people-from-malicious-account-compromise-apps/,android_package_name,niko.ldali.batter,,,,,none,,BatterySafe,2026-09-11
2022 malicious mobile apps,threat_actor,meta,2022 malicious mobile apps,2022-10-03,https://about.fb.com/news/2022/10/protecting-people-from-malicious-account-compromise-apps/,android_package_name,org.crashmaster.funrace.aps,,,,,none,,Crash Race Master,2026-09-11
2022 malicious mobile apps,threat_actor,meta,2022 malicious mobile apps,2022-10-03,https://about.fb.com/news/2022/10/protecting-people-from-malicious-account-compromise-apps/,android_package_name,org.donfan.player.app,,,,,none,,Donfan Music Player,2026-09-11
2022 malicious mobile apps,threat_actor,meta,2022 malicious mobile apps,2022-10-03,https://about.fb.com/news/2022/10/protecting-people-from-malicious-account-compromise-apps/,android_package_name,org.mumu.hdpalyer.apps,,,,,none,,Mulu Music Player,2026-09-11
2022 malicious mobile apps,threat_actor,meta,2022 malicious mobile apps,2022-10-03,https://about.fb.com/news/2022/10/protecting-people-from-malicious-account-compromise-apps/,android_package_name,org.musinvshen.player,,,,,none,,Musae Music Player,2026-09-11
2022 malicious mobile apps,threat_actor,meta,2022 malicious mobile apps,2022-10-03,https://about.fb.com/news/2022/10/protecting-people-from-malicious-account-compromise-apps/,android_package_name,org.nzombie.hutgame,,,,,none,,Night Hunter Game,2026-09-11
2022 malicious mobile apps,threat_actor,meta,2022 malicious mobile apps,2022-10-03,https://about.fb.com/news/2022/10/protecting-people-from-malicious-account-compromise-apps/,android_package_name,org.skysound.music.player,,,,,none,,Teana Music Player,2026-09-11
2022 malicious mobile apps,threat_actor,meta,2022 malicious mobile apps,2022-10-03,https://about.fb.com/news/2022/10/protecting-people-from-malicious-account-compromise-apps/,android_package_name,org.svpn.goatsheep,,,,,none,,Goat Safe VPN,2026-09-11
2022 malicious mobile apps,threat_actor,meta,2022 malicious mobile apps,2022-10-03,https://about.fb.com/news/2022/10/protecting-people-from-malicious-account-compromise-apps/,android_package_name,org.zipaimei.camfilter,,,,,none,,SnapBeauty Cam Filter,2026-09-11
2022 malicious mobile apps,threat_actor,meta,2022 malicious mobile apps,2022-10-03,https://about.fb.com/news/2022/10/protecting-people-from-malicious-account-compromise-apps/,android_package_name,player.mmm.mediapp.otrs,,,,,none,,Mostfun Media Music,2026-09-11
2022 malicious mobile apps,threat_actor,meta,2022 malicious mobile apps,2022-10-03,https://about.fb.com/news/2022/10/protecting-people-from-malicious-account-compromise-apps/,android_package_name,player.pinol.enoyend,,,,,none,,OseaCamera,2026-09-11
2022 malicious mobile apps,threat_actor,meta,2022 malicious mobile apps,2022-10-03,https://about.fb.com/news/2022/10/protecting-people-from-malicious-account-compromise-apps/,android_package_name,player.pmte.nfyti.media,,,,,none,,Pomelo Music Player,2026-09-11
2022 malicious mobile apps,threat_actor,meta,2022 malicious mobile apps,2022-10-03,https://about.fb.com/news/2022/10/protecting-people-from-malicious-account-compromise-apps/,android_package_name,player.seashel.loud.media,,,,,none,,Sealod Music Player,2026-09-11
2022 malicious mobile apps,threat_actor,meta,2022 malicious mobile apps,2022-10-03,https://about.fb.com/news/2022/10/protecting-people-from-malicious-account-compromise-apps/,android_package_name,player.shellvoice.app,,,,,none,,SeaShell Music Player,2026-09-11
2022 malicious mobile apps,threat_actor,meta,2022 malicious mobile apps,2022-10-03,https://about.fb.com/news/2022/10/protecting-people-from-malicious-account-compromise-apps/,android_package_name,proflash.flash.com,,,,,none,,ProFlash,2026-09-11
2022 malicious mobile apps,threat_actor,meta,2022 malicious mobile apps,2022-10-03,https://about.fb.com/news/2022/10/protecting-people-from-malicious-account-compromise-apps/,android_package_name,program.data.agus.dat,,,,,none,,Kite camera,2026-09-11
2022 malicious mobile apps,threat_actor,meta,2022 malicious mobile apps,2022-10-03,https://about.fb.com/news/2022/10/protecting-people-from-malicious-account-compromise-apps/,android_package_name,race.apex.accre.game,,,,,none,,Apex Crash Race,2026-09-11
2022 malicious mobile apps,threat_actor,meta,2022 malicious mobile apps,2022-10-03,https://about.fb.com/news/2022/10/protecting-people-from-malicious-account-compromise-apps/,android_package_name,solo.impostormaster.kill,,,,,none,,Impostor Master Solo Kill 2021,2026-09-11
2022 malicious mobile apps,threat_actor,meta,2022 malicious mobile apps,2022-10-03,https://about.fb.com/news/2022/10/protecting-people-from-malicious-account-compromise-apps/,android_package_name,spdcar.gamedrag.racgame.app,,,,,none,,Instant Drag Speed Racing,2026-09-11
2022 malicious mobile apps,threat_actor,meta,2022 malicious mobile apps,2022-10-03,https://about.fb.com/news/2022/10/protecting-people-from-malicious-account-compromise-apps/,android_package_name,sped.racear.game.plusx,,,,,none,,Extreme Speed Race,2026-09-11
2022 malicious mobile apps,threat_actor,meta,2022 malicious mobile apps,2022-10-03,https://about.fb.com/news/2022/10/protecting-people-from-malicious-account-compromise-apps/,android_package_name,whsmy.blod.sper,,,,,none,,NoneCanDie,2026-09-11
2022 malicious mobile apps,threat_actor,meta,2022 malicious mobile apps,2022-10-03,https://about.fb.com/news/2022/10/protecting-people-from-malicious-account-compromise-apps/,android_package_name,win.bestrace.threed.game,,,,,none,,City Crash Racing Game,2026-09-11
2022 malicious mobile apps,threat_actor,meta,2022 malicious mobile apps,2022-10-03,https://about.fb.com/news/2022/10/protecting-people-from-malicious-account-compromise-apps/,android_package_name,win.calshow.zzplus.app,,,,,none,,Callpaper Show,2026-09-11
2022 malicious mobile apps,threat_actor,meta,2022 malicious mobile apps,2022-10-03,https://about.fb.com/news/2022/10/protecting-people-from-malicious-account-compromise-apps/,android_package_name,win.hapsunday.mplayer,,,,,none,,Sunday Media Player,2026-09-11
2022 malicious mobile apps,threat_actor,meta,2022 malicious mobile apps,2022-10-03,https://about.fb.com/news/2022/10/protecting-people-from-malicious-account-compromise-apps/,android_package_name,win.hoomhom.fpsgame,,,,,none,,Flame Shock FPS,2026-09-11
2022 malicious mobile apps,threat_actor,meta,2022 malicious mobile apps,2022-10-03,https://about.fb.com/news/2022/10/protecting-people-from-malicious-account-compromise-apps/,android_package_name,win.modoen.time.camer,,,,,none,,Modern Time Camera,2026-09-11
2022 malicious mobile apps,threat_actor,meta,2022 malicious mobile apps,2022-10-03,https://about.fb.com/news/2022/10/protecting-people-from-malicious-account-compromise-apps/,android_package_name,win.smartgame.sortpuz.app,,,,,none,,Rainbow Square- Sort Puzzle,2026-09-11
2022 malicious mobile apps,threat_actor,meta,2022 malicious mobile apps,2022-10-03,https://about.fb.com/news/2022/10/protecting-people-from-malicious-account-compromise-apps/,android_package_name,win.tebag.camap,,,,,none,,Tea Bag Camera,2026-09-11
2022 malicious mobile apps,threat_actor,meta,2022 malicious mobile apps,2022-10-03,https://about.fb.com/news/2022/10/protecting-people-from-malicious-account-compromise-apps/,ios_app_id,1555651942,,,,,none,,FB Advertising Optimization,2026-09-11
2022 malicious mobile apps,threat_actor,meta,2022 malicious mobile apps,2022-10-03,https://about.fb.com/news/2022/10/protecting-people-from-malicious-account-compromise-apps/,ios_app_id,1561642325,,,,,none,,Business ADS Manager,2026-09-11
2022 malicious mobile apps,threat_actor,meta,2022 malicious mobile apps,2022-10-03,https://about.fb.com/news/2022/10/protecting-people-from-malicious-account-compromise-apps/,ios_app_id,1563142182,,,,,none,,Ads Analytics,2026-09-11
2022 malicious mobile apps,threat_actor,meta,2022 malicious mobile apps,2022-10-03,https://about.fb.com/news/2022/10/protecting-people-from-malicious-account-compromise-apps/,ios_app_id,1564091908,,,,,none,,FB Adverts Optimization,2026-09-11
2022 malicious mobile apps,threat_actor,meta,2022 malicious mobile apps,2022-10-03,https://about.fb.com/news/2022/10/protecting-people-from-malicious-account-compromise-apps/,ios_app_id,1566705026,,,,,none,,FB Analytic,2026-09-11
2022 malicious mobile apps,threat_actor,meta,2022 malicious mobile apps,2022-10-03,https://about.fb.com/news/2022/10/protecting-people-from-malicious-account-compromise-apps/,ios_app_id,1566706023,,,,,none,,FB Adverts Community,2026-09-11
2022 malicious mobile apps,threat_actor,meta,2022 malicious mobile apps,2022-10-03,https://about.fb.com/news/2022/10/protecting-people-from-malicious-account-compromise-apps/,ios_app_id,1574530186,,,,,none,,Adverts Ai Optimize,2026-09-11
2022 malicious mobile apps,threat_actor,meta,2022 malicious mobile apps,2022-10-03,https://about.fb.com/news/2022/10/protecting-people-from-malicious-account-compromise-apps/,ios_app_id,1587056055,,,,,none,,Very Business Manager,2026-09-11
2022 malicious mobile apps,threat_actor,meta,2022 malicious mobile apps,2022-10-03,https://about.fb.com/news/2022/10/protecting-people-from-malicious-account-compromise-apps/,ios_app_id,1591775710,,,,,none,,FB Business Support,2026-09-11
2022 malicious mobile apps,threat_actor,meta,2022 malicious mobile apps,2022-10-03,https://about.fb.com/news/2022/10/protecting-people-from-malicious-account-compromise-apps/,ios_app_id,1593368297,,,,,none,,Fb Ads,2026-09-11
2022 malicious mobile apps,threat_actor,meta,2022 malicious mobile apps,2022-10-03,https://about.fb.com/news/2022/10/protecting-people-from-malicious-account-compromise-apps/,ios_app_id,1596775769,,,,,none,,Meta Optimizer,2026-09-11
2022 malicious mobile apps,threat_actor,meta,2022 malicious mobile apps,2022-10-03,https://about.fb.com/news/2022/10/protecting-people-from-malicious-account-compromise-apps/,ios_app_id,1597553589,,,,,none,,Business Manager Pages,2026-09-11
2022 malicious mobile apps,threat_actor,meta,2022 malicious mobile apps,2022-10-03,https://about.fb.com/news/2022/10/protecting-people-from-malicious-account-compromise-apps/,ios_app_id,1598946098,,,,,none,,Adverts Manager,2026-09-11
2022 malicious mobile apps,threat_actor,meta,2022 malicious mobile apps,2022-10-03,https://about.fb.com/news/2022/10/protecting-people-from-malicious-account-compromise-apps/,ios_app_id,1600072709,,,,,none,,Meta Adverts Manager,2026-09-11
2022 malicious mobile apps,threat_actor,meta,2022 malicious mobile apps,2022-10-03,https://about.fb.com/news/2022/10/protecting-people-from-malicious-account-compromise-apps/,ios_app_id,1600404846,,,,,none,,Ad Optimization Meta,2026-09-11
2022 malicious mobile apps,threat_actor,meta,2022 malicious mobile apps,2022-10-03,https://about.fb.com/news/2022/10/protecting-people-from-malicious-account-compromise-apps/,ios_app_id,1601275530,,,,,none,,FB Pages Manager,2026-09-11
2022 malicious mobile apps,threat_actor,meta,2022 malicious mobile apps,2022-10-03,https://about.fb.com/news/2022/10/protecting-people-from-malicious-account-compromise-apps/,ios_app_id,1602637866,,,,,none,,Business Ads,2026-09-11
2022 malicious mobile apps,threat_actor,meta,2022 malicious mobile apps,2022-10-03,https://about.fb.com/news/2022/10/protecting-people-from-malicious-account-compromise-apps/,ios_app_id,1603255418,,,,,none,,Meta Business,2026-09-11
2022 malicious mobile apps,threat_actor,meta,2022 malicious mobile apps,2022-10-03,https://about.fb.com/news/2022/10/protecting-people-from-malicious-account-compromise-apps/,ios_app_id,1603571287,,,,,none,,Business Suite Manager,2026-09-11
2022 malicious mobile apps,threat_actor,meta,2022 malicious mobile apps,2022-10-03,https://about.fb.com/news/2022/10/protecting-people-from-malicious-account-compromise-apps/,ios_app_id,1604086670,,,,,none,,FB Ads Cost,2026-09-11
2022 malicious mobile apps,threat_actor,meta,2022 malicious mobile apps,2022-10-03,https://about.fb.com/news/2022/10/protecting-people-from-malicious-account-compromise-apps/,ios_app_id,1607057895,,,,,none,,Adverts Bussiness Suite,2026-09-11
2022 malicious mobile apps,threat_actor,meta,2022 malicious mobile apps,2022-10-03,https://about.fb.com/news/2022/10/protecting-people-from-malicious-account-compromise-apps/,ios_app_id,1608743187,,,,,none,,Business Ads Clock,2026-09-11
2022 malicious mobile apps,threat_actor,meta,2022 malicious mobile apps,2022-10-03,https://about.fb.com/news/2022/10/protecting-people-from-malicious-account-compromise-apps/,ios_app_id,1609915932,,,,,none,,Ads & Pages,2026-09-11
2022 malicious mobile apps,threat_actor,meta,2022 malicious mobile apps,2022-10-03,https://about.fb.com/news/2022/10/protecting-people-from-malicious-account-compromise-apps/,ios_app_id,1610859814,,,,,none,,Business Suite,2026-09-11
2022 malicious mobile apps,threat_actor,meta,2022 malicious mobile apps,2022-10-03,https://about.fb.com/news/2022/10/protecting-people-from-malicious-account-compromise-apps/,ios_app_id,1610944161,,,,,none,,Business & Ads,2026-09-11
2022 malicious mobile apps,threat_actor,meta,2022 malicious mobile apps,2022-10-03,https://about.fb.com/news/2022/10/protecting-people-from-malicious-account-compromise-apps/,ios_app_id,1612196202,,,,,none,,Business Manager Overview,2026-09-11
2022 malicious mobile apps,threat_actor,meta,2022 malicious mobile apps,2022-10-03,https://about.fb.com/news/2022/10/protecting-people-from-malicious-account-compromise-apps/,ios_app_id,1613983385,,,,,none,,Business Suite Ads,2026-09-11
2022 malicious mobile apps,threat_actor,meta,2022 malicious mobile apps,2022-10-03,https://about.fb.com/news/2022/10/protecting-people-from-malicious-account-compromise-apps/,ios_app_id,1619733733,,,,,none,,Page Suite Manager,2026-09-11
2022 malicious mobile apps,threat_actor,meta,2022 malicious mobile apps,2022-10-03,https://about.fb.com/news/2022/10/protecting-people-from-malicious-account-compromise-apps/,ios_app_id,1622402517,,,,,none,,Business Meta Support,2026-09-11
2022 malicious mobile apps,threat_actor,meta,2022 malicious mobile apps,2022-10-03,https://about.fb.com/news/2022/10/protecting-people-from-malicious-account-compromise-apps/,ios_app_id,1623362126,,,,,none,,Pages Manager Suite,2026-09-11
2022 malicious mobile apps,threat_actor,meta,2022 malicious mobile apps,2022-10-03,https://about.fb.com/news/2022/10/protecting-people-from-malicious-account-compromise-apps/,ios_app_id,1625368035,,,,,none,,Business Meta Pages,2026-09-11
2022 malicious mobile apps,threat_actor,meta,2022 malicious mobile apps,2022-10-03,https://about.fb.com/news/2022/10/protecting-people-from-malicious-account-compromise-apps/,ios_app_id,1626632781,,,,,none,,Business Suite Ads,2026-09-11
2022 malicious mobile apps,threat_actor,meta,2022 malicious mobile apps,2022-10-03,https://about.fb.com/news/2022/10/protecting-people-from-malicious-account-compromise-apps/,ios_app_id,1626692617,,,,,none,,Ads Business Knowledge,2026-09-11
2022 malicious mobile apps,threat_actor,meta,2022 malicious mobile apps,2022-10-03,https://about.fb.com/news/2022/10/protecting-people-from-malicious-account-compromise-apps/,ios_app_id,1629919774,,,,,none,,Page Suite Managers,2026-09-11
2022 malicious mobile apps,threat_actor,meta,2022 malicious mobile apps,2022-10-03,https://about.fb.com/news/2022/10/protecting-people-from-malicious-account-compromise-apps/,ios_app_id,1631778308,,,,,none,,Pages Managers Suite,2026-09-11
2022 malicious mobile apps,threat_actor,meta,2022 malicious mobile apps,2022-10-03,https://about.fb.com/news/2022/10/protecting-people-from-malicious-account-compromise-apps/,ios_app_id,1632069527,,,,,none,,Ads Business Advance,2026-09-11
2022 malicious mobile apps,threat_actor,meta,2022 malicious mobile apps,2022-10-03,https://about.fb.com/news/2022/10/protecting-people-from-malicious-account-compromise-apps/,ios_app_id,1632606219,,,,,none,,Pages Manager Suite,2026-09-11
2022 malicious mobile apps,threat_actor,meta,2022 malicious mobile apps,2022-10-03,https://about.fb.com/news/2022/10/protecting-people-from-malicious-account-compromise-apps/,ios_app_id,1633012933,,,,,none,,Business Suite Optimize,2026-09-11
2022 malicious mobile apps,threat_actor,meta,2022 malicious mobile apps,2022-10-03,https://about.fb.com/news/2022/10/protecting-people-from-malicious-account-compromise-apps/,ios_app_id,1633016482,,,,,none,,Business Manager Suite,2026-09-11
2022 malicious mobile apps,threat_actor,meta,2022 malicious mobile apps,2022-10-03,https://about.fb.com/news/2022/10/protecting-people-from-malicious-account-compromise-apps/,ios_app_id,1633078757,,,,,none,,Business Suite Managers,2026-09-11
2022 malicious mobile apps,threat_actor,meta,2022 malicious mobile apps,2022-10-03,https://about.fb.com/news/2022/10/protecting-people-from-malicious-account-compromise-apps/,ios_app_id,1633828994,,,,,none,,Ads Business Manager,2026-09-11
2022 malicious mobile apps,threat_actor,meta,2022 malicious mobile apps,2022-10-03,https://about.fb.com/news/2022/10/protecting-people-from-malicious-account-compromise-apps/,ios_app_id,1635045234,,,,,none,,Ads Business Suite,2026-09-11
2022 malicious mobile apps,threat_actor,meta,2022 malicious mobile apps,2022-10-03,https://about.fb.com/news/2022/10/protecting-people-from-malicious-account-compromise-apps/,ios_app_id,1635301567,,,,,none,,Business Manager Pages,2026-09-11
2022 malicious mobile apps,threat_actor,meta,2022 malicious mobile apps,2022-10-03,https://about.fb.com/news/2022/10/protecting-people-from-malicious-account-compromise-apps/,ios_app_id,1635555183,,,,,none,,Business Adverts Manager,2026-09-11
2022 malicious mobile apps,threat_actor,meta,2022 malicious mobile apps,2022-10-03,https://about.fb.com/news/2022/10/protecting-people-from-malicious-account-compromise-apps/,ios_app_id,1636196931,,,,,none,,Ads Manager Suite,2026-09-11
2022 malicious mobile apps,threat_actor,meta,2022 malicious mobile apps,2022-10-03,https://about.fb.com/news/2022/10/protecting-people-from-malicious-account-compromise-apps/,ios_app_id,1636825108,,,,,none,,Business Manager Pages,2026-09-11
2022 malicious mobile apps,threat_actor,meta,2022 malicious mobile apps,2022-10-03,https://about.fb.com/news/2022/10/protecting-people-from-malicious-account-compromise-apps/,ios_app_id,1639572841,,,,,none,,Ads & Business Suite,2026-09-11
