actor,actor_type,source_provider,source_report,report_date,source_url,indicator_type,indicator_value,country,target_country,target_sector,ttp,ttp_framework,confidence,description,date_added
2022 09 removing coordinated inauthentic behavior from china and russia,threat_actor,meta,2022 09 removing coordinated inauthentic behavior from china and russia,2022-09-27,https://about.fb.com/news/2022/09/removing-coordinated-inauthentic-behavior-from-china-and-russia/,url,https://www.petice[.]com/poadavek_aby_vlada_fiala_kladla_na_prvni_misto_zajmy_svych_oban,China,,,,none,,[cib url] China: CIB Petition,2026-09-11
2022 09 removing coordinated inauthentic behavior from china and russia,threat_actor,meta,2022 09 removing coordinated inauthentic behavior from china and russia,2022-09-27,https://about.fb.com/news/2022/09/removing-coordinated-inauthentic-behavior-from-china-and-russia/,url,https://e-petice[.]cz/petitions/pozadavek-aby-vlada-fiala-kladla-na-prvni-misto-zajmy-svych-obcanu-1.html,China,,,,none,,[cib url] China: CIB Petition,2026-09-11
2022 09 removing coordinated inauthentic behavior from china and russia,threat_actor,meta,2022 09 removing coordinated inauthentic behavior from china and russia,2022-09-27,https://about.fb.com/news/2022/09/removing-coordinated-inauthentic-behavior-from-china-and-russia/,domain,avisindependent.eu,China,,,,none,,France-targeting CIB domain,2026-09-11
2022 09 removing coordinated inauthentic behavior from china and russia,threat_actor,meta,2022 09 removing coordinated inauthentic behavior from china and russia,2022-09-27,https://about.fb.com/news/2022/09/removing-coordinated-inauthentic-behavior-from-china-and-russia/,domain,bild.pics,China,,,,none,,Germany-targeting CIB domain,2026-09-11
2022 09 removing coordinated inauthentic behavior from china and russia,threat_actor,meta,2022 09 removing coordinated inauthentic behavior from china and russia,2022-09-27,https://about.fb.com/news/2022/09/removing-coordinated-inauthentic-behavior-from-china-and-russia/,domain,rrn.world,China,,,,none,,Multiple-targeting CIB domain,2026-09-11
2022 09 removing coordinated inauthentic behavior from china and russia,threat_actor,meta,2022 09 removing coordinated inauthentic behavior from china and russia,2022-09-27,https://about.fb.com/news/2022/09/removing-coordinated-inauthentic-behavior-from-china-and-russia/,domain,welt.tours,China,,,,none,,Germany-targeting CIB domain,2026-09-11
2022 09 removing coordinated inauthentic behavior from china and russia,threat_actor,meta,2022 09 removing coordinated inauthentic behavior from china and russia,2022-09-27,https://about.fb.com/news/2022/09/removing-coordinated-inauthentic-behavior-from-china-and-russia/,domain,dailymail.top,China,,,,none,,UK-targeting CIB domain,2026-09-11
2022 09 removing coordinated inauthentic behavior from china and russia,threat_actor,meta,2022 09 removing coordinated inauthentic behavior from china and russia,2022-09-27,https://about.fb.com/news/2022/09/removing-coordinated-inauthentic-behavior-from-china-and-russia/,domain,repubblica.life,China,,,,none,,Italy-targeting CIB domain,2026-09-11
2022 09 removing coordinated inauthentic behavior from china and russia,threat_actor,meta,2022 09 removing coordinated inauthentic behavior from china and russia,2022-09-27,https://about.fb.com/news/2022/09/removing-coordinated-inauthentic-behavior-from-china-and-russia/,domain,delfi.life,China,,,,none,,Latvia-targeting CIB domain,2026-09-11
2022 09 removing coordinated inauthentic behavior from china and russia,threat_actor,meta,2022 09 removing coordinated inauthentic behavior from china and russia,2022-09-27,https://about.fb.com/news/2022/09/removing-coordinated-inauthentic-behavior-from-china-and-russia/,domain,dailymail.cam,China,,,,none,,UK-targeting CIB domain,2026-09-11
2022 09 removing coordinated inauthentic behavior from china and russia,threat_actor,meta,2022 09 removing coordinated inauthentic behavior from china and russia,2022-09-27,https://about.fb.com/news/2022/09/removing-coordinated-inauthentic-behavior-from-china-and-russia/,domain,dailymail.cfd,China,,,,none,,UK-targeting CIB domain,2026-09-11
2022 09 removing coordinated inauthentic behavior from china and russia,threat_actor,meta,2022 09 removing coordinated inauthentic behavior from china and russia,2022-09-27,https://about.fb.com/news/2022/09/removing-coordinated-inauthentic-behavior-from-china-and-russia/,domain,20minuts.com,China,,,,none,,France-targeting CIB domain,2026-09-11
2022 09 removing coordinated inauthentic behavior from china and russia,threat_actor,meta,2022 09 removing coordinated inauthentic behavior from china and russia,2022-09-27,https://about.fb.com/news/2022/09/removing-coordinated-inauthentic-behavior-from-china-and-russia/,domain,ansa.ltd,China,,,,none,,Italy-targeting CIB domain,2026-09-11
2022 09 removing coordinated inauthentic behavior from china and russia,threat_actor,meta,2022 09 removing coordinated inauthentic behavior from china and russia,2022-09-27,https://about.fb.com/news/2022/09/removing-coordinated-inauthentic-behavior-from-china-and-russia/,domain,spiegel.ltd,China,,,,none,,Germany-targeting CIB domain,2026-09-11
2022 09 removing coordinated inauthentic behavior from china and russia,threat_actor,meta,2022 09 removing coordinated inauthentic behavior from china and russia,2022-09-27,https://about.fb.com/news/2022/09/removing-coordinated-inauthentic-behavior-from-china-and-russia/,domain,theguardian.co.com,China,,,,none,,UK-targeting CIB domain,2026-09-11
2022 09 removing coordinated inauthentic behavior from china and russia,threat_actor,meta,2022 09 removing coordinated inauthentic behavior from china and russia,2022-09-27,https://about.fb.com/news/2022/09/removing-coordinated-inauthentic-behavior-from-china-and-russia/,domain,bild.asia,China,,,,none,,Germany-targeting CIB domain,2026-09-11
2022 09 removing coordinated inauthentic behavior from china and russia,threat_actor,meta,2022 09 removing coordinated inauthentic behavior from china and russia,2022-09-27,https://about.fb.com/news/2022/09/removing-coordinated-inauthentic-behavior-from-china-and-russia/,domain,bild.vip,China,,,,none,,Germany-targeting CIB domain,2026-09-11
2022 09 removing coordinated inauthentic behavior from china and russia,threat_actor,meta,2022 09 removing coordinated inauthentic behavior from china and russia,2022-09-27,https://about.fb.com/news/2022/09/removing-coordinated-inauthentic-behavior-from-china-and-russia/,domain,delfi.today,China,,,,none,,Latvia-targeting CIB domain,2026-09-11
2022 09 removing coordinated inauthentic behavior from china and russia,threat_actor,meta,2022 09 removing coordinated inauthentic behavior from china and russia,2022-09-27,https://about.fb.com/news/2022/09/removing-coordinated-inauthentic-behavior-from-china-and-russia/,domain,delfi.top,China,,,,none,,Latvia-targeting CIB domain,2026-09-11
2022 09 removing coordinated inauthentic behavior from china and russia,threat_actor,meta,2022 09 removing coordinated inauthentic behavior from china and russia,2022-09-27,https://about.fb.com/news/2022/09/removing-coordinated-inauthentic-behavior-from-china-and-russia/,domain,rbk.today,China,,,,none,,Ukraine-targeting CIB domain,2026-09-11
2022 09 removing coordinated inauthentic behavior from china and russia,threat_actor,meta,2022 09 removing coordinated inauthentic behavior from china and russia,2022-09-27,https://about.fb.com/news/2022/09/removing-coordinated-inauthentic-behavior-from-china-and-russia/,domain,spiegel.today,China,,,,none,,Germany-targeting CIB domain,2026-09-11
2022 09 removing coordinated inauthentic behavior from china and russia,threat_actor,meta,2022 09 removing coordinated inauthentic behavior from china and russia,2022-09-27,https://about.fb.com/news/2022/09/removing-coordinated-inauthentic-behavior-from-china-and-russia/,domain,spiegel.fun,China,,,,none,,Germany-targeting CIB domain,2026-09-11
2022 09 removing coordinated inauthentic behavior from china and russia,threat_actor,meta,2022 09 removing coordinated inauthentic behavior from china and russia,2022-09-27,https://about.fb.com/news/2022/09/removing-coordinated-inauthentic-behavior-from-china-and-russia/,domain,spiegel.quest,China,,,,none,,Germany-targeting CIB domain,2026-09-11
2022 09 removing coordinated inauthentic behavior from china and russia,threat_actor,meta,2022 09 removing coordinated inauthentic behavior from china and russia,2022-09-27,https://about.fb.com/news/2022/09/removing-coordinated-inauthentic-behavior-from-china-and-russia/,domain,tonline.cfd,China,,,,none,,Germany-targeting CIB domain,2026-09-11
2022 09 removing coordinated inauthentic behavior from china and russia,threat_actor,meta,2022 09 removing coordinated inauthentic behavior from china and russia,2022-09-27,https://about.fb.com/news/2022/09/removing-coordinated-inauthentic-behavior-from-china-and-russia/,domain,tonline.life,China,,,,none,,Germany-targeting CIB domain,2026-09-11
2022 09 removing coordinated inauthentic behavior from china and russia,threat_actor,meta,2022 09 removing coordinated inauthentic behavior from china and russia,2022-09-27,https://about.fb.com/news/2022/09/removing-coordinated-inauthentic-behavior-from-china-and-russia/,domain,tonline.today,China,,,,none,,Germany-targeting CIB domain,2026-09-11
2022 09 removing coordinated inauthentic behavior from china and russia,threat_actor,meta,2022 09 removing coordinated inauthentic behavior from china and russia,2022-09-27,https://about.fb.com/news/2022/09/removing-coordinated-inauthentic-behavior-from-china-and-russia/,domain,spiegel.pro,China,,,,none,,Germany-targeting CIB domain,2026-09-11
2022 09 removing coordinated inauthentic behavior from china and russia,threat_actor,meta,2022 09 removing coordinated inauthentic behavior from china and russia,2022-09-27,https://about.fb.com/news/2022/09/removing-coordinated-inauthentic-behavior-from-china-and-russia/,domain,bild.eu.com,China,,,,none,,Germany-targeting CIB domain,2026-09-11
2022 09 removing coordinated inauthentic behavior from china and russia,threat_actor,meta,2022 09 removing coordinated inauthentic behavior from china and russia,2022-09-27,https://about.fb.com/news/2022/09/removing-coordinated-inauthentic-behavior-from-china-and-russia/,domain,bild.llc,China,,,,none,,Germany-targeting CIB domain,2026-09-11
2022 09 removing coordinated inauthentic behavior from china and russia,threat_actor,meta,2022 09 removing coordinated inauthentic behavior from china and russia,2022-09-27,https://about.fb.com/news/2022/09/removing-coordinated-inauthentic-behavior-from-china-and-russia/,domain,spiegeli.life,China,,,,none,,Germany-targeting CIB domain,2026-09-11
2022 09 removing coordinated inauthentic behavior from china and russia,threat_actor,meta,2022 09 removing coordinated inauthentic behavior from china and russia,2022-09-27,https://about.fb.com/news/2022/09/removing-coordinated-inauthentic-behavior-from-china-and-russia/,domain,spiegeli.live,China,,,,none,,Germany-targeting CIB domain,2026-09-11
2022 09 removing coordinated inauthentic behavior from china and russia,threat_actor,meta,2022 09 removing coordinated inauthentic behavior from china and russia,2022-09-27,https://about.fb.com/news/2022/09/removing-coordinated-inauthentic-behavior-from-china-and-russia/,domain,spiegeli.today,China,,,,none,,Germany-targeting CIB domain,2026-09-11
2022 09 removing coordinated inauthentic behavior from china and russia,threat_actor,meta,2022 09 removing coordinated inauthentic behavior from china and russia,2022-09-27,https://about.fb.com/news/2022/09/removing-coordinated-inauthentic-behavior-from-china-and-russia/,domain,welt.ltd,China,,,,none,,Germany-targeting CIB domain,2026-09-11
2022 09 removing coordinated inauthentic behavior from china and russia,threat_actor,meta,2022 09 removing coordinated inauthentic behavior from china and russia,2022-09-27,https://about.fb.com/news/2022/09/removing-coordinated-inauthentic-behavior-from-china-and-russia/,domain,faz.ltd,China,,,,none,,Germany-targeting CIB domain,2026-09-11
2022 09 removing coordinated inauthentic behavior from china and russia,threat_actor,meta,2022 09 removing coordinated inauthentic behavior from china and russia,2022-09-27,https://about.fb.com/news/2022/09/removing-coordinated-inauthentic-behavior-from-china-and-russia/,domain,t-onlinr.life,China,,,,none,,Germany-targeting CIB domain,2026-09-11
2022 09 removing coordinated inauthentic behavior from china and russia,threat_actor,meta,2022 09 removing coordinated inauthentic behavior from china and russia,2022-09-27,https://about.fb.com/news/2022/09/removing-coordinated-inauthentic-behavior-from-china-and-russia/,domain,t-onlinr.live,China,,,,none,,Germany-targeting CIB domain,2026-09-11
2022 09 removing coordinated inauthentic behavior from china and russia,threat_actor,meta,2022 09 removing coordinated inauthentic behavior from china and russia,2022-09-27,https://about.fb.com/news/2022/09/removing-coordinated-inauthentic-behavior-from-china-and-russia/,domain,t-onlinr.today,China,,,,none,,Germany-targeting CIB domain,2026-09-11
2022 09 removing coordinated inauthentic behavior from china and russia,threat_actor,meta,2022 09 removing coordinated inauthentic behavior from china and russia,2022-09-27,https://about.fb.com/news/2022/09/removing-coordinated-inauthentic-behavior-from-china-and-russia/,domain,spiegel.agency,China,,,,none,,Germany-targeting CIB domain,2026-09-11
2022 09 removing coordinated inauthentic behavior from china and russia,threat_actor,meta,2022 09 removing coordinated inauthentic behavior from china and russia,2022-09-27,https://about.fb.com/news/2022/09/removing-coordinated-inauthentic-behavior-from-china-and-russia/,domain,schlauespiel.de,China,,,,none,,Germany-targeting CIB domain,2026-09-11
2022 09 removing coordinated inauthentic behavior from china and russia,threat_actor,meta,2022 09 removing coordinated inauthentic behavior from china and russia,2022-09-27,https://about.fb.com/news/2022/09/removing-coordinated-inauthentic-behavior-from-china-and-russia/,domain,tagesspiegel.ltd,China,,,,none,,Germany-targeting CIB domain,2026-09-11
2022 09 removing coordinated inauthentic behavior from china and russia,threat_actor,meta,2022 09 removing coordinated inauthentic behavior from china and russia,2022-09-27,https://about.fb.com/news/2022/09/removing-coordinated-inauthentic-behavior-from-china-and-russia/,domain,spiegelr.live,China,,,,none,,Germany-targeting CIB domain,2026-09-11
2022 09 removing coordinated inauthentic behavior from china and russia,threat_actor,meta,2022 09 removing coordinated inauthentic behavior from china and russia,2022-09-27,https://about.fb.com/news/2022/09/removing-coordinated-inauthentic-behavior-from-china-and-russia/,domain,spiegelr.today,China,,,,none,,Germany-targeting CIB domain,2026-09-11
2022 09 removing coordinated inauthentic behavior from china and russia,threat_actor,meta,2022 09 removing coordinated inauthentic behavior from china and russia,2022-09-27,https://about.fb.com/news/2022/09/removing-coordinated-inauthentic-behavior-from-china-and-russia/,domain,t-onlinl.life,China,,,,none,,Germany-targeting CIB domain,2026-09-11
2022 09 removing coordinated inauthentic behavior from china and russia,threat_actor,meta,2022 09 removing coordinated inauthentic behavior from china and russia,2022-09-27,https://about.fb.com/news/2022/09/removing-coordinated-inauthentic-behavior-from-china-and-russia/,domain,t-onlinl.live,China,,,,none,,Germany-targeting CIB domain,2026-09-11
2022 09 removing coordinated inauthentic behavior from china and russia,threat_actor,meta,2022 09 removing coordinated inauthentic behavior from china and russia,2022-09-27,https://about.fb.com/news/2022/09/removing-coordinated-inauthentic-behavior-from-china-and-russia/,domain,t-onlinl.today,China,,,,none,,Germany-targeting CIB domain,2026-09-11
2022 09 removing coordinated inauthentic behavior from china and russia,threat_actor,meta,2022 09 removing coordinated inauthentic behavior from china and russia,2022-09-27,https://about.fb.com/news/2022/09/removing-coordinated-inauthentic-behavior-from-china-and-russia/,domain,sueddeutsche.me,China,,,,none,,Germany-targeting CIB domain,2026-09-11
2022 09 removing coordinated inauthentic behavior from china and russia,threat_actor,meta,2022 09 removing coordinated inauthentic behavior from china and russia,2022-09-27,https://about.fb.com/news/2022/09/removing-coordinated-inauthentic-behavior-from-china-and-russia/,domain,spiegel.ink,China,,,,none,,Germany-targeting CIB domain,2026-09-11
2022 09 removing coordinated inauthentic behavior from china and russia,threat_actor,meta,2022 09 removing coordinated inauthentic behavior from china and russia,2022-09-27,https://about.fb.com/news/2022/09/removing-coordinated-inauthentic-behavior-from-china-and-russia/,domain,sueddeutsche.online,China,,,,none,,Germany-targeting CIB domain,2026-09-11
2022 09 removing coordinated inauthentic behavior from china and russia,threat_actor,meta,2022 09 removing coordinated inauthentic behavior from china and russia,2022-09-27,https://about.fb.com/news/2022/09/removing-coordinated-inauthentic-behavior-from-china-and-russia/,domain,t-online.life,China,,,,none,,Germany-targeting CIB domain,2026-09-11
2022 09 removing coordinated inauthentic behavior from china and russia,threat_actor,meta,2022 09 removing coordinated inauthentic behavior from china and russia,2022-09-27,https://about.fb.com/news/2022/09/removing-coordinated-inauthentic-behavior-from-china-and-russia/,domain,nd-aktuell.net,China,,,,none,,Germany-targeting CIB domain,2026-09-11
2022 09 removing coordinated inauthentic behavior from china and russia,threat_actor,meta,2022 09 removing coordinated inauthentic behavior from china and russia,2022-09-27,https://about.fb.com/news/2022/09/removing-coordinated-inauthentic-behavior-from-china-and-russia/,domain,zestiftung.com,China,,,,none,,Germany-targeting CIB domain,2026-09-11
2022 09 removing coordinated inauthentic behavior from china and russia,threat_actor,meta,2022 09 removing coordinated inauthentic behavior from china and russia,2022-09-27,https://about.fb.com/news/2022/09/removing-coordinated-inauthentic-behavior-from-china-and-russia/,domain,bild.expert,China,,,,none,,Germany-targeting CIB domain,2026-09-11
2022 09 removing coordinated inauthentic behavior from china and russia,threat_actor,meta,2022 09 removing coordinated inauthentic behavior from china and russia,2022-09-27,https://about.fb.com/news/2022/09/removing-coordinated-inauthentic-behavior-from-china-and-russia/,domain,bild.ws,China,,,,none,,Germany-targeting CIB domain,2026-09-11
2022 09 removing coordinated inauthentic behavior from china and russia,threat_actor,meta,2022 09 removing coordinated inauthentic behavior from china and russia,2022-09-27,https://about.fb.com/news/2022/09/removing-coordinated-inauthentic-behavior-from-china-and-russia/,domain,faz.agency,China,,,,none,,Germany-targeting CIB domain,2026-09-11
2022 09 removing coordinated inauthentic behavior from china and russia,threat_actor,meta,2022 09 removing coordinated inauthentic behavior from china and russia,2022-09-27,https://about.fb.com/news/2022/09/removing-coordinated-inauthentic-behavior-from-china-and-russia/,domain,nd-aktuell.pro,China,,,,none,,Germany-targeting CIB domain,2026-09-11
2022 09 removing coordinated inauthentic behavior from china and russia,threat_actor,meta,2022 09 removing coordinated inauthentic behavior from china and russia,2022-09-27,https://about.fb.com/news/2022/09/removing-coordinated-inauthentic-behavior-from-china-and-russia/,domain,spiegel.work,China,,,,none,,Germany-targeting CIB domain,2026-09-11
2022 09 removing coordinated inauthentic behavior from china and russia,threat_actor,meta,2022 09 removing coordinated inauthentic behavior from china and russia,2022-09-27,https://about.fb.com/news/2022/09/removing-coordinated-inauthentic-behavior-from-china-and-russia/,domain,sueddeutsche.cc,China,,,,none,,Germany-targeting CIB domain,2026-09-11
2022 09 removing coordinated inauthentic behavior from china and russia,threat_actor,meta,2022 09 removing coordinated inauthentic behavior from china and russia,2022-09-27,https://about.fb.com/news/2022/09/removing-coordinated-inauthentic-behavior-from-china-and-russia/,domain,welt.ws,China,,,,none,,Germany-targeting CIB domain,2026-09-11
2022 09 removing coordinated inauthentic behavior from china and russia,threat_actor,meta,2022 09 removing coordinated inauthentic behavior from china and russia,2022-09-27,https://about.fb.com/news/2022/09/removing-coordinated-inauthentic-behavior-from-china-and-russia/,domain,sueddeutsche.co,China,,,,none,,Germany-targeting CIB domain,2026-09-11
2022 09 removing coordinated inauthentic behavior from china and russia,threat_actor,meta,2022 09 removing coordinated inauthentic behavior from china and russia,2022-09-27,https://about.fb.com/news/2022/09/removing-coordinated-inauthentic-behavior-from-china-and-russia/,domain,tagesspiegel.co,China,,,,none,,Germany-targeting CIB domain,2026-09-11
2022 09 removing coordinated inauthentic behavior from china and russia,threat_actor,meta,2022 09 removing coordinated inauthentic behavior from china and russia,2022-09-27,https://about.fb.com/news/2022/09/removing-coordinated-inauthentic-behavior-from-china-and-russia/,domain,welt.media,China,,,,none,,Germany-targeting CIB domain,2026-09-11
2022 09 removing coordinated inauthentic behavior from china and russia,threat_actor,meta,2022 09 removing coordinated inauthentic behavior from china and russia,2022-09-27,https://about.fb.com/news/2022/09/removing-coordinated-inauthentic-behavior-from-china-and-russia/,domain,nd-aktuell.co,China,,,,none,,Germany-targeting CIB domain,2026-09-11
2022 09 removing coordinated inauthentic behavior from china and russia,threat_actor,meta,2022 09 removing coordinated inauthentic behavior from china and russia,2022-09-27,https://about.fb.com/news/2022/09/removing-coordinated-inauthentic-behavior-from-china-and-russia/,domain,bild.work,China,,,,none,,Germany-targeting CIB domain,2026-09-11
2022 09 removing coordinated inauthentic behavior from china and russia,threat_actor,meta,2022 09 removing coordinated inauthentic behavior from china and russia,2022-09-27,https://about.fb.com/news/2022/09/removing-coordinated-inauthentic-behavior-from-china-and-russia/,domain,spiegel.cab,China,,,,none,,Germany-targeting CIB domain,2026-09-11
2022 09 removing coordinated inauthentic behavior from china and russia,threat_actor,meta,2022 09 removing coordinated inauthentic behavior from china and russia,2022-09-27,https://about.fb.com/news/2022/09/removing-coordinated-inauthentic-behavior-from-china-and-russia/,domain,faz.life,China,,,,none,,Germany-targeting CIB domain,2026-09-11
2022 09 removing coordinated inauthentic behavior from china and russia,threat_actor,meta,2022 09 removing coordinated inauthentic behavior from china and russia,2022-09-27,https://about.fb.com/news/2022/09/removing-coordinated-inauthentic-behavior-from-china-and-russia/,domain,fraiesvolk.com,China,,,,none,,Germany-targeting CIB domain,2026-09-11
2022 09 removing coordinated inauthentic behavior from china and russia,threat_actor,meta,2022 09 removing coordinated inauthentic behavior from china and russia,2022-09-27,https://about.fb.com/news/2022/09/removing-coordinated-inauthentic-behavior-from-china-and-russia/,domain,fraiepozition.live,China,,,,none,,Germany-targeting CIB domain,2026-09-11
2022 09 removing coordinated inauthentic behavior from china and russia,threat_actor,meta,2022 09 removing coordinated inauthentic behavior from china and russia,2022-09-27,https://about.fb.com/news/2022/09/removing-coordinated-inauthentic-behavior-from-china-and-russia/,domain,fraiepozition.online,China,,,,none,,Germany-targeting CIB domain,2026-09-11
2022 09 removing coordinated inauthentic behavior from china and russia,threat_actor,meta,2022 09 removing coordinated inauthentic behavior from china and russia,2022-09-27,https://about.fb.com/news/2022/09/removing-coordinated-inauthentic-behavior-from-china-and-russia/,domain,fraiepozition.site,China,,,,none,,Germany-targeting CIB domain,2026-09-11
2022 09 removing coordinated inauthentic behavior from china and russia,threat_actor,meta,2022 09 removing coordinated inauthentic behavior from china and russia,2022-09-27,https://about.fb.com/news/2022/09/removing-coordinated-inauthentic-behavior-from-china-and-russia/,domain,fraiepozition.store,China,,,,none,,Germany-targeting CIB domain,2026-09-11
2022 09 removing coordinated inauthentic behavior from china and russia,threat_actor,meta,2022 09 removing coordinated inauthentic behavior from china and russia,2022-09-27,https://about.fb.com/news/2022/09/removing-coordinated-inauthentic-behavior-from-china-and-russia/,domain,offinemainung.info,China,,,,none,,Germany-targeting CIB domain,2026-09-11
2022 09 removing coordinated inauthentic behavior from china and russia,threat_actor,meta,2022 09 removing coordinated inauthentic behavior from china and russia,2022-09-27,https://about.fb.com/news/2022/09/removing-coordinated-inauthentic-behavior-from-china-and-russia/,domain,offinemainung.live,China,,,,none,,Germany-targeting CIB domain,2026-09-11
2022 09 removing coordinated inauthentic behavior from china and russia,threat_actor,meta,2022 09 removing coordinated inauthentic behavior from china and russia,2022-09-27,https://about.fb.com/news/2022/09/removing-coordinated-inauthentic-behavior-from-china-and-russia/,domain,offinemaining.fun,China,,,,none,,Germany-targeting CIB domain,2026-09-11
2022 09 removing coordinated inauthentic behavior from china and russia,threat_actor,meta,2022 09 removing coordinated inauthentic behavior from china and russia,2022-09-27,https://about.fb.com/news/2022/09/removing-coordinated-inauthentic-behavior-from-china-and-russia/,domain,offinemaining.online,China,,,,none,,Germany-targeting CIB domain,2026-09-11
2022 09 removing coordinated inauthentic behavior from china and russia,threat_actor,meta,2022 09 removing coordinated inauthentic behavior from china and russia,2022-09-27,https://about.fb.com/news/2022/09/removing-coordinated-inauthentic-behavior-from-china-and-russia/,domain,offinemaining.pw,China,,,,none,,Germany-targeting CIB domain,2026-09-11
2022 09 removing coordinated inauthentic behavior from china and russia,threat_actor,meta,2022 09 removing coordinated inauthentic behavior from china and russia,2022-09-27,https://about.fb.com/news/2022/09/removing-coordinated-inauthentic-behavior-from-china-and-russia/,domain,offinemaining.site,China,,,,none,,Germany-targeting CIB domain,2026-09-11
2022 09 removing coordinated inauthentic behavior from china and russia,threat_actor,meta,2022 09 removing coordinated inauthentic behavior from china and russia,2022-09-27,https://about.fb.com/news/2022/09/removing-coordinated-inauthentic-behavior-from-china-and-russia/,domain,offinemaining.website,China,,,,none,,Germany-targeting CIB domain,2026-09-11
2022 09 removing coordinated inauthentic behavior from china and russia,threat_actor,meta,2022 09 removing coordinated inauthentic behavior from china and russia,2022-09-27,https://about.fb.com/news/2022/09/removing-coordinated-inauthentic-behavior-from-china-and-russia/,domain,werdunstorker.fun,China,,,,none,,Germany-targeting CIB domain,2026-09-11
2022 09 removing coordinated inauthentic behavior from china and russia,threat_actor,meta,2022 09 removing coordinated inauthentic behavior from china and russia,2022-09-27,https://about.fb.com/news/2022/09/removing-coordinated-inauthentic-behavior-from-china-and-russia/,domain,werdunstorker.online,China,,,,none,,Germany-targeting CIB domain,2026-09-11
2022 09 removing coordinated inauthentic behavior from china and russia,threat_actor,meta,2022 09 removing coordinated inauthentic behavior from china and russia,2022-09-27,https://about.fb.com/news/2022/09/removing-coordinated-inauthentic-behavior-from-china-and-russia/,domain,werdunstorker.pw,China,,,,none,,Germany-targeting CIB domain,2026-09-11
2022 09 removing coordinated inauthentic behavior from china and russia,threat_actor,meta,2022 09 removing coordinated inauthentic behavior from china and russia,2022-09-27,https://about.fb.com/news/2022/09/removing-coordinated-inauthentic-behavior-from-china-and-russia/,domain,offinemaiunng.online,China,,,,none,,Germany-targeting CIB domain,2026-09-11
2022 09 removing coordinated inauthentic behavior from china and russia,threat_actor,meta,2022 09 removing coordinated inauthentic behavior from china and russia,2022-09-27,https://about.fb.com/news/2022/09/removing-coordinated-inauthentic-behavior-from-china-and-russia/,domain,offinemaiunng.pw,China,,,,none,,Germany-targeting CIB domain,2026-09-11
2022 09 removing coordinated inauthentic behavior from china and russia,threat_actor,meta,2022 09 removing coordinated inauthentic behavior from china and russia,2022-09-27,https://about.fb.com/news/2022/09/removing-coordinated-inauthentic-behavior-from-china-and-russia/,domain,offinemaiunng.space,China,,,,none,,Germany-targeting CIB domain,2026-09-11
2022 09 removing coordinated inauthentic behavior from china and russia,threat_actor,meta,2022 09 removing coordinated inauthentic behavior from china and russia,2022-09-27,https://about.fb.com/news/2022/09/removing-coordinated-inauthentic-behavior-from-china-and-russia/,domain,offinemanung.online,China,,,,none,,Germany-targeting CIB domain,2026-09-11
2022 09 removing coordinated inauthentic behavior from china and russia,threat_actor,meta,2022 09 removing coordinated inauthentic behavior from china and russia,2022-09-27,https://about.fb.com/news/2022/09/removing-coordinated-inauthentic-behavior-from-china-and-russia/,domain,offinemanung.site,China,,,,none,,Germany-targeting CIB domain,2026-09-11
2022 09 removing coordinated inauthentic behavior from china and russia,threat_actor,meta,2022 09 removing coordinated inauthentic behavior from china and russia,2022-09-27,https://about.fb.com/news/2022/09/removing-coordinated-inauthentic-behavior-from-china-and-russia/,domain,offinemanung.website,China,,,,none,,Germany-targeting CIB domain,2026-09-11
2022 09 removing coordinated inauthentic behavior from china and russia,threat_actor,meta,2022 09 removing coordinated inauthentic behavior from china and russia,2022-09-27,https://about.fb.com/news/2022/09/removing-coordinated-inauthentic-behavior-from-china-and-russia/,domain,offinemaunng.online,China,,,,none,,Germany-targeting CIB domain,2026-09-11
2022 09 removing coordinated inauthentic behavior from china and russia,threat_actor,meta,2022 09 removing coordinated inauthentic behavior from china and russia,2022-09-27,https://about.fb.com/news/2022/09/removing-coordinated-inauthentic-behavior-from-china-and-russia/,domain,offineminung.online,China,,,,none,,Germany-targeting CIB domain,2026-09-11
2022 09 removing coordinated inauthentic behavior from china and russia,threat_actor,meta,2022 09 removing coordinated inauthentic behavior from china and russia,2022-09-27,https://about.fb.com/news/2022/09/removing-coordinated-inauthentic-behavior-from-china-and-russia/,domain,offineminung.pw,China,,,,none,,Germany-targeting CIB domain,2026-09-11
2022 09 removing coordinated inauthentic behavior from china and russia,threat_actor,meta,2022 09 removing coordinated inauthentic behavior from china and russia,2022-09-27,https://about.fb.com/news/2022/09/removing-coordinated-inauthentic-behavior-from-china-and-russia/,domain,offineminung.site,China,,,,none,,Germany-targeting CIB domain,2026-09-11
2022 09 removing coordinated inauthentic behavior from china and russia,threat_actor,meta,2022 09 removing coordinated inauthentic behavior from china and russia,2022-09-27,https://about.fb.com/news/2022/09/removing-coordinated-inauthentic-behavior-from-china-and-russia/,domain,offineminung.space,China,,,,none,,Germany-targeting CIB domain,2026-09-11
2022 09 removing coordinated inauthentic behavior from china and russia,threat_actor,meta,2022 09 removing coordinated inauthentic behavior from china and russia,2022-09-27,https://about.fb.com/news/2022/09/removing-coordinated-inauthentic-behavior-from-china-and-russia/,domain,offineminung.website,China,,,,none,,Germany-targeting CIB domain,2026-09-11
2022 09 removing coordinated inauthentic behavior from china and russia,threat_actor,meta,2022 09 removing coordinated inauthentic behavior from china and russia,2022-09-27,https://about.fb.com/news/2022/09/removing-coordinated-inauthentic-behavior-from-china-and-russia/,domain,offinemiunng.online,China,,,,none,,Germany-targeting CIB domain,2026-09-11
2022 09 removing coordinated inauthentic behavior from china and russia,threat_actor,meta,2022 09 removing coordinated inauthentic behavior from china and russia,2022-09-27,https://about.fb.com/news/2022/09/removing-coordinated-inauthentic-behavior-from-china-and-russia/,domain,offinemiunng.space,China,,,,none,,Germany-targeting CIB domain,2026-09-11
2022 09 removing coordinated inauthentic behavior from china and russia,threat_actor,meta,2022 09 removing coordinated inauthentic behavior from china and russia,2022-09-27,https://about.fb.com/news/2022/09/removing-coordinated-inauthentic-behavior-from-china-and-russia/,domain,offinemizung.online,China,,,,none,,Germany-targeting CIB domain,2026-09-11
2022 09 removing coordinated inauthentic behavior from china and russia,threat_actor,meta,2022 09 removing coordinated inauthentic behavior from china and russia,2022-09-27,https://about.fb.com/news/2022/09/removing-coordinated-inauthentic-behavior-from-china-and-russia/,domain,offinemizung.website,China,,,,none,,Germany-targeting CIB domain,2026-09-11
2022 09 removing coordinated inauthentic behavior from china and russia,threat_actor,meta,2022 09 removing coordinated inauthentic behavior from china and russia,2022-09-27,https://about.fb.com/news/2022/09/removing-coordinated-inauthentic-behavior-from-china-and-russia/,domain,offinemnung.online,China,,,,none,,Germany-targeting CIB domain,2026-09-11
2022 09 removing coordinated inauthentic behavior from china and russia,threat_actor,meta,2022 09 removing coordinated inauthentic behavior from china and russia,2022-09-27,https://about.fb.com/news/2022/09/removing-coordinated-inauthentic-behavior-from-china-and-russia/,domain,offinemnung.space,China,,,,none,,Germany-targeting CIB domain,2026-09-11
2022 09 removing coordinated inauthentic behavior from china and russia,threat_actor,meta,2022 09 removing coordinated inauthentic behavior from china and russia,2022-09-27,https://about.fb.com/news/2022/09/removing-coordinated-inauthentic-behavior-from-china-and-russia/,domain,offinemunng.online,China,,,,none,,Germany-targeting CIB domain,2026-09-11
2022 09 removing coordinated inauthentic behavior from china and russia,threat_actor,meta,2022 09 removing coordinated inauthentic behavior from china and russia,2022-09-27,https://about.fb.com/news/2022/09/removing-coordinated-inauthentic-behavior-from-china-and-russia/,domain,offinemunng.website,China,,,,none,,Germany-targeting CIB domain,2026-09-11
2022 09 removing coordinated inauthentic behavior from china and russia,threat_actor,meta,2022 09 removing coordinated inauthentic behavior from china and russia,2022-09-27,https://about.fb.com/news/2022/09/removing-coordinated-inauthentic-behavior-from-china-and-russia/,domain,affinemainung.fun,China,,,,none,,Germany-targeting CIB domain,2026-09-11
2022 09 removing coordinated inauthentic behavior from china and russia,threat_actor,meta,2022 09 removing coordinated inauthentic behavior from china and russia,2022-09-27,https://about.fb.com/news/2022/09/removing-coordinated-inauthentic-behavior-from-china-and-russia/,domain,affinemainung.online,China,,,,none,,Germany-targeting CIB domain,2026-09-11
2022 09 removing coordinated inauthentic behavior from china and russia,threat_actor,meta,2022 09 removing coordinated inauthentic behavior from china and russia,2022-09-27,https://about.fb.com/news/2022/09/removing-coordinated-inauthentic-behavior-from-china-and-russia/,domain,affinemainung.space,China,,,,none,,Germany-targeting CIB domain,2026-09-11
2022 09 removing coordinated inauthentic behavior from china and russia,threat_actor,meta,2022 09 removing coordinated inauthentic behavior from china and russia,2022-09-27,https://about.fb.com/news/2022/09/removing-coordinated-inauthentic-behavior-from-china-and-russia/,domain,affinemainung.website,China,,,,none,,Germany-targeting CIB domain,2026-09-11
2022 09 removing coordinated inauthentic behavior from china and russia,threat_actor,meta,2022 09 removing coordinated inauthentic behavior from china and russia,2022-09-27,https://about.fb.com/news/2022/09/removing-coordinated-inauthentic-behavior-from-china-and-russia/,domain,affinemaiunng.fun,China,,,,none,,Germany-targeting CIB domain,2026-09-11
2022 09 removing coordinated inauthentic behavior from china and russia,threat_actor,meta,2022 09 removing coordinated inauthentic behavior from china and russia,2022-09-27,https://about.fb.com/news/2022/09/removing-coordinated-inauthentic-behavior-from-china-and-russia/,domain,affinemaiunng.online,China,,,,none,,Germany-targeting CIB domain,2026-09-11
2022 09 removing coordinated inauthentic behavior from china and russia,threat_actor,meta,2022 09 removing coordinated inauthentic behavior from china and russia,2022-09-27,https://about.fb.com/news/2022/09/removing-coordinated-inauthentic-behavior-from-china-and-russia/,domain,affinemaiunng.site,China,,,,none,,Germany-targeting CIB domain,2026-09-11
2022 09 removing coordinated inauthentic behavior from china and russia,threat_actor,meta,2022 09 removing coordinated inauthentic behavior from china and russia,2022-09-27,https://about.fb.com/news/2022/09/removing-coordinated-inauthentic-behavior-from-china-and-russia/,domain,affinemaiunng.space,China,,,,none,,Germany-targeting CIB domain,2026-09-11
2022 09 removing coordinated inauthentic behavior from china and russia,threat_actor,meta,2022 09 removing coordinated inauthentic behavior from china and russia,2022-09-27,https://about.fb.com/news/2022/09/removing-coordinated-inauthentic-behavior-from-china-and-russia/,domain,affinemaiunng.website,China,,,,none,,Germany-targeting CIB domain,2026-09-11
2022 09 removing coordinated inauthentic behavior from china and russia,threat_actor,meta,2022 09 removing coordinated inauthentic behavior from china and russia,2022-09-27,https://about.fb.com/news/2022/09/removing-coordinated-inauthentic-behavior-from-china-and-russia/,domain,affinemanung.fun,China,,,,none,,Germany-targeting CIB domain,2026-09-11
2022 09 removing coordinated inauthentic behavior from china and russia,threat_actor,meta,2022 09 removing coordinated inauthentic behavior from china and russia,2022-09-27,https://about.fb.com/news/2022/09/removing-coordinated-inauthentic-behavior-from-china-and-russia/,domain,affinemanung.site,China,,,,none,,Germany-targeting CIB domain,2026-09-11
2022 09 removing coordinated inauthentic behavior from china and russia,threat_actor,meta,2022 09 removing coordinated inauthentic behavior from china and russia,2022-09-27,https://about.fb.com/news/2022/09/removing-coordinated-inauthentic-behavior-from-china-and-russia/,domain,affinemanung.website,China,,,,none,,Germany-targeting CIB domain,2026-09-11
2022 09 removing coordinated inauthentic behavior from china and russia,threat_actor,meta,2022 09 removing coordinated inauthentic behavior from china and russia,2022-09-27,https://about.fb.com/news/2022/09/removing-coordinated-inauthentic-behavior-from-china-and-russia/,domain,affineminung.fun,China,,,,none,,Germany-targeting CIB domain,2026-09-11
2022 09 removing coordinated inauthentic behavior from china and russia,threat_actor,meta,2022 09 removing coordinated inauthentic behavior from china and russia,2022-09-27,https://about.fb.com/news/2022/09/removing-coordinated-inauthentic-behavior-from-china-and-russia/,domain,affineminung.online,China,,,,none,,Germany-targeting CIB domain,2026-09-11
2022 09 removing coordinated inauthentic behavior from china and russia,threat_actor,meta,2022 09 removing coordinated inauthentic behavior from china and russia,2022-09-27,https://about.fb.com/news/2022/09/removing-coordinated-inauthentic-behavior-from-china-and-russia/,domain,affineminung.site,China,,,,none,,Germany-targeting CIB domain,2026-09-11
2022 09 removing coordinated inauthentic behavior from china and russia,threat_actor,meta,2022 09 removing coordinated inauthentic behavior from china and russia,2022-09-27,https://about.fb.com/news/2022/09/removing-coordinated-inauthentic-behavior-from-china-and-russia/,domain,affinemiunng.fun,China,,,,none,,Germany-targeting CIB domain,2026-09-11
2022 09 removing coordinated inauthentic behavior from china and russia,threat_actor,meta,2022 09 removing coordinated inauthentic behavior from china and russia,2022-09-27,https://about.fb.com/news/2022/09/removing-coordinated-inauthentic-behavior-from-china-and-russia/,domain,affinemiunng.site,China,,,,none,,Germany-targeting CIB domain,2026-09-11
2022 09 removing coordinated inauthentic behavior from china and russia,threat_actor,meta,2022 09 removing coordinated inauthentic behavior from china and russia,2022-09-27,https://about.fb.com/news/2022/09/removing-coordinated-inauthentic-behavior-from-china-and-russia/,domain,affinemiunng.space,China,,,,none,,Germany-targeting CIB domain,2026-09-11
2022 09 removing coordinated inauthentic behavior from china and russia,threat_actor,meta,2022 09 removing coordinated inauthentic behavior from china and russia,2022-09-27,https://about.fb.com/news/2022/09/removing-coordinated-inauthentic-behavior-from-china-and-russia/,domain,affinemiunng.website,China,,,,none,,Germany-targeting CIB domain,2026-09-11
2022 09 removing coordinated inauthentic behavior from china and russia,threat_actor,meta,2022 09 removing coordinated inauthentic behavior from china and russia,2022-09-27,https://about.fb.com/news/2022/09/removing-coordinated-inauthentic-behavior-from-china-and-russia/,domain,fariepoziitn.online,China,,,,none,,Germany-targeting CIB domain,2026-09-11
2022 09 removing coordinated inauthentic behavior from china and russia,threat_actor,meta,2022 09 removing coordinated inauthentic behavior from china and russia,2022-09-27,https://about.fb.com/news/2022/09/removing-coordinated-inauthentic-behavior-from-china-and-russia/,domain,fariepoziitn.site,China,,,,none,,Germany-targeting CIB domain,2026-09-11
2022 09 removing coordinated inauthentic behavior from china and russia,threat_actor,meta,2022 09 removing coordinated inauthentic behavior from china and russia,2022-09-27,https://about.fb.com/news/2022/09/removing-coordinated-inauthentic-behavior-from-china-and-russia/,domain,fariepoziitn.space,China,,,,none,,Germany-targeting CIB domain,2026-09-11
2022 09 removing coordinated inauthentic behavior from china and russia,threat_actor,meta,2022 09 removing coordinated inauthentic behavior from china and russia,2022-09-27,https://about.fb.com/news/2022/09/removing-coordinated-inauthentic-behavior-from-china-and-russia/,domain,fariepoziitn.website,China,,,,none,,Germany-targeting CIB domain,2026-09-11
2022 09 removing coordinated inauthentic behavior from china and russia,threat_actor,meta,2022 09 removing coordinated inauthentic behavior from china and russia,2022-09-27,https://about.fb.com/news/2022/09/removing-coordinated-inauthentic-behavior-from-china-and-russia/,domain,faripoziiton.fun,China,,,,none,,Germany-targeting CIB domain,2026-09-11
2022 09 removing coordinated inauthentic behavior from china and russia,threat_actor,meta,2022 09 removing coordinated inauthentic behavior from china and russia,2022-09-27,https://about.fb.com/news/2022/09/removing-coordinated-inauthentic-behavior-from-china-and-russia/,domain,faripoziiton.online,China,,,,none,,Germany-targeting CIB domain,2026-09-11
2022 09 removing coordinated inauthentic behavior from china and russia,threat_actor,meta,2022 09 removing coordinated inauthentic behavior from china and russia,2022-09-27,https://about.fb.com/news/2022/09/removing-coordinated-inauthentic-behavior-from-china-and-russia/,domain,faripoziiton.space,China,,,,none,,Germany-targeting CIB domain,2026-09-11
2022 09 removing coordinated inauthentic behavior from china and russia,threat_actor,meta,2022 09 removing coordinated inauthentic behavior from china and russia,2022-09-27,https://about.fb.com/news/2022/09/removing-coordinated-inauthentic-behavior-from-china-and-russia/,domain,faripoziiton.website,China,,,,none,,Germany-targeting CIB domain,2026-09-11
2022 09 removing coordinated inauthentic behavior from china and russia,threat_actor,meta,2022 09 removing coordinated inauthentic behavior from china and russia,2022-09-27,https://about.fb.com/news/2022/09/removing-coordinated-inauthentic-behavior-from-china-and-russia/,domain,fraiopziiton.online,China,,,,none,,Germany-targeting CIB domain,2026-09-11
2022 09 removing coordinated inauthentic behavior from china and russia,threat_actor,meta,2022 09 removing coordinated inauthentic behavior from china and russia,2022-09-27,https://about.fb.com/news/2022/09/removing-coordinated-inauthentic-behavior-from-china-and-russia/,domain,fraiopziiton.site,China,,,,none,,Germany-targeting CIB domain,2026-09-11
2022 09 removing coordinated inauthentic behavior from china and russia,threat_actor,meta,2022 09 removing coordinated inauthentic behavior from china and russia,2022-09-27,https://about.fb.com/news/2022/09/removing-coordinated-inauthentic-behavior-from-china-and-russia/,domain,offebnarugn.online,China,,,,none,,Germany-targeting CIB domain,2026-09-11
2022 09 removing coordinated inauthentic behavior from china and russia,threat_actor,meta,2022 09 removing coordinated inauthentic behavior from china and russia,2022-09-27,https://about.fb.com/news/2022/09/removing-coordinated-inauthentic-behavior-from-china-and-russia/,domain,offebnarugn.site,China,,,,none,,Germany-targeting CIB domain,2026-09-11
2022 09 removing coordinated inauthentic behavior from china and russia,threat_actor,meta,2022 09 removing coordinated inauthentic behavior from china and russia,2022-09-27,https://about.fb.com/news/2022/09/removing-coordinated-inauthentic-behavior-from-china-and-russia/,domain,offebnarugn.space,China,,,,none,,Germany-targeting CIB domain,2026-09-11
2022 09 removing coordinated inauthentic behavior from china and russia,threat_actor,meta,2022 09 removing coordinated inauthentic behavior from china and russia,2022-09-27,https://about.fb.com/news/2022/09/removing-coordinated-inauthentic-behavior-from-china-and-russia/,domain,offebnarugn.website,China,,,,none,,Germany-targeting CIB domain,2026-09-11
2022 09 removing coordinated inauthentic behavior from china and russia,threat_actor,meta,2022 09 removing coordinated inauthentic behavior from china and russia,2022-09-27,https://about.fb.com/news/2022/09/removing-coordinated-inauthentic-behavior-from-china-and-russia/,domain,offebnurgn.online,China,,,,none,,Germany-targeting CIB domain,2026-09-11
2022 09 removing coordinated inauthentic behavior from china and russia,threat_actor,meta,2022 09 removing coordinated inauthentic behavior from china and russia,2022-09-27,https://about.fb.com/news/2022/09/removing-coordinated-inauthentic-behavior-from-china-and-russia/,domain,offebnurgn.site,China,,,,none,,Germany-targeting CIB domain,2026-09-11
2022 09 removing coordinated inauthentic behavior from china and russia,threat_actor,meta,2022 09 removing coordinated inauthentic behavior from china and russia,2022-09-27,https://about.fb.com/news/2022/09/removing-coordinated-inauthentic-behavior-from-china-and-russia/,domain,offebnurgn.space,China,,,,none,,Germany-targeting CIB domain,2026-09-11
2022 09 removing coordinated inauthentic behavior from china and russia,threat_actor,meta,2022 09 removing coordinated inauthentic behavior from china and russia,2022-09-27,https://about.fb.com/news/2022/09/removing-coordinated-inauthentic-behavior-from-china-and-russia/,domain,offebnurgn.website,China,,,,none,,Germany-targeting CIB domain,2026-09-11
2022 09 removing coordinated inauthentic behavior from china and russia,threat_actor,meta,2022 09 removing coordinated inauthentic behavior from china and russia,2022-09-27,https://about.fb.com/news/2022/09/removing-coordinated-inauthentic-behavior-from-china-and-russia/,domain,offenbarugn.online,China,,,,none,,Germany-targeting CIB domain,2026-09-11
2022 09 removing coordinated inauthentic behavior from china and russia,threat_actor,meta,2022 09 removing coordinated inauthentic behavior from china and russia,2022-09-27,https://about.fb.com/news/2022/09/removing-coordinated-inauthentic-behavior-from-china-and-russia/,domain,offenbarugn.site,China,,,,none,,Germany-targeting CIB domain,2026-09-11
2022 09 removing coordinated inauthentic behavior from china and russia,threat_actor,meta,2022 09 removing coordinated inauthentic behavior from china and russia,2022-09-27,https://about.fb.com/news/2022/09/removing-coordinated-inauthentic-behavior-from-china-and-russia/,domain,offenbarugn.space,China,,,,none,,Germany-targeting CIB domain,2026-09-11
2022 09 removing coordinated inauthentic behavior from china and russia,threat_actor,meta,2022 09 removing coordinated inauthentic behavior from china and russia,2022-09-27,https://about.fb.com/news/2022/09/removing-coordinated-inauthentic-behavior-from-china-and-russia/,domain,offenbarugn.website,China,,,,none,,Germany-targeting CIB domain,2026-09-11
2022 09 removing coordinated inauthentic behavior from china and russia,threat_actor,meta,2022 09 removing coordinated inauthentic behavior from china and russia,2022-09-27,https://about.fb.com/news/2022/09/removing-coordinated-inauthentic-behavior-from-china-and-russia/,domain,offenbaurgn.online,China,,,,none,,Germany-targeting CIB domain,2026-09-11
2022 09 removing coordinated inauthentic behavior from china and russia,threat_actor,meta,2022 09 removing coordinated inauthentic behavior from china and russia,2022-09-27,https://about.fb.com/news/2022/09/removing-coordinated-inauthentic-behavior-from-china-and-russia/,domain,offenbaurgn.site,China,,,,none,,Germany-targeting CIB domain,2026-09-11
2022 09 removing coordinated inauthentic behavior from china and russia,threat_actor,meta,2022 09 removing coordinated inauthentic behavior from china and russia,2022-09-27,https://about.fb.com/news/2022/09/removing-coordinated-inauthentic-behavior-from-china-and-russia/,domain,offenbaurgn.space,China,,,,none,,Germany-targeting CIB domain,2026-09-11
2022 09 removing coordinated inauthentic behavior from china and russia,threat_actor,meta,2022 09 removing coordinated inauthentic behavior from china and russia,2022-09-27,https://about.fb.com/news/2022/09/removing-coordinated-inauthentic-behavior-from-china-and-russia/,domain,offenbaurgn.website,China,,,,none,,Germany-targeting CIB domain,2026-09-11
2022 09 removing coordinated inauthentic behavior from china and russia,threat_actor,meta,2022 09 removing coordinated inauthentic behavior from china and russia,2022-09-27,https://about.fb.com/news/2022/09/removing-coordinated-inauthentic-behavior-from-china-and-russia/,domain,alldrings.online,China,,,,none,,Germany-targeting CIB domain,2026-09-11
2022 09 removing coordinated inauthentic behavior from china and russia,threat_actor,meta,2022 09 removing coordinated inauthentic behavior from china and russia,2022-09-27,https://about.fb.com/news/2022/09/removing-coordinated-inauthentic-behavior-from-china-and-russia/,domain,alldrings.pw,China,,,,none,,Germany-targeting CIB domain,2026-09-11
2022 09 removing coordinated inauthentic behavior from china and russia,threat_actor,meta,2022 09 removing coordinated inauthentic behavior from china and russia,2022-09-27,https://about.fb.com/news/2022/09/removing-coordinated-inauthentic-behavior-from-china-and-russia/,domain,alldrings.space,China,,,,none,,Germany-targeting CIB domain,2026-09-11
2022 09 removing coordinated inauthentic behavior from china and russia,threat_actor,meta,2022 09 removing coordinated inauthentic behavior from china and russia,2022-09-27,https://about.fb.com/news/2022/09/removing-coordinated-inauthentic-behavior-from-china-and-russia/,domain,alldrings.website,China,,,,none,,Germany-targeting CIB domain,2026-09-11
2022 09 removing coordinated inauthentic behavior from china and russia,threat_actor,meta,2022 09 removing coordinated inauthentic behavior from china and russia,2022-09-27,https://about.fb.com/news/2022/09/removing-coordinated-inauthentic-behavior-from-china-and-russia/,domain,alledrigns.online,China,,,,none,,Germany-targeting CIB domain,2026-09-11
2022 09 removing coordinated inauthentic behavior from china and russia,threat_actor,meta,2022 09 removing coordinated inauthentic behavior from china and russia,2022-09-27,https://about.fb.com/news/2022/09/removing-coordinated-inauthentic-behavior-from-china-and-russia/,domain,alledrigns.pw,China,,,,none,,Germany-targeting CIB domain,2026-09-11
2022 09 removing coordinated inauthentic behavior from china and russia,threat_actor,meta,2022 09 removing coordinated inauthentic behavior from china and russia,2022-09-27,https://about.fb.com/news/2022/09/removing-coordinated-inauthentic-behavior-from-china-and-russia/,domain,alledrigns.site,China,,,,none,,Germany-targeting CIB domain,2026-09-11
2022 09 removing coordinated inauthentic behavior from china and russia,threat_actor,meta,2022 09 removing coordinated inauthentic behavior from china and russia,2022-09-27,https://about.fb.com/news/2022/09/removing-coordinated-inauthentic-behavior-from-china-and-russia/,domain,alledrigns.space,China,,,,none,,Germany-targeting CIB domain,2026-09-11
2022 09 removing coordinated inauthentic behavior from china and russia,threat_actor,meta,2022 09 removing coordinated inauthentic behavior from china and russia,2022-09-27,https://about.fb.com/news/2022/09/removing-coordinated-inauthentic-behavior-from-china-and-russia/,domain,alledrigns.website,China,,,,none,,Germany-targeting CIB domain,2026-09-11
2022 09 removing coordinated inauthentic behavior from china and russia,threat_actor,meta,2022 09 removing coordinated inauthentic behavior from china and russia,2022-09-27,https://about.fb.com/news/2022/09/removing-coordinated-inauthentic-behavior-from-china-and-russia/,domain,alledrngs.online,China,,,,none,,Germany-targeting CIB domain,2026-09-11
2022 09 removing coordinated inauthentic behavior from china and russia,threat_actor,meta,2022 09 removing coordinated inauthentic behavior from china and russia,2022-09-27,https://about.fb.com/news/2022/09/removing-coordinated-inauthentic-behavior-from-china-and-russia/,domain,alledrngs.pw,China,,,,none,,Germany-targeting CIB domain,2026-09-11
2022 09 removing coordinated inauthentic behavior from china and russia,threat_actor,meta,2022 09 removing coordinated inauthentic behavior from china and russia,2022-09-27,https://about.fb.com/news/2022/09/removing-coordinated-inauthentic-behavior-from-china-and-russia/,domain,alledrngs.space,China,,,,none,,Germany-targeting CIB domain,2026-09-11
2022 09 removing coordinated inauthentic behavior from china and russia,threat_actor,meta,2022 09 removing coordinated inauthentic behavior from china and russia,2022-09-27,https://about.fb.com/news/2022/09/removing-coordinated-inauthentic-behavior-from-china-and-russia/,domain,alledrngs.website,China,,,,none,,Germany-targeting CIB domain,2026-09-11
2022 09 removing coordinated inauthentic behavior from china and russia,threat_actor,meta,2022 09 removing coordinated inauthentic behavior from china and russia,2022-09-27,https://about.fb.com/news/2022/09/removing-coordinated-inauthentic-behavior-from-china-and-russia/,domain,allerdigns.online,China,,,,none,,Germany-targeting CIB domain,2026-09-11
2022 09 removing coordinated inauthentic behavior from china and russia,threat_actor,meta,2022 09 removing coordinated inauthentic behavior from china and russia,2022-09-27,https://about.fb.com/news/2022/09/removing-coordinated-inauthentic-behavior-from-china-and-russia/,domain,allerdigns.site,China,,,,none,,Germany-targeting CIB domain,2026-09-11
2022 09 removing coordinated inauthentic behavior from china and russia,threat_actor,meta,2022 09 removing coordinated inauthentic behavior from china and russia,2022-09-27,https://about.fb.com/news/2022/09/removing-coordinated-inauthentic-behavior-from-china-and-russia/,domain,allerdigns.space,China,,,,none,,Germany-targeting CIB domain,2026-09-11
2022 09 removing coordinated inauthentic behavior from china and russia,threat_actor,meta,2022 09 removing coordinated inauthentic behavior from china and russia,2022-09-27,https://about.fb.com/news/2022/09/removing-coordinated-inauthentic-behavior-from-china-and-russia/,domain,allerdigns.website,China,,,,none,,Germany-targeting CIB domain,2026-09-11
2022 09 removing coordinated inauthentic behavior from china and russia,threat_actor,meta,2022 09 removing coordinated inauthentic behavior from china and russia,2022-09-27,https://about.fb.com/news/2022/09/removing-coordinated-inauthentic-behavior-from-china-and-russia/,domain,dassprachrohr.online,China,,,,none,,Germany-targeting CIB domain,2026-09-11
2022 09 removing coordinated inauthentic behavior from china and russia,threat_actor,meta,2022 09 removing coordinated inauthentic behavior from china and russia,2022-09-27,https://about.fb.com/news/2022/09/removing-coordinated-inauthentic-behavior-from-china-and-russia/,domain,dassprachrohr.site,China,,,,none,,Germany-targeting CIB domain,2026-09-11
2022 09 removing coordinated inauthentic behavior from china and russia,threat_actor,meta,2022 09 removing coordinated inauthentic behavior from china and russia,2022-09-27,https://about.fb.com/news/2022/09/removing-coordinated-inauthentic-behavior-from-china-and-russia/,domain,dassprachrohr.space,China,,,,none,,Germany-targeting CIB domain,2026-09-11
2022 09 removing coordinated inauthentic behavior from china and russia,threat_actor,meta,2022 09 removing coordinated inauthentic behavior from china and russia,2022-09-27,https://about.fb.com/news/2022/09/removing-coordinated-inauthentic-behavior-from-china-and-russia/,domain,dassprachrohr.website,China,,,,none,,Germany-targeting CIB domain,2026-09-11
2022 09 removing coordinated inauthentic behavior from china and russia,threat_actor,meta,2022 09 removing coordinated inauthentic behavior from china and russia,2022-09-27,https://about.fb.com/news/2022/09/removing-coordinated-inauthentic-behavior-from-china-and-russia/,domain,dassprahcrohr.online,China,,,,none,,Germany-targeting CIB domain,2026-09-11
2022 09 removing coordinated inauthentic behavior from china and russia,threat_actor,meta,2022 09 removing coordinated inauthentic behavior from china and russia,2022-09-27,https://about.fb.com/news/2022/09/removing-coordinated-inauthentic-behavior-from-china-and-russia/,domain,dassprahcrohr.site,China,,,,none,,Germany-targeting CIB domain,2026-09-11
2022 09 removing coordinated inauthentic behavior from china and russia,threat_actor,meta,2022 09 removing coordinated inauthentic behavior from china and russia,2022-09-27,https://about.fb.com/news/2022/09/removing-coordinated-inauthentic-behavior-from-china-and-russia/,domain,dassprahcrohr.space,China,,,,none,,Germany-targeting CIB domain,2026-09-11
2022 09 removing coordinated inauthentic behavior from china and russia,threat_actor,meta,2022 09 removing coordinated inauthentic behavior from china and russia,2022-09-27,https://about.fb.com/news/2022/09/removing-coordinated-inauthentic-behavior-from-china-and-russia/,domain,dassprahcrohr.website,China,,,,none,,Germany-targeting CIB domain,2026-09-11
2022 09 removing coordinated inauthentic behavior from china and russia,threat_actor,meta,2022 09 removing coordinated inauthentic behavior from china and russia,2022-09-27,https://about.fb.com/news/2022/09/removing-coordinated-inauthentic-behavior-from-china-and-russia/,domain,dassprhcorhr.online,China,,,,none,,Germany-targeting CIB domain,2026-09-11
2022 09 removing coordinated inauthentic behavior from china and russia,threat_actor,meta,2022 09 removing coordinated inauthentic behavior from china and russia,2022-09-27,https://about.fb.com/news/2022/09/removing-coordinated-inauthentic-behavior-from-china-and-russia/,domain,dassprhcorhr.site,China,,,,none,,Germany-targeting CIB domain,2026-09-11
2022 09 removing coordinated inauthentic behavior from china and russia,threat_actor,meta,2022 09 removing coordinated inauthentic behavior from china and russia,2022-09-27,https://about.fb.com/news/2022/09/removing-coordinated-inauthentic-behavior-from-china-and-russia/,domain,dassprhcorhr.space,China,,,,none,,Germany-targeting CIB domain,2026-09-11
2022 09 removing coordinated inauthentic behavior from china and russia,threat_actor,meta,2022 09 removing coordinated inauthentic behavior from china and russia,2022-09-27,https://about.fb.com/news/2022/09/removing-coordinated-inauthentic-behavior-from-china-and-russia/,domain,dassrpahcorhr.online,China,,,,none,,Germany-targeting CIB domain,2026-09-11
2022 09 removing coordinated inauthentic behavior from china and russia,threat_actor,meta,2022 09 removing coordinated inauthentic behavior from china and russia,2022-09-27,https://about.fb.com/news/2022/09/removing-coordinated-inauthentic-behavior-from-china-and-russia/,domain,dassrpahcorhr.site,China,,,,none,,Germany-targeting CIB domain,2026-09-11
2022 09 removing coordinated inauthentic behavior from china and russia,threat_actor,meta,2022 09 removing coordinated inauthentic behavior from china and russia,2022-09-27,https://about.fb.com/news/2022/09/removing-coordinated-inauthentic-behavior-from-china-and-russia/,domain,dassrpahcorhr.space,China,,,,none,,Germany-targeting CIB domain,2026-09-11
2022 09 removing coordinated inauthentic behavior from china and russia,threat_actor,meta,2022 09 removing coordinated inauthentic behavior from china and russia,2022-09-27,https://about.fb.com/news/2022/09/removing-coordinated-inauthentic-behavior-from-china-and-russia/,domain,dassrpahcorhr.website,China,,,,none,,Germany-targeting CIB domain,2026-09-11
2022 09 removing coordinated inauthentic behavior from china and russia,threat_actor,meta,2022 09 removing coordinated inauthentic behavior from china and russia,2022-09-27,https://about.fb.com/news/2022/09/removing-coordinated-inauthentic-behavior-from-china-and-russia/,domain,lenreuzdeknen.online,China,,,,none,,Germany-targeting CIB domain,2026-09-11
2022 09 removing coordinated inauthentic behavior from china and russia,threat_actor,meta,2022 09 removing coordinated inauthentic behavior from china and russia,2022-09-27,https://about.fb.com/news/2022/09/removing-coordinated-inauthentic-behavior-from-china-and-russia/,domain,lenreuzdeknen.site,China,,,,none,,Germany-targeting CIB domain,2026-09-11
2022 09 removing coordinated inauthentic behavior from china and russia,threat_actor,meta,2022 09 removing coordinated inauthentic behavior from china and russia,2022-09-27,https://about.fb.com/news/2022/09/removing-coordinated-inauthentic-behavior-from-china-and-russia/,domain,lenreuzdeknen.space,China,,,,none,,Germany-targeting CIB domain,2026-09-11
2022 09 removing coordinated inauthentic behavior from china and russia,threat_actor,meta,2022 09 removing coordinated inauthentic behavior from china and russia,2022-09-27,https://about.fb.com/news/2022/09/removing-coordinated-inauthentic-behavior-from-china-and-russia/,domain,lenreuzdeknen.website,China,,,,none,,Germany-targeting CIB domain,2026-09-11
2022 09 removing coordinated inauthentic behavior from china and russia,threat_actor,meta,2022 09 removing coordinated inauthentic behavior from china and russia,2022-09-27,https://about.fb.com/news/2022/09/removing-coordinated-inauthentic-behavior-from-china-and-russia/,domain,lenruzdeknn.online,China,,,,none,,Germany-targeting CIB domain,2026-09-11
2022 09 removing coordinated inauthentic behavior from china and russia,threat_actor,meta,2022 09 removing coordinated inauthentic behavior from china and russia,2022-09-27,https://about.fb.com/news/2022/09/removing-coordinated-inauthentic-behavior-from-china-and-russia/,domain,lenruzdeknn.site,China,,,,none,,Germany-targeting CIB domain,2026-09-11
2022 09 removing coordinated inauthentic behavior from china and russia,threat_actor,meta,2022 09 removing coordinated inauthentic behavior from china and russia,2022-09-27,https://about.fb.com/news/2022/09/removing-coordinated-inauthentic-behavior-from-china-and-russia/,domain,lenruzdeknn.space,China,,,,none,,Germany-targeting CIB domain,2026-09-11
2022 09 removing coordinated inauthentic behavior from china and russia,threat_actor,meta,2022 09 removing coordinated inauthentic behavior from china and russia,2022-09-27,https://about.fb.com/news/2022/09/removing-coordinated-inauthentic-behavior-from-china-and-russia/,domain,lenruzdeknn.website,China,,,,none,,Germany-targeting CIB domain,2026-09-11
2022 09 removing coordinated inauthentic behavior from china and russia,threat_actor,meta,2022 09 removing coordinated inauthentic behavior from china and russia,2022-09-27,https://about.fb.com/news/2022/09/removing-coordinated-inauthentic-behavior-from-china-and-russia/,domain,lenrzuednken.online,China,,,,none,,Germany-targeting CIB domain,2026-09-11
2022 09 removing coordinated inauthentic behavior from china and russia,threat_actor,meta,2022 09 removing coordinated inauthentic behavior from china and russia,2022-09-27,https://about.fb.com/news/2022/09/removing-coordinated-inauthentic-behavior-from-china-and-russia/,domain,lenrzuednken.site,China,,,,none,,Germany-targeting CIB domain,2026-09-11
2022 09 removing coordinated inauthentic behavior from china and russia,threat_actor,meta,2022 09 removing coordinated inauthentic behavior from china and russia,2022-09-27,https://about.fb.com/news/2022/09/removing-coordinated-inauthentic-behavior-from-china-and-russia/,domain,lenrzuednken.space,China,,,,none,,Germany-targeting CIB domain,2026-09-11
2022 09 removing coordinated inauthentic behavior from china and russia,threat_actor,meta,2022 09 removing coordinated inauthentic behavior from china and russia,2022-09-27,https://about.fb.com/news/2022/09/removing-coordinated-inauthentic-behavior-from-china-and-russia/,domain,lenrzuednken.website,China,,,,none,,Germany-targeting CIB domain,2026-09-11
2022 09 removing coordinated inauthentic behavior from china and russia,threat_actor,meta,2022 09 removing coordinated inauthentic behavior from china and russia,2022-09-27,https://about.fb.com/news/2022/09/removing-coordinated-inauthentic-behavior-from-china-and-russia/,domain,lernezudeknen.online,China,,,,none,,Germany-targeting CIB domain,2026-09-11
2022 09 removing coordinated inauthentic behavior from china and russia,threat_actor,meta,2022 09 removing coordinated inauthentic behavior from china and russia,2022-09-27,https://about.fb.com/news/2022/09/removing-coordinated-inauthentic-behavior-from-china-and-russia/,domain,lernezudeknen.site,China,,,,none,,Germany-targeting CIB domain,2026-09-11
2022 09 removing coordinated inauthentic behavior from china and russia,threat_actor,meta,2022 09 removing coordinated inauthentic behavior from china and russia,2022-09-27,https://about.fb.com/news/2022/09/removing-coordinated-inauthentic-behavior-from-china-and-russia/,domain,lernezudeknen.space,China,,,,none,,Germany-targeting CIB domain,2026-09-11
2022 09 removing coordinated inauthentic behavior from china and russia,threat_actor,meta,2022 09 removing coordinated inauthentic behavior from china and russia,2022-09-27,https://about.fb.com/news/2022/09/removing-coordinated-inauthentic-behavior-from-china-and-russia/,domain,lernezudeknen.website,China,,,,none,,Germany-targeting CIB domain,2026-09-11
2022 09 removing coordinated inauthentic behavior from china and russia,threat_actor,meta,2022 09 removing coordinated inauthentic behavior from china and russia,2022-09-27,https://about.fb.com/news/2022/09/removing-coordinated-inauthentic-behavior-from-china-and-russia/,domain,lernezuednkn.online,China,,,,none,,Germany-targeting CIB domain,2026-09-11
2022 09 removing coordinated inauthentic behavior from china and russia,threat_actor,meta,2022 09 removing coordinated inauthentic behavior from china and russia,2022-09-27,https://about.fb.com/news/2022/09/removing-coordinated-inauthentic-behavior-from-china-and-russia/,domain,lernezuednkn.site,China,,,,none,,Germany-targeting CIB domain,2026-09-11
2022 09 removing coordinated inauthentic behavior from china and russia,threat_actor,meta,2022 09 removing coordinated inauthentic behavior from china and russia,2022-09-27,https://about.fb.com/news/2022/09/removing-coordinated-inauthentic-behavior-from-china-and-russia/,domain,lernezuednkn.space,China,,,,none,,Germany-targeting CIB domain,2026-09-11
2022 09 removing coordinated inauthentic behavior from china and russia,threat_actor,meta,2022 09 removing coordinated inauthentic behavior from china and russia,2022-09-27,https://about.fb.com/news/2022/09/removing-coordinated-inauthentic-behavior-from-china-and-russia/,domain,lernezuednkn.website,China,,,,none,,Germany-targeting CIB domain,2026-09-11
2022 09 removing coordinated inauthentic behavior from china and russia,threat_actor,meta,2022 09 removing coordinated inauthentic behavior from china and russia,2022-09-27,https://about.fb.com/news/2022/09/removing-coordinated-inauthentic-behavior-from-china-and-russia/,domain,lernuzdenken.online,China,,,,none,,Germany-targeting CIB domain,2026-09-11
2022 09 removing coordinated inauthentic behavior from china and russia,threat_actor,meta,2022 09 removing coordinated inauthentic behavior from china and russia,2022-09-27,https://about.fb.com/news/2022/09/removing-coordinated-inauthentic-behavior-from-china-and-russia/,domain,lernuzdenken.website,China,,,,none,,Germany-targeting CIB domain,2026-09-11
2022 09 removing coordinated inauthentic behavior from china and russia,threat_actor,meta,2022 09 removing coordinated inauthentic behavior from china and russia,2022-09-27,https://about.fb.com/news/2022/09/removing-coordinated-inauthentic-behavior-from-china-and-russia/,domain,lnruzdeknn.online,China,,,,none,,Germany-targeting CIB domain,2026-09-11
2022 09 removing coordinated inauthentic behavior from china and russia,threat_actor,meta,2022 09 removing coordinated inauthentic behavior from china and russia,2022-09-27,https://about.fb.com/news/2022/09/removing-coordinated-inauthentic-behavior-from-china-and-russia/,domain,lnruzdeknn.online,China,,,,none,,Germany-targeting CIB domain,2026-09-11
2022 09 removing coordinated inauthentic behavior from china and russia,threat_actor,meta,2022 09 removing coordinated inauthentic behavior from china and russia,2022-09-27,https://about.fb.com/news/2022/09/removing-coordinated-inauthentic-behavior-from-china-and-russia/,domain,lnruzdeknn.site,China,,,,none,,Germany-targeting CIB domain,2026-09-11
2022 09 removing coordinated inauthentic behavior from china and russia,threat_actor,meta,2022 09 removing coordinated inauthentic behavior from china and russia,2022-09-27,https://about.fb.com/news/2022/09/removing-coordinated-inauthentic-behavior-from-china-and-russia/,domain,lnruzdeknn.space,China,,,,none,,Germany-targeting CIB domain,2026-09-11
2022 09 removing coordinated inauthentic behavior from china and russia,threat_actor,meta,2022 09 removing coordinated inauthentic behavior from china and russia,2022-09-27,https://about.fb.com/news/2022/09/removing-coordinated-inauthentic-behavior-from-china-and-russia/,domain,lnruzdeknn.website,China,,,,none,,Germany-targeting CIB domain,2026-09-11
2022 09 removing coordinated inauthentic behavior from china and russia,threat_actor,meta,2022 09 removing coordinated inauthentic behavior from china and russia,2022-09-27,https://about.fb.com/news/2022/09/removing-coordinated-inauthentic-behavior-from-china-and-russia/,domain,lrneuzdenken.online,China,,,,none,,Germany-targeting CIB domain,2026-09-11
2022 09 removing coordinated inauthentic behavior from china and russia,threat_actor,meta,2022 09 removing coordinated inauthentic behavior from china and russia,2022-09-27,https://about.fb.com/news/2022/09/removing-coordinated-inauthentic-behavior-from-china-and-russia/,domain,lrneuzdenken.online,China,,,,none,,Germany-targeting CIB domain,2026-09-11
2022 09 removing coordinated inauthentic behavior from china and russia,threat_actor,meta,2022 09 removing coordinated inauthentic behavior from china and russia,2022-09-27,https://about.fb.com/news/2022/09/removing-coordinated-inauthentic-behavior-from-china-and-russia/,domain,lrneuzdenken.site,China,,,,none,,Germany-targeting CIB domain,2026-09-11
2022 09 removing coordinated inauthentic behavior from china and russia,threat_actor,meta,2022 09 removing coordinated inauthentic behavior from china and russia,2022-09-27,https://about.fb.com/news/2022/09/removing-coordinated-inauthentic-behavior-from-china-and-russia/,domain,lrneuzdenken.space,China,,,,none,,Germany-targeting CIB domain,2026-09-11
2022 09 removing coordinated inauthentic behavior from china and russia,threat_actor,meta,2022 09 removing coordinated inauthentic behavior from china and russia,2022-09-27,https://about.fb.com/news/2022/09/removing-coordinated-inauthentic-behavior-from-china-and-russia/,domain,lrneuzdenken.website,China,,,,none,,Germany-targeting CIB domain,2026-09-11
2022 09 removing coordinated inauthentic behavior from china and russia,threat_actor,meta,2022 09 removing coordinated inauthentic behavior from china and russia,2022-09-27,https://about.fb.com/news/2022/09/removing-coordinated-inauthentic-behavior-from-china-and-russia/,domain,lrneuzednken.online,China,,,,none,,Germany-targeting CIB domain,2026-09-11
2022 09 removing coordinated inauthentic behavior from china and russia,threat_actor,meta,2022 09 removing coordinated inauthentic behavior from china and russia,2022-09-27,https://about.fb.com/news/2022/09/removing-coordinated-inauthentic-behavior-from-china-and-russia/,domain,lrneuzednken.site,China,,,,none,,Germany-targeting CIB domain,2026-09-11
2022 09 removing coordinated inauthentic behavior from china and russia,threat_actor,meta,2022 09 removing coordinated inauthentic behavior from china and russia,2022-09-27,https://about.fb.com/news/2022/09/removing-coordinated-inauthentic-behavior-from-china-and-russia/,domain,lrneuzednken.space,China,,,,none,,Germany-targeting CIB domain,2026-09-11
2022 09 removing coordinated inauthentic behavior from china and russia,threat_actor,meta,2022 09 removing coordinated inauthentic behavior from china and russia,2022-09-27,https://about.fb.com/news/2022/09/removing-coordinated-inauthentic-behavior-from-china-and-russia/,domain,lrneuzednken.website,China,,,,none,,Germany-targeting CIB domain,2026-09-11
2022 09 removing coordinated inauthentic behavior from china and russia,threat_actor,meta,2022 09 removing coordinated inauthentic behavior from china and russia,2022-09-27,https://about.fb.com/news/2022/09/removing-coordinated-inauthentic-behavior-from-china-and-russia/,domain,warhehit.fun,China,,,,none,,Germany-targeting CIB domain,2026-09-11
2022 09 removing coordinated inauthentic behavior from china and russia,threat_actor,meta,2022 09 removing coordinated inauthentic behavior from china and russia,2022-09-27,https://about.fb.com/news/2022/09/removing-coordinated-inauthentic-behavior-from-china-and-russia/,domain,warhehit.online,China,,,,none,,Germany-targeting CIB domain,2026-09-11
2022 09 removing coordinated inauthentic behavior from china and russia,threat_actor,meta,2022 09 removing coordinated inauthentic behavior from china and russia,2022-09-27,https://about.fb.com/news/2022/09/removing-coordinated-inauthentic-behavior-from-china-and-russia/,domain,warhehit.pw,China,,,,none,,Germany-targeting CIB domain,2026-09-11
2022 09 removing coordinated inauthentic behavior from china and russia,threat_actor,meta,2022 09 removing coordinated inauthentic behavior from china and russia,2022-09-27,https://about.fb.com/news/2022/09/removing-coordinated-inauthentic-behavior-from-china-and-russia/,domain,warhehit.site,China,,,,none,,Germany-targeting CIB domain,2026-09-11
2022 09 removing coordinated inauthentic behavior from china and russia,threat_actor,meta,2022 09 removing coordinated inauthentic behavior from china and russia,2022-09-27,https://about.fb.com/news/2022/09/removing-coordinated-inauthentic-behavior-from-china-and-russia/,domain,warhehit.space,China,,,,none,,Germany-targeting CIB domain,2026-09-11
2022 09 removing coordinated inauthentic behavior from china and russia,threat_actor,meta,2022 09 removing coordinated inauthentic behavior from china and russia,2022-09-27,https://about.fb.com/news/2022/09/removing-coordinated-inauthentic-behavior-from-china-and-russia/,domain,warhehit.website,China,,,,none,,Germany-targeting CIB domain,2026-09-11
2022 09 removing coordinated inauthentic behavior from china and russia,threat_actor,meta,2022 09 removing coordinated inauthentic behavior from china and russia,2022-09-27,https://about.fb.com/news/2022/09/removing-coordinated-inauthentic-behavior-from-china-and-russia/,domain,warhheit.online,China,,,,none,,Germany-targeting CIB domain,2026-09-11
2022 09 removing coordinated inauthentic behavior from china and russia,threat_actor,meta,2022 09 removing coordinated inauthentic behavior from china and russia,2022-09-27,https://about.fb.com/news/2022/09/removing-coordinated-inauthentic-behavior-from-china-and-russia/,domain,warhheit.site,China,,,,none,,Germany-targeting CIB domain,2026-09-11
2022 09 removing coordinated inauthentic behavior from china and russia,threat_actor,meta,2022 09 removing coordinated inauthentic behavior from china and russia,2022-09-27,https://about.fb.com/news/2022/09/removing-coordinated-inauthentic-behavior-from-china-and-russia/,domain,warhheit.space,China,,,,none,,Germany-targeting CIB domain,2026-09-11
2022 09 removing coordinated inauthentic behavior from china and russia,threat_actor,meta,2022 09 removing coordinated inauthentic behavior from china and russia,2022-09-27,https://about.fb.com/news/2022/09/removing-coordinated-inauthentic-behavior-from-china-and-russia/,domain,warhheit.website,China,,,,none,,Germany-targeting CIB domain,2026-09-11
2022 09 removing coordinated inauthentic behavior from china and russia,threat_actor,meta,2022 09 removing coordinated inauthentic behavior from china and russia,2022-09-27,https://about.fb.com/news/2022/09/removing-coordinated-inauthentic-behavior-from-china-and-russia/,domain,whrheit.online,China,,,,none,,Germany-targeting CIB domain,2026-09-11
2022 09 removing coordinated inauthentic behavior from china and russia,threat_actor,meta,2022 09 removing coordinated inauthentic behavior from china and russia,2022-09-27,https://about.fb.com/news/2022/09/removing-coordinated-inauthentic-behavior-from-china-and-russia/,domain,whrheit.pw,China,,,,none,,Germany-targeting CIB domain,2026-09-11
2022 09 removing coordinated inauthentic behavior from china and russia,threat_actor,meta,2022 09 removing coordinated inauthentic behavior from china and russia,2022-09-27,https://about.fb.com/news/2022/09/removing-coordinated-inauthentic-behavior-from-china-and-russia/,domain,whrheit.site,China,,,,none,,Germany-targeting CIB domain,2026-09-11
2022 09 removing coordinated inauthentic behavior from china and russia,threat_actor,meta,2022 09 removing coordinated inauthentic behavior from china and russia,2022-09-27,https://about.fb.com/news/2022/09/removing-coordinated-inauthentic-behavior-from-china-and-russia/,domain,whrheit.space,China,,,,none,,Germany-targeting CIB domain,2026-09-11
2022 09 removing coordinated inauthentic behavior from china and russia,threat_actor,meta,2022 09 removing coordinated inauthentic behavior from china and russia,2022-09-27,https://about.fb.com/news/2022/09/removing-coordinated-inauthentic-behavior-from-china-and-russia/,domain,whrheit.website,China,,,,none,,Germany-targeting CIB domain,2026-09-11
2022 09 removing coordinated inauthentic behavior from china and russia,threat_actor,meta,2022 09 removing coordinated inauthentic behavior from china and russia,2022-09-27,https://about.fb.com/news/2022/09/removing-coordinated-inauthentic-behavior-from-china-and-russia/,domain,wrhheit.online,China,,,,none,,Germany-targeting CIB domain,2026-09-11
2022 09 removing coordinated inauthentic behavior from china and russia,threat_actor,meta,2022 09 removing coordinated inauthentic behavior from china and russia,2022-09-27,https://about.fb.com/news/2022/09/removing-coordinated-inauthentic-behavior-from-china-and-russia/,domain,wrhheit.pw,China,,,,none,,Germany-targeting CIB domain,2026-09-11
2022 09 removing coordinated inauthentic behavior from china and russia,threat_actor,meta,2022 09 removing coordinated inauthentic behavior from china and russia,2022-09-27,https://about.fb.com/news/2022/09/removing-coordinated-inauthentic-behavior-from-china-and-russia/,domain,wrhheit.site,China,,,,none,,Germany-targeting CIB domain,2026-09-11
2022 09 removing coordinated inauthentic behavior from china and russia,threat_actor,meta,2022 09 removing coordinated inauthentic behavior from china and russia,2022-09-27,https://about.fb.com/news/2022/09/removing-coordinated-inauthentic-behavior-from-china-and-russia/,domain,wrhheit.space,China,,,,none,,Germany-targeting CIB domain,2026-09-11
2022 09 removing coordinated inauthentic behavior from china and russia,threat_actor,meta,2022 09 removing coordinated inauthentic behavior from china and russia,2022-09-27,https://about.fb.com/news/2022/09/removing-coordinated-inauthentic-behavior-from-china-and-russia/,domain,wrhheit.website,China,,,,none,,Germany-targeting CIB domain,2026-09-11
2022 09 removing coordinated inauthentic behavior from china and russia,threat_actor,meta,2022 09 removing coordinated inauthentic behavior from china and russia,2022-09-27,https://about.fb.com/news/2022/09/removing-coordinated-inauthentic-behavior-from-china-and-russia/,domain,allerdigns.pw,China,,,,none,,Germany-targeting CIB domain,2026-09-11
2022 09 removing coordinated inauthentic behavior from china and russia,threat_actor,meta,2022 09 removing coordinated inauthentic behavior from china and russia,2022-09-27,https://about.fb.com/news/2022/09/removing-coordinated-inauthentic-behavior-from-china-and-russia/,domain,deknuzesrtnach.fun,China,,,,none,,Germany-targeting CIB domain,2026-09-11
2022 09 removing coordinated inauthentic behavior from china and russia,threat_actor,meta,2022 09 removing coordinated inauthentic behavior from china and russia,2022-09-27,https://about.fb.com/news/2022/09/removing-coordinated-inauthentic-behavior-from-china-and-russia/,domain,deknuzesrtnach.online,China,,,,none,,Germany-targeting CIB domain,2026-09-11
2022 09 removing coordinated inauthentic behavior from china and russia,threat_actor,meta,2022 09 removing coordinated inauthentic behavior from china and russia,2022-09-27,https://about.fb.com/news/2022/09/removing-coordinated-inauthentic-behavior-from-china-and-russia/,domain,deknuzesrtnach.pw,China,,,,none,,Germany-targeting CIB domain,2026-09-11
2022 09 removing coordinated inauthentic behavior from china and russia,threat_actor,meta,2022 09 removing coordinated inauthentic behavior from china and russia,2022-09-27,https://about.fb.com/news/2022/09/removing-coordinated-inauthentic-behavior-from-china-and-russia/,domain,deknuzesrtnach.site,China,,,,none,,Germany-targeting CIB domain,2026-09-11
2022 09 removing coordinated inauthentic behavior from china and russia,threat_actor,meta,2022 09 removing coordinated inauthentic behavior from china and russia,2022-09-27,https://about.fb.com/news/2022/09/removing-coordinated-inauthentic-behavior-from-china-and-russia/,domain,deknuzesrtnach.space,China,,,,none,,Germany-targeting CIB domain,2026-09-11
2022 09 removing coordinated inauthentic behavior from china and russia,threat_actor,meta,2022 09 removing coordinated inauthentic behavior from china and russia,2022-09-27,https://about.fb.com/news/2022/09/removing-coordinated-inauthentic-behavior-from-china-and-russia/,domain,deknuzesrtnach.website,China,,,,none,,Germany-targeting CIB domain,2026-09-11
2022 09 removing coordinated inauthentic behavior from china and russia,threat_actor,meta,2022 09 removing coordinated inauthentic behavior from china and russia,2022-09-27,https://about.fb.com/news/2022/09/removing-coordinated-inauthentic-behavior-from-china-and-russia/,domain,deknzuersntch.site,China,,,,none,,Germany-targeting CIB domain,2026-09-11
2022 09 removing coordinated inauthentic behavior from china and russia,threat_actor,meta,2022 09 removing coordinated inauthentic behavior from china and russia,2022-09-27,https://about.fb.com/news/2022/09/removing-coordinated-inauthentic-behavior-from-china-and-russia/,domain,deknzuerstnch.fun,China,,,,none,,Germany-targeting CIB domain,2026-09-11
2022 09 removing coordinated inauthentic behavior from china and russia,threat_actor,meta,2022 09 removing coordinated inauthentic behavior from china and russia,2022-09-27,https://about.fb.com/news/2022/09/removing-coordinated-inauthentic-behavior-from-china-and-russia/,domain,deknzuerstnch.pw,China,,,,none,,Germany-targeting CIB domain,2026-09-11
2022 09 removing coordinated inauthentic behavior from china and russia,threat_actor,meta,2022 09 removing coordinated inauthentic behavior from china and russia,2022-09-27,https://about.fb.com/news/2022/09/removing-coordinated-inauthentic-behavior-from-china-and-russia/,domain,deknzuerstnch.site,China,,,,none,,Germany-targeting CIB domain,2026-09-11
2022 09 removing coordinated inauthentic behavior from china and russia,threat_actor,meta,2022 09 removing coordinated inauthentic behavior from china and russia,2022-09-27,https://about.fb.com/news/2022/09/removing-coordinated-inauthentic-behavior-from-china-and-russia/,domain,deknzuerstnch.website,China,,,,none,,Germany-targeting CIB domain,2026-09-11
2022 09 removing coordinated inauthentic behavior from china and russia,threat_actor,meta,2022 09 removing coordinated inauthentic behavior from china and russia,2022-09-27,https://about.fb.com/news/2022/09/removing-coordinated-inauthentic-behavior-from-china-and-russia/,domain,deknzursntch.fun,China,,,,none,,Germany-targeting CIB domain,2026-09-11
2022 09 removing coordinated inauthentic behavior from china and russia,threat_actor,meta,2022 09 removing coordinated inauthentic behavior from china and russia,2022-09-27,https://about.fb.com/news/2022/09/removing-coordinated-inauthentic-behavior-from-china-and-russia/,domain,deknzursntch.online,China,,,,none,,Germany-targeting CIB domain,2026-09-11
2022 09 removing coordinated inauthentic behavior from china and russia,threat_actor,meta,2022 09 removing coordinated inauthentic behavior from china and russia,2022-09-27,https://about.fb.com/news/2022/09/removing-coordinated-inauthentic-behavior-from-china-and-russia/,domain,deknzursntch.pw,China,,,,none,,Germany-targeting CIB domain,2026-09-11
2022 09 removing coordinated inauthentic behavior from china and russia,threat_actor,meta,2022 09 removing coordinated inauthentic behavior from china and russia,2022-09-27,https://about.fb.com/news/2022/09/removing-coordinated-inauthentic-behavior-from-china-and-russia/,domain,deknzursntch.site,China,,,,none,,Germany-targeting CIB domain,2026-09-11
2022 09 removing coordinated inauthentic behavior from china and russia,threat_actor,meta,2022 09 removing coordinated inauthentic behavior from china and russia,2022-09-27,https://about.fb.com/news/2022/09/removing-coordinated-inauthentic-behavior-from-china-and-russia/,domain,deknzursntch.space,China,,,,none,,Germany-targeting CIB domain,2026-09-11
2022 09 removing coordinated inauthentic behavior from china and russia,threat_actor,meta,2022 09 removing coordinated inauthentic behavior from china and russia,2022-09-27,https://about.fb.com/news/2022/09/removing-coordinated-inauthentic-behavior-from-china-and-russia/,domain,deknzursntch.website,China,,,,none,,Germany-targeting CIB domain,2026-09-11
2022 09 removing coordinated inauthentic behavior from china and russia,threat_actor,meta,2022 09 removing coordinated inauthentic behavior from china and russia,2022-09-27,https://about.fb.com/news/2022/09/removing-coordinated-inauthentic-behavior-from-china-and-russia/,domain,deknzusrtnach.fun,China,,,,none,,Germany-targeting CIB domain,2026-09-11
2022 09 removing coordinated inauthentic behavior from china and russia,threat_actor,meta,2022 09 removing coordinated inauthentic behavior from china and russia,2022-09-27,https://about.fb.com/news/2022/09/removing-coordinated-inauthentic-behavior-from-china-and-russia/,domain,deknzusrtnach.online,China,,,,none,,Germany-targeting CIB domain,2026-09-11
2022 09 removing coordinated inauthentic behavior from china and russia,threat_actor,meta,2022 09 removing coordinated inauthentic behavior from china and russia,2022-09-27,https://about.fb.com/news/2022/09/removing-coordinated-inauthentic-behavior-from-china-and-russia/,domain,deknzusrtnach.pw,China,,,,none,,Germany-targeting CIB domain,2026-09-11
2022 09 removing coordinated inauthentic behavior from china and russia,threat_actor,meta,2022 09 removing coordinated inauthentic behavior from china and russia,2022-09-27,https://about.fb.com/news/2022/09/removing-coordinated-inauthentic-behavior-from-china-and-russia/,domain,deknzusrtnach.site,China,,,,none,,Germany-targeting CIB domain,2026-09-11
2022 09 removing coordinated inauthentic behavior from china and russia,threat_actor,meta,2022 09 removing coordinated inauthentic behavior from china and russia,2022-09-27,https://about.fb.com/news/2022/09/removing-coordinated-inauthentic-behavior-from-china-and-russia/,domain,deknzusrtnach.space,China,,,,none,,Germany-targeting CIB domain,2026-09-11
2022 09 removing coordinated inauthentic behavior from china and russia,threat_actor,meta,2022 09 removing coordinated inauthentic behavior from china and russia,2022-09-27,https://about.fb.com/news/2022/09/removing-coordinated-inauthentic-behavior-from-china-and-russia/,domain,deknzusrtnach.website,China,,,,none,,Germany-targeting CIB domain,2026-09-11
2022 09 removing coordinated inauthentic behavior from china and russia,threat_actor,meta,2022 09 removing coordinated inauthentic behavior from china and russia,2022-09-27,https://about.fb.com/news/2022/09/removing-coordinated-inauthentic-behavior-from-china-and-russia/,domain,denkuzesrtnch.fun,China,,,,none,,Germany-targeting CIB domain,2026-09-11
2022 09 removing coordinated inauthentic behavior from china and russia,threat_actor,meta,2022 09 removing coordinated inauthentic behavior from china and russia,2022-09-27,https://about.fb.com/news/2022/09/removing-coordinated-inauthentic-behavior-from-china-and-russia/,domain,denkuzesrtnch.online,China,,,,none,,Germany-targeting CIB domain,2026-09-11
2022 09 removing coordinated inauthentic behavior from china and russia,threat_actor,meta,2022 09 removing coordinated inauthentic behavior from china and russia,2022-09-27,https://about.fb.com/news/2022/09/removing-coordinated-inauthentic-behavior-from-china-and-russia/,domain,denkuzesrtnch.site,China,,,,none,,Germany-targeting CIB domain,2026-09-11
2022 09 removing coordinated inauthentic behavior from china and russia,threat_actor,meta,2022 09 removing coordinated inauthentic behavior from china and russia,2022-09-27,https://about.fb.com/news/2022/09/removing-coordinated-inauthentic-behavior-from-china-and-russia/,domain,denkuzesrtnch.space,China,,,,none,,Germany-targeting CIB domain,2026-09-11
2022 09 removing coordinated inauthentic behavior from china and russia,threat_actor,meta,2022 09 removing coordinated inauthentic behavior from china and russia,2022-09-27,https://about.fb.com/news/2022/09/removing-coordinated-inauthentic-behavior-from-china-and-russia/,domain,denkuzesrtnch.website,China,,,,none,,Germany-targeting CIB domain,2026-09-11
2022 09 removing coordinated inauthentic behavior from china and russia,threat_actor,meta,2022 09 removing coordinated inauthentic behavior from china and russia,2022-09-27,https://about.fb.com/news/2022/09/removing-coordinated-inauthentic-behavior-from-china-and-russia/,domain,denkzusrntch.fun,China,,,,none,,Germany-targeting CIB domain,2026-09-11
2022 09 removing coordinated inauthentic behavior from china and russia,threat_actor,meta,2022 09 removing coordinated inauthentic behavior from china and russia,2022-09-27,https://about.fb.com/news/2022/09/removing-coordinated-inauthentic-behavior-from-china-and-russia/,domain,denkzusrntch.online,China,,,,none,,Germany-targeting CIB domain,2026-09-11
2022 09 removing coordinated inauthentic behavior from china and russia,threat_actor,meta,2022 09 removing coordinated inauthentic behavior from china and russia,2022-09-27,https://about.fb.com/news/2022/09/removing-coordinated-inauthentic-behavior-from-china-and-russia/,domain,denkzusrntch.pw,China,,,,none,,Germany-targeting CIB domain,2026-09-11
2022 09 removing coordinated inauthentic behavior from china and russia,threat_actor,meta,2022 09 removing coordinated inauthentic behavior from china and russia,2022-09-27,https://about.fb.com/news/2022/09/removing-coordinated-inauthentic-behavior-from-china-and-russia/,domain,denkzusrntch.site,China,,,,none,,Germany-targeting CIB domain,2026-09-11
2022 09 removing coordinated inauthentic behavior from china and russia,threat_actor,meta,2022 09 removing coordinated inauthentic behavior from china and russia,2022-09-27,https://about.fb.com/news/2022/09/removing-coordinated-inauthentic-behavior-from-china-and-russia/,domain,denkzusrntch.website,China,,,,none,,Germany-targeting CIB domain,2026-09-11
2022 09 removing coordinated inauthentic behavior from china and russia,threat_actor,meta,2022 09 removing coordinated inauthentic behavior from china and russia,2022-09-27,https://about.fb.com/news/2022/09/removing-coordinated-inauthentic-behavior-from-china-and-russia/,domain,dknuzersntch.online,China,,,,none,,Germany-targeting CIB domain,2026-09-11
2022 09 removing coordinated inauthentic behavior from china and russia,threat_actor,meta,2022 09 removing coordinated inauthentic behavior from china and russia,2022-09-27,https://about.fb.com/news/2022/09/removing-coordinated-inauthentic-behavior-from-china-and-russia/,domain,dknuzersntch.pw,China,,,,none,,Germany-targeting CIB domain,2026-09-11
2022 09 removing coordinated inauthentic behavior from china and russia,threat_actor,meta,2022 09 removing coordinated inauthentic behavior from china and russia,2022-09-27,https://about.fb.com/news/2022/09/removing-coordinated-inauthentic-behavior-from-china-and-russia/,domain,dknuzersntch.site,China,,,,none,,Germany-targeting CIB domain,2026-09-11
2022 09 removing coordinated inauthentic behavior from china and russia,threat_actor,meta,2022 09 removing coordinated inauthentic behavior from china and russia,2022-09-27,https://about.fb.com/news/2022/09/removing-coordinated-inauthentic-behavior-from-china-and-russia/,domain,dknuzersntch.website,China,,,,none,,Germany-targeting CIB domain,2026-09-11
2022 09 removing coordinated inauthentic behavior from china and russia,threat_actor,meta,2022 09 removing coordinated inauthentic behavior from china and russia,2022-09-27,https://about.fb.com/news/2022/09/removing-coordinated-inauthentic-behavior-from-china-and-russia/,domain,dknuzrstnach.online,China,,,,none,,Germany-targeting CIB domain,2026-09-11
2022 09 removing coordinated inauthentic behavior from china and russia,threat_actor,meta,2022 09 removing coordinated inauthentic behavior from china and russia,2022-09-27,https://about.fb.com/news/2022/09/removing-coordinated-inauthentic-behavior-from-china-and-russia/,domain,dknuzrstnach.pw,China,,,,none,,Germany-targeting CIB domain,2026-09-11
2022 09 removing coordinated inauthentic behavior from china and russia,threat_actor,meta,2022 09 removing coordinated inauthentic behavior from china and russia,2022-09-27,https://about.fb.com/news/2022/09/removing-coordinated-inauthentic-behavior-from-china-and-russia/,domain,dknuzrstnach.site,China,,,,none,,Germany-targeting CIB domain,2026-09-11
2022 09 removing coordinated inauthentic behavior from china and russia,threat_actor,meta,2022 09 removing coordinated inauthentic behavior from china and russia,2022-09-27,https://about.fb.com/news/2022/09/removing-coordinated-inauthentic-behavior-from-china-and-russia/,domain,dknuzrstnach.space,China,,,,none,,Germany-targeting CIB domain,2026-09-11
2022 09 removing coordinated inauthentic behavior from china and russia,threat_actor,meta,2022 09 removing coordinated inauthentic behavior from china and russia,2022-09-27,https://about.fb.com/news/2022/09/removing-coordinated-inauthentic-behavior-from-china-and-russia/,domain,dknuzrstnach.website,China,,,,none,,Germany-targeting CIB domain,2026-09-11
2022 09 removing coordinated inauthentic behavior from china and russia,threat_actor,meta,2022 09 removing coordinated inauthentic behavior from china and russia,2022-09-27,https://about.fb.com/news/2022/09/removing-coordinated-inauthentic-behavior-from-china-and-russia/,domain,dknuzsrntch.fun,China,,,,none,,Germany-targeting CIB domain,2026-09-11
2022 09 removing coordinated inauthentic behavior from china and russia,threat_actor,meta,2022 09 removing coordinated inauthentic behavior from china and russia,2022-09-27,https://about.fb.com/news/2022/09/removing-coordinated-inauthentic-behavior-from-china-and-russia/,domain,dknuzsrntch.online,China,,,,none,,Germany-targeting CIB domain,2026-09-11
2022 09 removing coordinated inauthentic behavior from china and russia,threat_actor,meta,2022 09 removing coordinated inauthentic behavior from china and russia,2022-09-27,https://about.fb.com/news/2022/09/removing-coordinated-inauthentic-behavior-from-china-and-russia/,domain,dknuzsrntch.pw,China,,,,none,,Germany-targeting CIB domain,2026-09-11
2022 09 removing coordinated inauthentic behavior from china and russia,threat_actor,meta,2022 09 removing coordinated inauthentic behavior from china and russia,2022-09-27,https://about.fb.com/news/2022/09/removing-coordinated-inauthentic-behavior-from-china-and-russia/,domain,dknuzsrntch.site,China,,,,none,,Germany-targeting CIB domain,2026-09-11
2022 09 removing coordinated inauthentic behavior from china and russia,threat_actor,meta,2022 09 removing coordinated inauthentic behavior from china and russia,2022-09-27,https://about.fb.com/news/2022/09/removing-coordinated-inauthentic-behavior-from-china-and-russia/,domain,dknuzsrntch.space,China,,,,none,,Germany-targeting CIB domain,2026-09-11
2022 09 removing coordinated inauthentic behavior from china and russia,threat_actor,meta,2022 09 removing coordinated inauthentic behavior from china and russia,2022-09-27,https://about.fb.com/news/2022/09/removing-coordinated-inauthentic-behavior-from-china-and-russia/,domain,dknuzsrntch.website,China,,,,none,,Germany-targeting CIB domain,2026-09-11
2022 09 removing coordinated inauthentic behavior from china and russia,threat_actor,meta,2022 09 removing coordinated inauthentic behavior from china and russia,2022-09-27,https://about.fb.com/news/2022/09/removing-coordinated-inauthentic-behavior-from-china-and-russia/,domain,dknzursntach.online,China,,,,none,,Germany-targeting CIB domain,2026-09-11
2022 09 removing coordinated inauthentic behavior from china and russia,threat_actor,meta,2022 09 removing coordinated inauthentic behavior from china and russia,2022-09-27,https://about.fb.com/news/2022/09/removing-coordinated-inauthentic-behavior-from-china-and-russia/,domain,dknzursntach.pw,China,,,,none,,Germany-targeting CIB domain,2026-09-11
2022 09 removing coordinated inauthentic behavior from china and russia,threat_actor,meta,2022 09 removing coordinated inauthentic behavior from china and russia,2022-09-27,https://about.fb.com/news/2022/09/removing-coordinated-inauthentic-behavior-from-china-and-russia/,domain,dknzursntach.site,China,,,,none,,Germany-targeting CIB domain,2026-09-11
2022 09 removing coordinated inauthentic behavior from china and russia,threat_actor,meta,2022 09 removing coordinated inauthentic behavior from china and russia,2022-09-27,https://about.fb.com/news/2022/09/removing-coordinated-inauthentic-behavior-from-china-and-russia/,domain,dknzursntach.space,China,,,,none,,Germany-targeting CIB domain,2026-09-11
2022 09 removing coordinated inauthentic behavior from china and russia,threat_actor,meta,2022 09 removing coordinated inauthentic behavior from china and russia,2022-09-27,https://about.fb.com/news/2022/09/removing-coordinated-inauthentic-behavior-from-china-and-russia/,domain,dknzursntach.website,China,,,,none,,Germany-targeting CIB domain,2026-09-11
2022 09 removing coordinated inauthentic behavior from china and russia,threat_actor,meta,2022 09 removing coordinated inauthentic behavior from china and russia,2022-09-27,https://about.fb.com/news/2022/09/removing-coordinated-inauthentic-behavior-from-china-and-russia/,domain,dnkzuesrtnach.pw,China,,,,none,,Germany-targeting CIB domain,2026-09-11
2022 09 removing coordinated inauthentic behavior from china and russia,threat_actor,meta,2022 09 removing coordinated inauthentic behavior from china and russia,2022-09-27,https://about.fb.com/news/2022/09/removing-coordinated-inauthentic-behavior-from-china-and-russia/,domain,dnkzuesrtnach.website,China,,,,none,,Germany-targeting CIB domain,2026-09-11
2022 09 removing coordinated inauthentic behavior from china and russia,threat_actor,meta,2022 09 removing coordinated inauthentic behavior from china and russia,2022-09-27,https://about.fb.com/news/2022/09/removing-coordinated-inauthentic-behavior-from-china-and-russia/,domain,ferehtdwrhl.fun,China,,,,none,,Germany-targeting CIB domain,2026-09-11
2022 09 removing coordinated inauthentic behavior from china and russia,threat_actor,meta,2022 09 removing coordinated inauthentic behavior from china and russia,2022-09-27,https://about.fb.com/news/2022/09/removing-coordinated-inauthentic-behavior-from-china-and-russia/,domain,ferehtdwrhl.pw,China,,,,none,,Germany-targeting CIB domain,2026-09-11
2022 09 removing coordinated inauthentic behavior from china and russia,threat_actor,meta,2022 09 removing coordinated inauthentic behavior from china and russia,2022-09-27,https://about.fb.com/news/2022/09/removing-coordinated-inauthentic-behavior-from-china-and-russia/,domain,ferehtdwrhl.site,China,,,,none,,Germany-targeting CIB domain,2026-09-11
2022 09 removing coordinated inauthentic behavior from china and russia,threat_actor,meta,2022 09 removing coordinated inauthentic behavior from china and russia,2022-09-27,https://about.fb.com/news/2022/09/removing-coordinated-inauthentic-behavior-from-china-and-russia/,domain,ferehtdwrhl.space,China,,,,none,,Germany-targeting CIB domain,2026-09-11
2022 09 removing coordinated inauthentic behavior from china and russia,threat_actor,meta,2022 09 removing coordinated inauthentic behavior from china and russia,2022-09-27,https://about.fb.com/news/2022/09/removing-coordinated-inauthentic-behavior-from-china-and-russia/,domain,ferehtdwrhl.website,China,,,,none,,Germany-targeting CIB domain,2026-09-11
2022 09 removing coordinated inauthentic behavior from china and russia,threat_actor,meta,2022 09 removing coordinated inauthentic behavior from china and russia,2022-09-27,https://about.fb.com/news/2022/09/removing-coordinated-inauthentic-behavior-from-china-and-russia/,domain,ferhedtewrahl.pw,China,,,,none,,Germany-targeting CIB domain,2026-09-11
2022 09 removing coordinated inauthentic behavior from china and russia,threat_actor,meta,2022 09 removing coordinated inauthentic behavior from china and russia,2022-09-27,https://about.fb.com/news/2022/09/removing-coordinated-inauthentic-behavior-from-china-and-russia/,domain,ferhedtewrahl.site,China,,,,none,,Germany-targeting CIB domain,2026-09-11
2022 09 removing coordinated inauthentic behavior from china and russia,threat_actor,meta,2022 09 removing coordinated inauthentic behavior from china and russia,2022-09-27,https://about.fb.com/news/2022/09/removing-coordinated-inauthentic-behavior-from-china-and-russia/,domain,ferhedtewrahl.website,China,,,,none,,Germany-targeting CIB domain,2026-09-11
2022 09 removing coordinated inauthentic behavior from china and russia,threat_actor,meta,2022 09 removing coordinated inauthentic behavior from china and russia,2022-09-27,https://about.fb.com/news/2022/09/removing-coordinated-inauthentic-behavior-from-china-and-russia/,domain,feriehtdewrahl.pw,China,,,,none,,Germany-targeting CIB domain,2026-09-11
2022 09 removing coordinated inauthentic behavior from china and russia,threat_actor,meta,2022 09 removing coordinated inauthentic behavior from china and russia,2022-09-27,https://about.fb.com/news/2022/09/removing-coordinated-inauthentic-behavior-from-china-and-russia/,domain,feriehtdewrahl.site,China,,,,none,,Germany-targeting CIB domain,2026-09-11
2022 09 removing coordinated inauthentic behavior from china and russia,threat_actor,meta,2022 09 removing coordinated inauthentic behavior from china and russia,2022-09-27,https://about.fb.com/news/2022/09/removing-coordinated-inauthentic-behavior-from-china-and-russia/,domain,feriehtdewrahl.space,China,,,,none,,Germany-targeting CIB domain,2026-09-11
2022 09 removing coordinated inauthentic behavior from china and russia,threat_actor,meta,2022 09 removing coordinated inauthentic behavior from china and russia,2022-09-27,https://about.fb.com/news/2022/09/removing-coordinated-inauthentic-behavior-from-china-and-russia/,domain,feriehtdewrahl.website,China,,,,none,,Germany-targeting CIB domain,2026-09-11
2022 09 removing coordinated inauthentic behavior from china and russia,threat_actor,meta,2022 09 removing coordinated inauthentic behavior from china and russia,2022-09-27,https://about.fb.com/news/2022/09/removing-coordinated-inauthentic-behavior-from-china-and-russia/,domain,ferihetderwahl.online,China,,,,none,,Germany-targeting CIB domain,2026-09-11
2022 09 removing coordinated inauthentic behavior from china and russia,threat_actor,meta,2022 09 removing coordinated inauthentic behavior from china and russia,2022-09-27,https://about.fb.com/news/2022/09/removing-coordinated-inauthentic-behavior-from-china-and-russia/,domain,ferihetderwahl.website,China,,,,none,,Germany-targeting CIB domain,2026-09-11
2022 09 removing coordinated inauthentic behavior from china and russia,threat_actor,meta,2022 09 removing coordinated inauthentic behavior from china and russia,2022-09-27,https://about.fb.com/news/2022/09/removing-coordinated-inauthentic-behavior-from-china-and-russia/,domain,warhheit.fun,China,,,,none,,Germany-targeting CIB domain,2026-09-11
2022 09 removing coordinated inauthentic behavior from china and russia,threat_actor,meta,2022 09 removing coordinated inauthentic behavior from china and russia,2022-09-27,https://about.fb.com/news/2022/09/removing-coordinated-inauthentic-behavior-from-china-and-russia/,domain,whrheit.fun,China,,,,none,,Germany-targeting CIB domain,2026-09-11
2022 09 removing coordinated inauthentic behavior from china and russia,threat_actor,meta,2022 09 removing coordinated inauthentic behavior from china and russia,2022-09-27,https://about.fb.com/news/2022/09/removing-coordinated-inauthentic-behavior-from-china-and-russia/,domain,wrhheit.fun,China,,,,none,,Germany-targeting CIB domain,2026-09-11
2022 09 removing coordinated inauthentic behavior from china and russia,threat_actor,meta,2022 09 removing coordinated inauthentic behavior from china and russia,2022-09-27,https://about.fb.com/news/2022/09/removing-coordinated-inauthentic-behavior-from-china-and-russia/,domain,kennediewahrheit.live,China,,,,none,,Germany-targeting CIB domain,2026-09-11
2022 09 removing coordinated inauthentic behavior from china and russia,threat_actor,meta,2022 09 removing coordinated inauthentic behavior from china and russia,2022-09-27,https://about.fb.com/news/2022/09/removing-coordinated-inauthentic-behavior-from-china-and-russia/,domain,lorketstonker.store,China,,,,none,,Germany-targeting CIB domain,2026-09-11
2022 09 removing coordinated inauthentic behavior from china and russia,threat_actor,meta,2022 09 removing coordinated inauthentic behavior from china and russia,2022-09-27,https://about.fb.com/news/2022/09/removing-coordinated-inauthentic-behavior-from-china-and-russia/,domain,neuigkeitenfursie.tech,China,,,,none,,Germany-targeting CIB domain,2026-09-11
2022 09 removing coordinated inauthentic behavior from china and russia,threat_actor,meta,2022 09 removing coordinated inauthentic behavior from china and russia,2022-09-27,https://about.fb.com/news/2022/09/removing-coordinated-inauthentic-behavior-from-china-and-russia/,domain,wahrheitindenaugen.pw,China,,,,none,,Germany-targeting CIB domain,2026-09-11
2022 09 removing coordinated inauthentic behavior from china and russia,threat_actor,meta,2022 09 removing coordinated inauthentic behavior from china and russia,2022-09-27,https://about.fb.com/news/2022/09/removing-coordinated-inauthentic-behavior-from-china-and-russia/,domain,warhheiiptdaunegn.link,China,,,,none,,Germany-targeting CIB domain,2026-09-11
2022 09 removing coordinated inauthentic behavior from china and russia,threat_actor,meta,2022 09 removing coordinated inauthentic behavior from china and russia,2022-09-27,https://about.fb.com/news/2022/09/removing-coordinated-inauthentic-behavior-from-china-and-russia/,domain,warhheiiptdaunegn.pw,China,,,,none,,Germany-targeting CIB domain,2026-09-11
2022 09 removing coordinated inauthentic behavior from china and russia,threat_actor,meta,2022 09 removing coordinated inauthentic behavior from china and russia,2022-09-27,https://about.fb.com/news/2022/09/removing-coordinated-inauthentic-behavior-from-china-and-russia/,domain,warhheintbaunegn.pw,China,,,,none,,Germany-targeting CIB domain,2026-09-11
2022 09 removing coordinated inauthentic behavior from china and russia,threat_actor,meta,2022 09 removing coordinated inauthentic behavior from china and russia,2022-09-27,https://about.fb.com/news/2022/09/removing-coordinated-inauthentic-behavior-from-china-and-russia/,domain,warhheintdaunegn.link,China,,,,none,,Germany-targeting CIB domain,2026-09-11
2022 09 removing coordinated inauthentic behavior from china and russia,threat_actor,meta,2022 09 removing coordinated inauthentic behavior from china and russia,2022-09-27,https://about.fb.com/news/2022/09/removing-coordinated-inauthentic-behavior-from-china-and-russia/,domain,warhheintdaunegn.pw,China,,,,none,,Germany-targeting CIB domain,2026-09-11
2022 09 removing coordinated inauthentic behavior from china and russia,threat_actor,meta,2022 09 removing coordinated inauthentic behavior from china and russia,2022-09-27,https://about.fb.com/news/2022/09/removing-coordinated-inauthentic-behavior-from-china-and-russia/,url,https://t.me/via_napoli,China,,,,none,,[telegram url] CIB Telegram URL,2026-09-11
2022 09 removing coordinated inauthentic behavior from china and russia,threat_actor,meta,2022 09 removing coordinated inauthentic behavior from china and russia,2022-09-27,https://about.fb.com/news/2022/09/removing-coordinated-inauthentic-behavior-from-china-and-russia/,url,https://t.me/Streetleeds,China,,,,none,,[telegram url] CIB Telegram URL,2026-09-11
2022 09 removing coordinated inauthentic behavior from china and russia,threat_actor,meta,2022 09 removing coordinated inauthentic behavior from china and russia,2022-09-27,https://about.fb.com/news/2022/09/removing-coordinated-inauthentic-behavior-from-china-and-russia/,url,https://t.me/london_rumors,China,,,,none,,[telegram url] CIB Telegram URL,2026-09-11
2022 09 removing coordinated inauthentic behavior from china and russia,threat_actor,meta,2022 09 removing coordinated inauthentic behavior from china and russia,2022-09-27,https://about.fb.com/news/2022/09/removing-coordinated-inauthentic-behavior-from-china-and-russia/,url,https://t.me/birmingemS,China,,,,none,,[telegram url] CIB Telegram URL,2026-09-11
2022 09 removing coordinated inauthentic behavior from china and russia,threat_actor,meta,2022 09 removing coordinated inauthentic behavior from china and russia,2022-09-27,https://about.fb.com/news/2022/09/removing-coordinated-inauthentic-behavior-from-china-and-russia/,url,https://t.me/london0101,China,,,,none,,[telegram url] CIB Telegram URL,2026-09-11
2022 09 removing coordinated inauthentic behavior from china and russia,threat_actor,meta,2022 09 removing coordinated inauthentic behavior from china and russia,2022-09-27,https://about.fb.com/news/2022/09/removing-coordinated-inauthentic-behavior-from-china-and-russia/,url,https://t.me/reliablerecentnews,China,,,,none,,[telegram url] CIB Telegram URL,2026-09-11
2022 09 removing coordinated inauthentic behavior from china and russia,threat_actor,meta,2022 09 removing coordinated inauthentic behavior from china and russia,2022-09-27,https://about.fb.com/news/2022/09/removing-coordinated-inauthentic-behavior-from-china-and-russia/,url,https://marc-foreman.livejournal.com/,China,,,,none,,[cib url] CIB URL,2026-09-11
2022 09 removing coordinated inauthentic behavior from china and russia,threat_actor,meta,2022 09 removing coordinated inauthentic behavior from china and russia,2022-09-27,https://about.fb.com/news/2022/09/removing-coordinated-inauthentic-behavior-from-china-and-russia/,url,https://chng.it/NYt5whb9Nr,China,,,,none,,[cib url] CIB URL,2026-09-11
2022 09 removing coordinated inauthentic behavior from china and russia,threat_actor,meta,2022 09 removing coordinated inauthentic behavior from china and russia,2022-09-27,https://about.fb.com/news/2022/09/removing-coordinated-inauthentic-behavior-from-china-and-russia/,url,https://chng.it/shjPpqH2Cg,China,,,,none,,[cib url] CIB URL,2026-09-11
2022 09 removing coordinated inauthentic behavior from china and russia,threat_actor,meta,2022 09 removing coordinated inauthentic behavior from china and russia,2022-09-27,https://about.fb.com/news/2022/09/removing-coordinated-inauthentic-behavior-from-china-and-russia/,url,https://chng.it/dm7xNLS22d,China,,,,none,,[cib url] CIB URL,2026-09-11
2022 09 removing coordinated inauthentic behavior from china and russia,threat_actor,meta,2022 09 removing coordinated inauthentic behavior from china and russia,2022-09-27,https://about.fb.com/news/2022/09/removing-coordinated-inauthentic-behavior-from-china-and-russia/,url,https://chng.it/RQhZSjsPKM,China,,,,none,,[cib url] CIB URL,2026-09-11
2022 09 removing coordinated inauthentic behavior from china and russia,threat_actor,meta,2022 09 removing coordinated inauthentic behavior from china and russia,2022-09-27,https://about.fb.com/news/2022/09/removing-coordinated-inauthentic-behavior-from-china-and-russia/,url,https://chng.it/HWDDBjGpxF,China,,,,none,,[cib url] CIB URL,2026-09-11
2022 09 removing coordinated inauthentic behavior from china and russia,threat_actor,meta,2022 09 removing coordinated inauthentic behavior from china and russia,2022-09-27,https://about.fb.com/news/2022/09/removing-coordinated-inauthentic-behavior-from-china-and-russia/,url,https://www.change.org/p/zur-rationalisierung-der-ausgaben-f%C3%BCr-migranten,China,,,,none,,[cib url] CIB URL,2026-09-11
2022 09 removing coordinated inauthentic behavior from china and russia,threat_actor,meta,2022 09 removing coordinated inauthentic behavior from china and russia,2022-09-27,https://about.fb.com/news/2022/09/removing-coordinated-inauthentic-behavior-from-china-and-russia/,url,https://www.change.org/p/f%C3%BCr-unvoreingenommene-berichterstattung-%C3%BCr-den-krieg-in-der-ukraine,China,,,,none,,[cib url] CIB URL,2026-09-11
2022 09 removing coordinated inauthentic behavior from china and russia,threat_actor,meta,2022 09 removing coordinated inauthentic behavior from china and russia,2022-09-27,https://about.fb.com/news/2022/09/removing-coordinated-inauthentic-behavior-from-china-and-russia/,url,https://www.change.org/p/zur-bew%C3%A4ltigung-der-folgen-der-wirtschaftskrise,China,,,,none,,[cib url] CIB URL,2026-09-11
2022 09 removing coordinated inauthentic behavior from china and russia,threat_actor,meta,2022 09 removing coordinated inauthentic behavior from china and russia,2022-09-27,https://about.fb.com/news/2022/09/removing-coordinated-inauthentic-behavior-from-china-and-russia/,url,https://www.change.org/p/tighten-legislation-regarding-migrants,China,,,,none,,[cib url] CIB URL,2026-09-11
2022 09 removing coordinated inauthentic behavior from china and russia,threat_actor,meta,2022 09 removing coordinated inauthentic behavior from china and russia,2022-09-27,https://about.fb.com/news/2022/09/removing-coordinated-inauthentic-behavior-from-china-and-russia/,url,https://www.change.org/p/no-weapons-to-ukraine,China,,,,none,,[cib url] CIB URL,2026-09-11
2022 09 removing coordinated inauthentic behavior from china and russia,threat_actor,meta,2022 09 removing coordinated inauthentic behavior from china and russia,2022-09-27,https://about.fb.com/news/2022/09/removing-coordinated-inauthentic-behavior-from-china-and-russia/,url,http://secure.avaaz.org/community_petitions/de/freies_deutschland_zur_rationalisierung_r_aus,China,,,,none,,[cib url] CIB URL,2026-09-11
2022 09 removing coordinated inauthentic behavior from china and russia,threat_actor,meta,2022 09 removing coordinated inauthentic behavior from china and russia,2022-09-27,https://about.fb.com/news/2022/09/removing-coordinated-inauthentic-behavior-from-china-and-russia/,url,http://secure.avaaz.org/community_petitions/de/freies_deutschland_zur_rationalisierung_r_ausgaben_fur_migranten_1,China,,,,none,,[cib url] CIB URL,2026-09-11
2022 09 removing coordinated inauthentic behavior from china and russia,threat_actor,meta,2022 09 removing coordinated inauthentic behavior from china and russia,2022-09-27,https://about.fb.com/news/2022/09/removing-coordinated-inauthentic-behavior-from-china-and-russia/,url,http://secure.avaaz.org/community_petitions/de/freies_deutschland_zur_rationalisierung_r_ausgaben_fur_migranten_1?cvtyetb,China,,,,none,,[cib url] CIB URL,2026-09-11
2022 09 removing coordinated inauthentic behavior from china and russia,threat_actor,meta,2022 09 removing coordinated inauthentic behavior from china and russia,2022-09-27,https://about.fb.com/news/2022/09/removing-coordinated-inauthentic-behavior-from-china-and-russia/,url,http://secure.avaaz.org/community_petitions/en/bundesrat_die_deutsche_familie_zusamnhalten,China,,,,none,,[cib url] CIB URL,2026-09-11
2022 09 removing coordinated inauthentic behavior from china and russia,threat_actor,meta,2022 09 removing coordinated inauthentic behavior from china and russia,2022-09-27,https://about.fb.com/news/2022/09/removing-coordinated-inauthentic-behavior-from-china-and-russia/,url,http://secure.avaaz.org/community_petitions/en/bundesrat_die_deutsche_familie_zusamnhalten?cvtyetb,China,,,,none,,[cib url] CIB URL,2026-09-11
2022 09 removing coordinated inauthentic behavior from china and russia,threat_actor,meta,2022 09 removing coordinated inauthentic behavior from china and russia,2022-09-27,https://about.fb.com/news/2022/09/removing-coordinated-inauthentic-behavior-from-china-and-russia/,url,http://secure.avaaz.org/community_petitions/en/parlamento_italiano_responsabilita_per_crimini_dei_migranti,China,,,,none,,[cib url] CIB URL,2026-09-11
2022 09 removing coordinated inauthentic behavior from china and russia,threat_actor,meta,2022 09 removing coordinated inauthentic behavior from china and russia,2022-09-27,https://about.fb.com/news/2022/09/removing-coordinated-inauthentic-behavior-from-china-and-russia/,url,http://secure.avaaz.org/community_petitions/en/parlamento_italiano_responsabilita_per_crimini_dei_migranti?cmykftb,China,,,,none,,[cib url] CIB URL,2026-09-11
2022 09 removing coordinated inauthentic behavior from china and russia,threat_actor,meta,2022 09 removing coordinated inauthentic behavior from china and russia,2022-09-27,https://about.fb.com/news/2022/09/removing-coordinated-inauthentic-behavior-from-china-and-russia/,url,http://secure.avaaz.org/community_petitions/en/parliament_of_the_united_kingdom_of_eat_britain__objective_information_about_the_consequences_of_confrontation_with_rusa,China,,,,none,,[cib url] CIB URL,2026-09-11
2022 09 removing coordinated inauthentic behavior from china and russia,threat_actor,meta,2022 09 removing coordinated inauthentic behavior from china and russia,2022-09-27,https://about.fb.com/news/2022/09/removing-coordinated-inauthentic-behavior-from-china-and-russia/,url,http://secure.avaaz.org/community_petitions/en/parliament_of_the_united_kingdom_of_eat_britain__objective_information_about_the_consequences_of_confrontation_with_rusa?cnxjftb,China,,,,none,,[cib url] CIB URL,2026-09-11
2022 09 removing coordinated inauthentic behavior from china and russia,threat_actor,meta,2022 09 removing coordinated inauthentic behavior from china and russia,2022-09-27,https://about.fb.com/news/2022/09/removing-coordinated-inauthentic-behavior-from-china-and-russia/,url,https://t.me/GreatBritain_F,China,,,,none,,[telegram url] CIB Telegram URL,2026-09-11
2022 09 removing coordinated inauthentic behavior from china and russia,threat_actor,meta,2022 09 removing coordinated inauthentic behavior from china and russia,2022-09-27,https://about.fb.com/news/2022/09/removing-coordinated-inauthentic-behavior-from-china-and-russia/,url,https://t.me/libera_Italia,China,,,,none,,[telegram url] CIB Telegram URL,2026-09-11
2022 09 removing coordinated inauthentic behavior from china and russia,threat_actor,meta,2022 09 removing coordinated inauthentic behavior from china and russia,2022-09-27,https://about.fb.com/news/2022/09/removing-coordinated-inauthentic-behavior-from-china-and-russia/,url,https://t.me/news_munchen/42,China,,,,none,,[telegram url] CIB Telegram URL,2026-09-11
2022 09 removing coordinated inauthentic behavior from china and russia,threat_actor,meta,2022 09 removing coordinated inauthentic behavior from china and russia,2022-09-27,https://about.fb.com/news/2022/09/removing-coordinated-inauthentic-behavior-from-china-and-russia/,url,https://t.me/News_Freies_Deutschland,China,,,,none,,[telegram url] CIB Telegram URL,2026-09-11
2022 09 removing coordinated inauthentic behavior from china and russia,threat_actor,meta,2022 09 removing coordinated inauthentic behavior from china and russia,2022-09-27,https://about.fb.com/news/2022/09/removing-coordinated-inauthentic-behavior-from-china-and-russia/,url,https://t.me/friekorps,China,,,,none,,[telegram url] CIB Telegram URL,2026-09-11
2022 09 removing coordinated inauthentic behavior from china and russia,threat_actor,meta,2022 09 removing coordinated inauthentic behavior from china and russia,2022-09-27,https://about.fb.com/news/2022/09/removing-coordinated-inauthentic-behavior-from-china-and-russia/,url,https://t.me/ex_pat,China,,,,none,,[telegram url] CIB Telegram URL,2026-09-11
2022 09 removing coordinated inauthentic behavior from china and russia,threat_actor,meta,2022 09 removing coordinated inauthentic behavior from china and russia,2022-09-27,https://about.fb.com/news/2022/09/removing-coordinated-inauthentic-behavior-from-china-and-russia/,url,https://t.me/berlin_noname,China,,,,none,,[telegram url] CIB Telegram URL,2026-09-11
2022 09 removing coordinated inauthentic behavior from china and russia,threat_actor,meta,2022 09 removing coordinated inauthentic behavior from china and russia,2022-09-27,https://about.fb.com/news/2022/09/removing-coordinated-inauthentic-behavior-from-china-and-russia/,url,https://t.me/meun_01,China,,,,none,,[telegram url] CIB Telegram URL,2026-09-11
2022 09 removing coordinated inauthentic behavior from china and russia,threat_actor,meta,2022 09 removing coordinated inauthentic behavior from china and russia,2022-09-27,https://about.fb.com/news/2022/09/removing-coordinated-inauthentic-behavior-from-china-and-russia/,url,https://t.me/milano_vs,China,,,,none,,[telegram url] CIB Telegram URL,2026-09-11
