actor,actor_type,source_provider,source_report,report_date,source_url,indicator_type,indicator_value,country,target_country,target_sector,ttp,ttp_framework,confidence,description,date_added
Spamouflage China based CIB updated,influence_operation,meta,Q2_2023_Spamouflage_China_based_CIB_updated,2023-04-01,https://github.com/facebook/threat-research/blob/main/indicators/csv/Q2_2023%20/Q2_2023_Spamouflage_China_based_CIB_updated.csv,asset_count,"7,704 Facebook accounts",China,,,0. Acquiring assets > 0.9 Acquiring social media accounts > 0.9.1 Acquiring Facebook assets,meta_kill_chain,,,2026-09-11
Spamouflage China based CIB updated,influence_operation,meta,Q2_2023_Spamouflage_China_based_CIB_updated,2023-04-01,https://github.com/facebook/threat-research/blob/main/indicators/csv/Q2_2023%20/Q2_2023_Spamouflage_China_based_CIB_updated.csv,asset_count,954 Facebook Pages,China,,,0. Acquiring assets > 0.9 Acquiring social media accounts > 0.9.1 Acquiring Facebook assets,meta_kill_chain,,,2026-09-11
Spamouflage China based CIB updated,influence_operation,meta,Q2_2023_Spamouflage_China_based_CIB_updated,2023-04-01,https://github.com/facebook/threat-research/blob/main/indicators/csv/Q2_2023%20/Q2_2023_Spamouflage_China_based_CIB_updated.csv,asset_count,15 Facebook Groups,China,,,0. Acquiring assets > 0.9 Acquiring social media accounts > 0.9.1 Acquiring Facebook assets,meta_kill_chain,,,2026-09-11
Spamouflage China based CIB updated,influence_operation,meta,Q2_2023_Spamouflage_China_based_CIB_updated,2023-04-01,https://github.com/facebook/threat-research/blob/main/indicators/csv/Q2_2023%20/Q2_2023_Spamouflage_China_based_CIB_updated.csv,asset_count,15 Instagram accounts,China,,,0. Acquiring assets > 0.9 Acquiring social media accounts > 0.9.2 Acquiring Instagram accounts,meta_kill_chain,,,2026-09-11
Spamouflage China based CIB updated,influence_operation,meta,Q2_2023_Spamouflage_China_based_CIB_updated,2023-04-01,https://github.com/facebook/threat-research/blob/main/indicators/csv/Q2_2023%20/Q2_2023_Spamouflage_China_based_CIB_updated.csv,url,https://twitter[.]com/GarciaJasmyn1/,China,,,0. Acquiring assets > 0.9 Acquiring social media accounts > 0.9.4 Acquiring X / Twitter accounts,meta_kill_chain,,,2026-09-11
Spamouflage China based CIB updated,influence_operation,meta,Q2_2023_Spamouflage_China_based_CIB_updated,2023-04-01,https://github.com/facebook/threat-research/blob/main/indicators/csv/Q2_2023%20/Q2_2023_Spamouflage_China_based_CIB_updated.csv,url,https://twitter[.]com/ZoeRich28859010,China,,,0. Acquiring assets > 0.9 Acquiring social media accounts > 0.9.4 Acquiring X / Twitter accounts,meta_kill_chain,,,2026-09-11
Spamouflage China based CIB updated,influence_operation,meta,Q2_2023_Spamouflage_China_based_CIB_updated,2023-04-01,https://github.com/facebook/threat-research/blob/main/indicators/csv/Q2_2023%20/Q2_2023_Spamouflage_China_based_CIB_updated.csv,url,https://twitter[.]com/End05201180,China,,,0. Acquiring assets > 0.9 Acquiring social media accounts > 0.9.4 Acquiring X / Twitter accounts,meta_kill_chain,,,2026-09-11
Spamouflage China based CIB updated,influence_operation,meta,Q2_2023_Spamouflage_China_based_CIB_updated,2023-04-01,https://github.com/facebook/threat-research/blob/main/indicators/csv/Q2_2023%20/Q2_2023_Spamouflage_China_based_CIB_updated.csv,url,https://twitter[.]com/HeidiCreel2,China,,,0. Acquiring assets > 0.9 Acquiring social media accounts > 0.9.4 Acquiring X / Twitter accounts,meta_kill_chain,,,2026-09-11
Spamouflage China based CIB updated,influence_operation,meta,Q2_2023_Spamouflage_China_based_CIB_updated,2023-04-01,https://github.com/facebook/threat-research/blob/main/indicators/csv/Q2_2023%20/Q2_2023_Spamouflage_China_based_CIB_updated.csv,url,https://twitter[.]com/angelicasalaza7,China,,,0. Acquiring assets > 0.9 Acquiring social media accounts > 0.9.4 Acquiring X / Twitter accounts,meta_kill_chain,,,2026-09-11
Spamouflage China based CIB updated,influence_operation,meta,Q2_2023_Spamouflage_China_based_CIB_updated,2023-04-01,https://github.com/facebook/threat-research/blob/main/indicators/csv/Q2_2023%20/Q2_2023_Spamouflage_China_based_CIB_updated.csv,url,https://twitter[.]com/Safegua66287957,China,,,0. Acquiring assets > 0.9 Acquiring social media accounts > 0.9.4 Acquiring X / Twitter accounts,meta_kill_chain,,,2026-09-11
Spamouflage China based CIB updated,influence_operation,meta,Q2_2023_Spamouflage_China_based_CIB_updated,2023-04-01,https://github.com/facebook/threat-research/blob/main/indicators/csv/Q2_2023%20/Q2_2023_Spamouflage_China_based_CIB_updated.csv,url,https://twitter[.]com/alixmouton,China,,,0. Acquiring assets > 0.9 Acquiring social media accounts > 0.9.4 Acquiring X / Twitter accounts,meta_kill_chain,,,2026-09-11
Spamouflage China based CIB updated,influence_operation,meta,Q2_2023_Spamouflage_China_based_CIB_updated,2023-04-01,https://github.com/facebook/threat-research/blob/main/indicators/csv/Q2_2023%20/Q2_2023_Spamouflage_China_based_CIB_updated.csv,url,https://twitter[.]com/zhuzhukiki1,China,,,0. Acquiring assets > 0.9 Acquiring social media accounts > 0.9.4 Acquiring X / Twitter accounts,meta_kill_chain,,,2026-09-11
Spamouflage China based CIB updated,influence_operation,meta,Q2_2023_Spamouflage_China_based_CIB_updated,2023-04-01,https://github.com/facebook/threat-research/blob/main/indicators/csv/Q2_2023%20/Q2_2023_Spamouflage_China_based_CIB_updated.csv,url,https://twitter[.]com/renrenaihuachi,China,,,0. Acquiring assets > 0.9 Acquiring social media accounts > 0.9.4 Acquiring X / Twitter accounts,meta_kill_chain,,,2026-09-11
Spamouflage China based CIB updated,influence_operation,meta,Q2_2023_Spamouflage_China_based_CIB_updated,2023-04-01,https://github.com/facebook/threat-research/blob/main/indicators/csv/Q2_2023%20/Q2_2023_Spamouflage_China_based_CIB_updated.csv,url,https://twitter[.]com/belle_zuri,China,,,0. Acquiring assets > 0.9 Acquiring social media accounts > 0.9.4 Acquiring X / Twitter accounts,meta_kill_chain,,,2026-09-11
Spamouflage China based CIB updated,influence_operation,meta,Q2_2023_Spamouflage_China_based_CIB_updated,2023-04-01,https://github.com/facebook/threat-research/blob/main/indicators/csv/Q2_2023%20/Q2_2023_Spamouflage_China_based_CIB_updated.csv,url,https://twitter[.]com/WillDav46208593/,China,,,0. Acquiring assets > 0.9 Acquiring social media accounts > 0.9.4 Acquiring X / Twitter accounts,meta_kill_chain,,,2026-09-11
Spamouflage China based CIB updated,influence_operation,meta,Q2_2023_Spamouflage_China_based_CIB_updated,2023-04-01,https://github.com/facebook/threat-research/blob/main/indicators/csv/Q2_2023%20/Q2_2023_Spamouflage_China_based_CIB_updated.csv,url,https://twitter[.]com/KarenMa85962925,China,,,0. Acquiring assets > 0.9 Acquiring social media accounts > 0.9.4 Acquiring X / Twitter accounts,meta_kill_chain,,,2026-09-11
Spamouflage China based CIB updated,influence_operation,meta,Q2_2023_Spamouflage_China_based_CIB_updated,2023-04-01,https://github.com/facebook/threat-research/blob/main/indicators/csv/Q2_2023%20/Q2_2023_Spamouflage_China_based_CIB_updated.csv,url,https://twitter[.]com/JohnRea51505034,China,,,0. Acquiring assets > 0.9 Acquiring social media accounts > 0.9.4 Acquiring X / Twitter accounts,meta_kill_chain,,,2026-09-11
Spamouflage China based CIB updated,influence_operation,meta,Q2_2023_Spamouflage_China_based_CIB_updated,2023-04-01,https://github.com/facebook/threat-research/blob/main/indicators/csv/Q2_2023%20/Q2_2023_Spamouflage_China_based_CIB_updated.csv,url,https://twitter[.]com/RevesToney,China,,,0. Acquiring assets > 0.9 Acquiring social media accounts > 0.9.4 Acquiring X / Twitter accounts,meta_kill_chain,,,2026-09-11
Spamouflage China based CIB updated,influence_operation,meta,Q2_2023_Spamouflage_China_based_CIB_updated,2023-04-01,https://github.com/facebook/threat-research/blob/main/indicators/csv/Q2_2023%20/Q2_2023_Spamouflage_China_based_CIB_updated.csv,url,https://twitter[.]com/CarolCa01274860,China,,,0. Acquiring assets > 0.9 Acquiring social media accounts > 0.9.4 Acquiring X / Twitter accounts,meta_kill_chain,,,2026-09-11
Spamouflage China based CIB updated,influence_operation,meta,Q2_2023_Spamouflage_China_based_CIB_updated,2023-04-01,https://github.com/facebook/threat-research/blob/main/indicators/csv/Q2_2023%20/Q2_2023_Spamouflage_China_based_CIB_updated.csv,url,https://twitter[.]com/Camila17216155,China,,,0. Acquiring assets > 0.9 Acquiring social media accounts > 0.9.4 Acquiring X / Twitter accounts,meta_kill_chain,,,2026-09-11
Spamouflage China based CIB updated,influence_operation,meta,Q2_2023_Spamouflage_China_based_CIB_updated,2023-04-01,https://github.com/facebook/threat-research/blob/main/indicators/csv/Q2_2023%20/Q2_2023_Spamouflage_China_based_CIB_updated.csv,url,https://twitter[.]com/connier48098264,China,,,0. Acquiring assets > 0.9 Acquiring social media accounts > 0.9.4 Acquiring X / Twitter accounts,meta_kill_chain,,,2026-09-11
Spamouflage China based CIB updated,influence_operation,meta,Q2_2023_Spamouflage_China_based_CIB_updated,2023-04-01,https://github.com/facebook/threat-research/blob/main/indicators/csv/Q2_2023%20/Q2_2023_Spamouflage_China_based_CIB_updated.csv,url,https://twitter[.]com/MavisRussell14,China,,,0. Acquiring assets > 0.9 Acquiring social media accounts > 0.9.4 Acquiring X / Twitter accounts,meta_kill_chain,,,2026-09-11
Spamouflage China based CIB updated,influence_operation,meta,Q2_2023_Spamouflage_China_based_CIB_updated,2023-04-01,https://github.com/facebook/threat-research/blob/main/indicators/csv/Q2_2023%20/Q2_2023_Spamouflage_China_based_CIB_updated.csv,url,https://twitter[.]com/EttaJac84185457,China,,,0. Acquiring assets > 0.9 Acquiring social media accounts > 0.9.4 Acquiring X / Twitter accounts,meta_kill_chain,,,2026-09-11
Spamouflage China based CIB updated,influence_operation,meta,Q2_2023_Spamouflage_China_based_CIB_updated,2023-04-01,https://github.com/facebook/threat-research/blob/main/indicators/csv/Q2_2023%20/Q2_2023_Spamouflage_China_based_CIB_updated.csv,url,https://twitter[.]com/oppbrandshoes,China,,,0. Acquiring assets > 0.9 Acquiring social media accounts > 0.9.4 Acquiring X / Twitter accounts,meta_kill_chain,,,2026-09-11
Spamouflage China based CIB updated,influence_operation,meta,Q2_2023_Spamouflage_China_based_CIB_updated,2023-04-01,https://github.com/facebook/threat-research/blob/main/indicators/csv/Q2_2023%20/Q2_2023_Spamouflage_China_based_CIB_updated.csv,url,https://twitter[.]com/eraidrsh4,China,,,0. Acquiring assets > 0.9 Acquiring social media accounts > 0.9.4 Acquiring X / Twitter accounts,meta_kill_chain,,,2026-09-11
Spamouflage China based CIB updated,influence_operation,meta,Q2_2023_Spamouflage_China_based_CIB_updated,2023-04-01,https://github.com/facebook/threat-research/blob/main/indicators/csv/Q2_2023%20/Q2_2023_Spamouflage_China_based_CIB_updated.csv,url,https://twitter[.]com/RonMauer6,China,,,0. Acquiring assets > 0.9 Acquiring social media accounts > 0.9.4 Acquiring X / Twitter accounts,meta_kill_chain,,,2026-09-11
Spamouflage China based CIB updated,influence_operation,meta,Q2_2023_Spamouflage_China_based_CIB_updated,2023-04-01,https://github.com/facebook/threat-research/blob/main/indicators/csv/Q2_2023%20/Q2_2023_Spamouflage_China_based_CIB_updated.csv,url,https://twitter[.]com/lkk48099734,China,,,0. Acquiring assets > 0.9 Acquiring social media accounts > 0.9.4 Acquiring X / Twitter accounts,meta_kill_chain,,,2026-09-11
Spamouflage China based CIB updated,influence_operation,meta,Q2_2023_Spamouflage_China_based_CIB_updated,2023-04-01,https://github.com/facebook/threat-research/blob/main/indicators/csv/Q2_2023%20/Q2_2023_Spamouflage_China_based_CIB_updated.csv,url,https://twitter[.]com/qwe12375724748,China,,,0. Acquiring assets > 0.9 Acquiring social media accounts > 0.9.4 Acquiring X / Twitter accounts,meta_kill_chain,,,2026-09-11
Spamouflage China based CIB updated,influence_operation,meta,Q2_2023_Spamouflage_China_based_CIB_updated,2023-04-01,https://github.com/facebook/threat-research/blob/main/indicators/csv/Q2_2023%20/Q2_2023_Spamouflage_China_based_CIB_updated.csv,url,https://twitter[.]com/dyodbiyho1,China,,,0. Acquiring assets > 0.9 Acquiring social media accounts > 0.9.4 Acquiring X / Twitter accounts,meta_kill_chain,,,2026-09-11
Spamouflage China based CIB updated,influence_operation,meta,Q2_2023_Spamouflage_China_based_CIB_updated,2023-04-01,https://github.com/facebook/threat-research/blob/main/indicators/csv/Q2_2023%20/Q2_2023_Spamouflage_China_based_CIB_updated.csv,url,https://twitter[.]com/greensarah,China,,,0. Acquiring assets > 0.9 Acquiring social media accounts > 0.9.4 Acquiring X / Twitter accounts,meta_kill_chain,,,2026-09-11
Spamouflage China based CIB updated,influence_operation,meta,Q2_2023_Spamouflage_China_based_CIB_updated,2023-04-01,https://github.com/facebook/threat-research/blob/main/indicators/csv/Q2_2023%20/Q2_2023_Spamouflage_China_based_CIB_updated.csv,url,https://twitter[.]com/AlisonC01249536,China,,,0. Acquiring assets > 0.9 Acquiring social media accounts > 0.9.4 Acquiring X / Twitter accounts,meta_kill_chain,,,2026-09-11
Spamouflage China based CIB updated,influence_operation,meta,Q2_2023_Spamouflage_China_based_CIB_updated,2023-04-01,https://github.com/facebook/threat-research/blob/main/indicators/csv/Q2_2023%20/Q2_2023_Spamouflage_China_based_CIB_updated.csv,url,https://twitter[.]com/fred_dickinson,China,,,0. Acquiring assets > 0.9 Acquiring social media accounts > 0.9.4 Acquiring X / Twitter accounts,meta_kill_chain,,,2026-09-11
Spamouflage China based CIB updated,influence_operation,meta,Q2_2023_Spamouflage_China_based_CIB_updated,2023-04-01,https://github.com/facebook/threat-research/blob/main/indicators/csv/Q2_2023%20/Q2_2023_Spamouflage_China_based_CIB_updated.csv,url,https://twitter[.]com/melville_toby,China,,,0. Acquiring assets > 0.9 Acquiring social media accounts > 0.9.4 Acquiring X / Twitter accounts,meta_kill_chain,,,2026-09-11
Spamouflage China based CIB updated,influence_operation,meta,Q2_2023_Spamouflage_China_based_CIB_updated,2023-04-01,https://github.com/facebook/threat-research/blob/main/indicators/csv/Q2_2023%20/Q2_2023_Spamouflage_China_based_CIB_updated.csv,url,https://twitter[.]com/manachiriabit,China,,,0. Acquiring assets > 0.9 Acquiring social media accounts > 0.9.4 Acquiring X / Twitter accounts,meta_kill_chain,,,2026-09-11
Spamouflage China based CIB updated,influence_operation,meta,Q2_2023_Spamouflage_China_based_CIB_updated,2023-04-01,https://github.com/facebook/threat-research/blob/main/indicators/csv/Q2_2023%20/Q2_2023_Spamouflage_China_based_CIB_updated.csv,url,https://twitter[.]com/shporta_supriya,China,,,0. Acquiring assets > 0.9 Acquiring social media accounts > 0.9.4 Acquiring X / Twitter accounts,meta_kill_chain,,,2026-09-11
Spamouflage China based CIB updated,influence_operation,meta,Q2_2023_Spamouflage_China_based_CIB_updated,2023-04-01,https://github.com/facebook/threat-research/blob/main/indicators/csv/Q2_2023%20/Q2_2023_Spamouflage_China_based_CIB_updated.csv,url,https://twitter[.]com/a7918578348,China,,,0. Acquiring assets > 0.9 Acquiring social media accounts > 0.9.4 Acquiring X / Twitter accounts,meta_kill_chain,,,2026-09-11
Spamouflage China based CIB updated,influence_operation,meta,Q2_2023_Spamouflage_China_based_CIB_updated,2023-04-01,https://github.com/facebook/threat-research/blob/main/indicators/csv/Q2_2023%20/Q2_2023_Spamouflage_China_based_CIB_updated.csv,url,https://twitter[.]com/hyo1592/,China,,,0. Acquiring assets > 0.9 Acquiring social media accounts > 0.9.4 Acquiring X / Twitter accounts,meta_kill_chain,,,2026-09-11
Spamouflage China based CIB updated,influence_operation,meta,Q2_2023_Spamouflage_China_based_CIB_updated,2023-04-01,https://github.com/facebook/threat-research/blob/main/indicators/csv/Q2_2023%20/Q2_2023_Spamouflage_China_based_CIB_updated.csv,url,https://twitter[.]com/tkxks15,China,,,0. Acquiring assets > 0.9 Acquiring social media accounts > 0.9.4 Acquiring X / Twitter accounts,meta_kill_chain,,,2026-09-11
Spamouflage China based CIB updated,influence_operation,meta,Q2_2023_Spamouflage_China_based_CIB_updated,2023-04-01,https://github.com/facebook/threat-research/blob/main/indicators/csv/Q2_2023%20/Q2_2023_Spamouflage_China_based_CIB_updated.csv,url,https://twitter[.]com/BrookClara9,China,,,0. Acquiring assets > 0.9 Acquiring social media accounts > 0.9.4 Acquiring X / Twitter accounts,meta_kill_chain,,,2026-09-11
Spamouflage China based CIB updated,influence_operation,meta,Q2_2023_Spamouflage_China_based_CIB_updated,2023-04-01,https://github.com/facebook/threat-research/blob/main/indicators/csv/Q2_2023%20/Q2_2023_Spamouflage_China_based_CIB_updated.csv,url,https://www[.]tiktok[.]com/@deandrela3,China,,,0. Acquiring assets > 0.9 Acquiring social media accounts > 0.9.6 Acquiring TikTok accounts,meta_kill_chain,,,2026-09-11
Spamouflage China based CIB updated,influence_operation,meta,Q2_2023_Spamouflage_China_based_CIB_updated,2023-04-01,https://github.com/facebook/threat-research/blob/main/indicators/csv/Q2_2023%20/Q2_2023_Spamouflage_China_based_CIB_updated.csv,url,https://www[.]tiktok[.]com/@cecilia1256,China,,,0. Acquiring assets > 0.9 Acquiring social media accounts > 0.9.6 Acquiring TikTok accounts,meta_kill_chain,,,2026-09-11
Spamouflage China based CIB updated,influence_operation,meta,Q2_2023_Spamouflage_China_based_CIB_updated,2023-04-01,https://github.com/facebook/threat-research/blob/main/indicators/csv/Q2_2023%20/Q2_2023_Spamouflage_China_based_CIB_updated.csv,url,https://www[.]tiktok[.]com/@miajames840,China,,,0. Acquiring assets > 0.9 Acquiring social media accounts > 0.9.6 Acquiring TikTok accounts,meta_kill_chain,,,2026-09-11
Spamouflage China based CIB updated,influence_operation,meta,Q2_2023_Spamouflage_China_based_CIB_updated,2023-04-01,https://github.com/facebook/threat-research/blob/main/indicators/csv/Q2_2023%20/Q2_2023_Spamouflage_China_based_CIB_updated.csv,url,https://www[.]tiktok[.]com/@tmottruth,China,,,0. Acquiring assets > 0.9 Acquiring social media accounts > 0.9.6 Acquiring TikTok accounts,meta_kill_chain,,,2026-09-11
Spamouflage China based CIB updated,influence_operation,meta,Q2_2023_Spamouflage_China_based_CIB_updated,2023-04-01,https://github.com/facebook/threat-research/blob/main/indicators/csv/Q2_2023%20/Q2_2023_Spamouflage_China_based_CIB_updated.csv,url,https://www[.]tiktok[.]com/@gulzarazat1,China,,,0. Acquiring assets > 0.9 Acquiring social media accounts > 0.9.6 Acquiring TikTok accounts,meta_kill_chain,,,2026-09-11
Spamouflage China based CIB updated,influence_operation,meta,Q2_2023_Spamouflage_China_based_CIB_updated,2023-04-01,https://github.com/facebook/threat-research/blob/main/indicators/csv/Q2_2023%20/Q2_2023_Spamouflage_China_based_CIB_updated.csv,url,https://medium[.]com/@teamilk951/,China,,,0. Acquiring assets > 0.9 Acquiring social media accounts > 0.9.8 Acquiring accounts on online forums,meta_kill_chain,,,2026-09-11
Spamouflage China based CIB updated,influence_operation,meta,Q2_2023_Spamouflage_China_based_CIB_updated,2023-04-01,https://github.com/facebook/threat-research/blob/main/indicators/csv/Q2_2023%20/Q2_2023_Spamouflage_China_based_CIB_updated.csv,url,https://medium[.]com/@xcvvdax,China,,,0. Acquiring assets > 0.9 Acquiring social media accounts > 0.9.8 Acquiring accounts on online forums,meta_kill_chain,,,2026-09-11
Spamouflage China based CIB updated,influence_operation,meta,Q2_2023_Spamouflage_China_based_CIB_updated,2023-04-01,https://github.com/facebook/threat-research/blob/main/indicators/csv/Q2_2023%20/Q2_2023_Spamouflage_China_based_CIB_updated.csv,url,https://medium[.]com/@fdfeer5,China,,,0. Acquiring assets > 0.9 Acquiring social media accounts > 0.9.8 Acquiring accounts on online forums,meta_kill_chain,,,2026-09-11
Spamouflage China based CIB updated,influence_operation,meta,Q2_2023_Spamouflage_China_based_CIB_updated,2023-04-01,https://github.com/facebook/threat-research/blob/main/indicators/csv/Q2_2023%20/Q2_2023_Spamouflage_China_based_CIB_updated.csv,url,https://medium[.]com/@orandgd,China,,,0. Acquiring assets > 0.9 Acquiring social media accounts > 0.9.8 Acquiring accounts on online forums,meta_kill_chain,,,2026-09-11
Spamouflage China based CIB updated,influence_operation,meta,Q2_2023_Spamouflage_China_based_CIB_updated,2023-04-01,https://github.com/facebook/threat-research/blob/main/indicators/csv/Q2_2023%20/Q2_2023_Spamouflage_China_based_CIB_updated.csv,url,https://medium[.]com/@eugeneuperalta516,China,,,0. Acquiring assets > 0.9 Acquiring social media accounts > 0.9.8 Acquiring accounts on online forums,meta_kill_chain,,,2026-09-11
Spamouflage China based CIB updated,influence_operation,meta,Q2_2023_Spamouflage_China_based_CIB_updated,2023-04-01,https://github.com/facebook/threat-research/blob/main/indicators/csv/Q2_2023%20/Q2_2023_Spamouflage_China_based_CIB_updated.csv,url,https://medium[.]com/@negronthomasgcc,China,,,0. Acquiring assets > 0.9 Acquiring social media accounts > 0.9.8 Acquiring accounts on online forums,meta_kill_chain,,,2026-09-11
Spamouflage China based CIB updated,influence_operation,meta,Q2_2023_Spamouflage_China_based_CIB_updated,2023-04-01,https://github.com/facebook/threat-research/blob/main/indicators/csv/Q2_2023%20/Q2_2023_Spamouflage_China_based_CIB_updated.csv,url,https://medium[.]com/@aalvaradoyt688,China,,,0. Acquiring assets > 0.9 Acquiring social media accounts > 0.9.8 Acquiring accounts on online forums,meta_kill_chain,,,2026-09-11
Spamouflage China based CIB updated,influence_operation,meta,Q2_2023_Spamouflage_China_based_CIB_updated,2023-04-01,https://github.com/facebook/threat-research/blob/main/indicators/csv/Q2_2023%20/Q2_2023_Spamouflage_China_based_CIB_updated.csv,url,https://medium[.]com/@mcfarlandmalcolmdjw,China,,,0. Acquiring assets > 0.9 Acquiring social media accounts > 0.9.8 Acquiring accounts on online forums,meta_kill_chain,,,2026-09-11
Spamouflage China based CIB updated,influence_operation,meta,Q2_2023_Spamouflage_China_based_CIB_updated,2023-04-01,https://github.com/facebook/threat-research/blob/main/indicators/csv/Q2_2023%20/Q2_2023_Spamouflage_China_based_CIB_updated.csv,url,https://medium[.]com/@FabianJ62390507,China,,,0. Acquiring assets > 0.9 Acquiring social media accounts > 0.9.8 Acquiring accounts on online forums,meta_kill_chain,,,2026-09-11
Spamouflage China based CIB updated,influence_operation,meta,Q2_2023_Spamouflage_China_based_CIB_updated,2023-04-01,https://github.com/facebook/threat-research/blob/main/indicators/csv/Q2_2023%20/Q2_2023_Spamouflage_China_based_CIB_updated.csv,url,https://medium[.]com/@pllistati95455,China,,,0. Acquiring assets > 0.9 Acquiring social media accounts > 0.9.8 Acquiring accounts on online forums,meta_kill_chain,,,2026-09-11
Spamouflage China based CIB updated,influence_operation,meta,Q2_2023_Spamouflage_China_based_CIB_updated,2023-04-01,https://github.com/facebook/threat-research/blob/main/indicators/csv/Q2_2023%20/Q2_2023_Spamouflage_China_based_CIB_updated.csv,url,https://medium[.]com/@lawrencegwalkerp77,China,,,0. Acquiring assets > 0.9 Acquiring social media accounts > 0.9.8 Acquiring accounts on online forums,meta_kill_chain,,,2026-09-11
Spamouflage China based CIB updated,influence_operation,meta,Q2_2023_Spamouflage_China_based_CIB_updated,2023-04-01,https://github.com/facebook/threat-research/blob/main/indicators/csv/Q2_2023%20/Q2_2023_Spamouflage_China_based_CIB_updated.csv,url,https://medium[.]com/@johnsonalbertwnc,China,,,0. Acquiring assets > 0.9 Acquiring social media accounts > 0.9.8 Acquiring accounts on online forums,meta_kill_chain,,,2026-09-11
Spamouflage China based CIB updated,influence_operation,meta,Q2_2023_Spamouflage_China_based_CIB_updated,2023-04-01,https://github.com/facebook/threat-research/blob/main/indicators/csv/Q2_2023%20/Q2_2023_Spamouflage_China_based_CIB_updated.csv,url,https://medium[.]com/@isiahispence,China,,,0. Acquiring assets > 0.9 Acquiring social media accounts > 0.9.8 Acquiring accounts on online forums,meta_kill_chain,,,2026-09-11
Spamouflage China based CIB updated,influence_operation,meta,Q2_2023_Spamouflage_China_based_CIB_updated,2023-04-01,https://github.com/facebook/threat-research/blob/main/indicators/csv/Q2_2023%20/Q2_2023_Spamouflage_China_based_CIB_updated.csv,url,https://medium[.]com/@2099154405,China,,,0. Acquiring assets > 0.9 Acquiring social media accounts > 0.9.8 Acquiring accounts on online forums,meta_kill_chain,,,2026-09-11
Spamouflage China based CIB updated,influence_operation,meta,Q2_2023_Spamouflage_China_based_CIB_updated,2023-04-01,https://github.com/facebook/threat-research/blob/main/indicators/csv/Q2_2023%20/Q2_2023_Spamouflage_China_based_CIB_updated.csv,url,https://medium[.]com/@yangziping793,China,,,0. Acquiring assets > 0.9 Acquiring social media accounts > 0.9.8 Acquiring accounts on online forums,meta_kill_chain,,,2026-09-11
Spamouflage China based CIB updated,influence_operation,meta,Q2_2023_Spamouflage_China_based_CIB_updated,2023-04-01,https://github.com/facebook/threat-research/blob/main/indicators/csv/Q2_2023%20/Q2_2023_Spamouflage_China_based_CIB_updated.csv,url,https://medium[.]com/@kirkstrickland2763,China,,,0. Acquiring assets > 0.9 Acquiring social media accounts > 0.9.8 Acquiring accounts on online forums,meta_kill_chain,,,2026-09-11
Spamouflage China based CIB updated,influence_operation,meta,Q2_2023_Spamouflage_China_based_CIB_updated,2023-04-01,https://github.com/facebook/threat-research/blob/main/indicators/csv/Q2_2023%20/Q2_2023_Spamouflage_China_based_CIB_updated.csv,url,https://medium[.]com/@malik[.]johnny2310,China,,,0. Acquiring assets > 0.9 Acquiring social media accounts > 0.9.8 Acquiring accounts on online forums,meta_kill_chain,,,2026-09-11
Spamouflage China based CIB updated,influence_operation,meta,Q2_2023_Spamouflage_China_based_CIB_updated,2023-04-01,https://github.com/facebook/threat-research/blob/main/indicators/csv/Q2_2023%20/Q2_2023_Spamouflage_China_based_CIB_updated.csv,url,https://medium[.]com/@christenekastmanjy,China,,,0. Acquiring assets > 0.9 Acquiring social media accounts > 0.9.8 Acquiring accounts on online forums,meta_kill_chain,,,2026-09-11
Spamouflage China based CIB updated,influence_operation,meta,Q2_2023_Spamouflage_China_based_CIB_updated,2023-04-01,https://github.com/facebook/threat-research/blob/main/indicators/csv/Q2_2023%20/Q2_2023_Spamouflage_China_based_CIB_updated.csv,url,https://medium[.]com/@johnsonalbertwnc,China,,,0. Acquiring assets > 0.9 Acquiring social media accounts > 0.9.8 Acquiring accounts on online forums,meta_kill_chain,,,2026-09-11
Spamouflage China based CIB updated,influence_operation,meta,Q2_2023_Spamouflage_China_based_CIB_updated,2023-04-01,https://github.com/facebook/threat-research/blob/main/indicators/csv/Q2_2023%20/Q2_2023_Spamouflage_China_based_CIB_updated.csv,url,https://medium[.]com/@guaner581,China,,,0. Acquiring assets > 0.9 Acquiring social media accounts > 0.9.8 Acquiring accounts on online forums,meta_kill_chain,,,2026-09-11
Spamouflage China based CIB updated,influence_operation,meta,Q2_2023_Spamouflage_China_based_CIB_updated,2023-04-01,https://github.com/facebook/threat-research/blob/main/indicators/csv/Q2_2023%20/Q2_2023_Spamouflage_China_based_CIB_updated.csv,url,https://medium[.]com/@dashuaibi1101,China,,,0. Acquiring assets > 0.9 Acquiring social media accounts > 0.9.8 Acquiring accounts on online forums,meta_kill_chain,,,2026-09-11
Spamouflage China based CIB updated,influence_operation,meta,Q2_2023_Spamouflage_China_based_CIB_updated,2023-04-01,https://github.com/facebook/threat-research/blob/main/indicators/csv/Q2_2023%20/Q2_2023_Spamouflage_China_based_CIB_updated.csv,url,https://medium[.]com/@pllistati95455,China,,,0. Acquiring assets > 0.9 Acquiring social media accounts > 0.9.8 Acquiring accounts on online forums,meta_kill_chain,,,2026-09-11
Spamouflage China based CIB updated,influence_operation,meta,Q2_2023_Spamouflage_China_based_CIB_updated,2023-04-01,https://github.com/facebook/threat-research/blob/main/indicators/csv/Q2_2023%20/Q2_2023_Spamouflage_China_based_CIB_updated.csv,url,https://medium[.]com/@ijiu78561,China,,,0. Acquiring assets > 0.9 Acquiring social media accounts > 0.9.8 Acquiring accounts on online forums,meta_kill_chain,,,2026-09-11
Spamouflage China based CIB updated,influence_operation,meta,Q2_2023_Spamouflage_China_based_CIB_updated,2023-04-01,https://github.com/facebook/threat-research/blob/main/indicators/csv/Q2_2023%20/Q2_2023_Spamouflage_China_based_CIB_updated.csv,url,https://medium[.]com/@jeefhardly,China,,,0. Acquiring assets > 0.9 Acquiring social media accounts > 0.9.8 Acquiring accounts on online forums,meta_kill_chain,,,2026-09-11
Spamouflage China based CIB updated,influence_operation,meta,Q2_2023_Spamouflage_China_based_CIB_updated,2023-04-01,https://github.com/facebook/threat-research/blob/main/indicators/csv/Q2_2023%20/Q2_2023_Spamouflage_China_based_CIB_updated.csv,url,https://medium[.]com/@chafinelliott053,China,,,0. Acquiring assets > 0.9 Acquiring social media accounts > 0.9.8 Acquiring accounts on online forums,meta_kill_chain,,,2026-09-11
Spamouflage China based CIB updated,influence_operation,meta,Q2_2023_Spamouflage_China_based_CIB_updated,2023-04-01,https://github.com/facebook/threat-research/blob/main/indicators/csv/Q2_2023%20/Q2_2023_Spamouflage_China_based_CIB_updated.csv,url,https://medium[.]com/@rivajziel,China,,,0. Acquiring assets > 0.9 Acquiring social media accounts > 0.9.8 Acquiring accounts on online forums,meta_kill_chain,,,2026-09-11
Spamouflage China based CIB updated,influence_operation,meta,Q2_2023_Spamouflage_China_based_CIB_updated,2023-04-01,https://github.com/facebook/threat-research/blob/main/indicators/csv/Q2_2023%20/Q2_2023_Spamouflage_China_based_CIB_updated.csv,url,https://medium[.]com/@theresabahringer70,China,,,0. Acquiring assets > 0.9 Acquiring social media accounts > 0.9.8 Acquiring accounts on online forums,meta_kill_chain,,,2026-09-11
Spamouflage China based CIB updated,influence_operation,meta,Q2_2023_Spamouflage_China_based_CIB_updated,2023-04-01,https://github.com/facebook/threat-research/blob/main/indicators/csv/Q2_2023%20/Q2_2023_Spamouflage_China_based_CIB_updated.csv,url,https://medium[.]com/@nsshamim[.]satkhira4915,China,,,0. Acquiring assets > 0.9 Acquiring social media accounts > 0.9.8 Acquiring accounts on online forums,meta_kill_chain,,,2026-09-11
Spamouflage China based CIB updated,influence_operation,meta,Q2_2023_Spamouflage_China_based_CIB_updated,2023-04-01,https://github.com/facebook/threat-research/blob/main/indicators/csv/Q2_2023%20/Q2_2023_Spamouflage_China_based_CIB_updated.csv,url,https://gayleenwxmzw98[.]medium[.]com/,China,,,0. Acquiring assets > 0.9 Acquiring social media accounts > 0.9.8 Acquiring accounts on online forums,meta_kill_chain,,,2026-09-11
Spamouflage China based CIB updated,influence_operation,meta,Q2_2023_Spamouflage_China_based_CIB_updated,2023-04-01,https://github.com/facebook/threat-research/blob/main/indicators/csv/Q2_2023%20/Q2_2023_Spamouflage_China_based_CIB_updated.csv,url,https://medium[.]com/@haynesgillian554,China,,,0. Acquiring assets > 0.9 Acquiring social media accounts > 0.9.8 Acquiring accounts on online forums,meta_kill_chain,,,2026-09-11
Spamouflage China based CIB updated,influence_operation,meta,Q2_2023_Spamouflage_China_based_CIB_updated,2023-04-01,https://github.com/facebook/threat-research/blob/main/indicators/csv/Q2_2023%20/Q2_2023_Spamouflage_China_based_CIB_updated.csv,url,https://medium[.]com/@thriller[.]loycet9,China,,,0. Acquiring assets > 0.9 Acquiring social media accounts > 0.9.8 Acquiring accounts on online forums,meta_kill_chain,,,2026-09-11
Spamouflage China based CIB updated,influence_operation,meta,Q2_2023_Spamouflage_China_based_CIB_updated,2023-04-01,https://github.com/facebook/threat-research/blob/main/indicators/csv/Q2_2023%20/Q2_2023_Spamouflage_China_based_CIB_updated.csv,url,https://medium[.]com/@abdulheddyfjoely,China,,,0. Acquiring assets > 0.9 Acquiring social media accounts > 0.9.8 Acquiring accounts on online forums,meta_kill_chain,,,2026-09-11
Spamouflage China based CIB updated,influence_operation,meta,Q2_2023_Spamouflage_China_based_CIB_updated,2023-04-01,https://github.com/facebook/threat-research/blob/main/indicators/csv/Q2_2023%20/Q2_2023_Spamouflage_China_based_CIB_updated.csv,url,https://medium[.]com/@irinaglenna,China,,,0. Acquiring assets > 0.9 Acquiring social media accounts > 0.9.8 Acquiring accounts on online forums,meta_kill_chain,,,2026-09-11
Spamouflage China based CIB updated,influence_operation,meta,Q2_2023_Spamouflage_China_based_CIB_updated,2023-04-01,https://github.com/facebook/threat-research/blob/main/indicators/csv/Q2_2023%20/Q2_2023_Spamouflage_China_based_CIB_updated.csv,url,https://medium[.]com/@getmanvernon,China,,,0. Acquiring assets > 0.9 Acquiring social media accounts > 0.9.8 Acquiring accounts on online forums,meta_kill_chain,,,2026-09-11
Spamouflage China based CIB updated,influence_operation,meta,Q2_2023_Spamouflage_China_based_CIB_updated,2023-04-01,https://github.com/facebook/threat-research/blob/main/indicators/csv/Q2_2023%20/Q2_2023_Spamouflage_China_based_CIB_updated.csv,url,https://medium[.]com/@maurinesosbyybk72,China,,,0. Acquiring assets > 0.9 Acquiring social media accounts > 0.9.8 Acquiring accounts on online forums,meta_kill_chain,,,2026-09-11
Spamouflage China based CIB updated,influence_operation,meta,Q2_2023_Spamouflage_China_based_CIB_updated,2023-04-01,https://github.com/facebook/threat-research/blob/main/indicators/csv/Q2_2023%20/Q2_2023_Spamouflage_China_based_CIB_updated.csv,url,https://tillmanumi40[.]medium[.]com/,China,,,0. Acquiring assets > 0.9 Acquiring social media accounts > 0.9.8 Acquiring accounts on online forums,meta_kill_chain,,,2026-09-11
Spamouflage China based CIB updated,influence_operation,meta,Q2_2023_Spamouflage_China_based_CIB_updated,2023-04-01,https://github.com/facebook/threat-research/blob/main/indicators/csv/Q2_2023%20/Q2_2023_Spamouflage_China_based_CIB_updated.csv,url,https://medium[.]com/@virgildenis2012,China,,,0. Acquiring assets > 0.9 Acquiring social media accounts > 0.9.8 Acquiring accounts on online forums,meta_kill_chain,,,2026-09-11
Spamouflage China based CIB updated,influence_operation,meta,Q2_2023_Spamouflage_China_based_CIB_updated,2023-04-01,https://github.com/facebook/threat-research/blob/main/indicators/csv/Q2_2023%20/Q2_2023_Spamouflage_China_based_CIB_updated.csv,url,https://medium[.]com/@soufrind,China,,,0. Acquiring assets > 0.9 Acquiring social media accounts > 0.9.8 Acquiring accounts on online forums,meta_kill_chain,,,2026-09-11
Spamouflage China based CIB updated,influence_operation,meta,Q2_2023_Spamouflage_China_based_CIB_updated,2023-04-01,https://github.com/facebook/threat-research/blob/main/indicators/csv/Q2_2023%20/Q2_2023_Spamouflage_China_based_CIB_updated.csv,url,https://h18749598186[.]medium[.]com/,China,,,0. Acquiring assets > 0.9 Acquiring social media accounts > 0.9.8 Acquiring accounts on online forums,meta_kill_chain,,,2026-09-11
Spamouflage China based CIB updated,influence_operation,meta,Q2_2023_Spamouflage_China_based_CIB_updated,2023-04-01,https://github.com/facebook/threat-research/blob/main/indicators/csv/Q2_2023%20/Q2_2023_Spamouflage_China_based_CIB_updated.csv,url,https://medium[.]com/@2901417582,China,,,0. Acquiring assets > 0.9 Acquiring social media accounts > 0.9.8 Acquiring accounts on online forums,meta_kill_chain,,,2026-09-11
Spamouflage China based CIB updated,influence_operation,meta,Q2_2023_Spamouflage_China_based_CIB_updated,2023-04-01,https://github.com/facebook/threat-research/blob/main/indicators/csv/Q2_2023%20/Q2_2023_Spamouflage_China_based_CIB_updated.csv,url,https://absjack69[.]medium[.]com/,China,,,0. Acquiring assets > 0.9 Acquiring social media accounts > 0.9.8 Acquiring accounts on online forums,meta_kill_chain,,,2026-09-11
Spamouflage China based CIB updated,influence_operation,meta,Q2_2023_Spamouflage_China_based_CIB_updated,2023-04-01,https://github.com/facebook/threat-research/blob/main/indicators/csv/Q2_2023%20/Q2_2023_Spamouflage_China_based_CIB_updated.csv,url,https://medium[.]com/@yangziping793,China,,,0. Acquiring assets > 0.9 Acquiring social media accounts > 0.9.8 Acquiring accounts on online forums,meta_kill_chain,,,2026-09-11
Spamouflage China based CIB updated,influence_operation,meta,Q2_2023_Spamouflage_China_based_CIB_updated,2023-04-01,https://github.com/facebook/threat-research/blob/main/indicators/csv/Q2_2023%20/Q2_2023_Spamouflage_China_based_CIB_updated.csv,url,https://medium[.]com/@ORHANALRIZA1,China,,,0. Acquiring assets > 0.9 Acquiring social media accounts > 0.9.8 Acquiring accounts on online forums,meta_kill_chain,,,2026-09-11
Spamouflage China based CIB updated,influence_operation,meta,Q2_2023_Spamouflage_China_based_CIB_updated,2023-04-01,https://github.com/facebook/threat-research/blob/main/indicators/csv/Q2_2023%20/Q2_2023_Spamouflage_China_based_CIB_updated.csv,url,https://medium[.]com/@argeliatoomesxfd95,China,,,0. Acquiring assets > 0.9 Acquiring social media accounts > 0.9.8 Acquiring accounts on online forums,meta_kill_chain,,,2026-09-11
Spamouflage China based CIB updated,influence_operation,meta,Q2_2023_Spamouflage_China_based_CIB_updated,2023-04-01,https://github.com/facebook/threat-research/blob/main/indicators/csv/Q2_2023%20/Q2_2023_Spamouflage_China_based_CIB_updated.csv,url,https://medium[.]com/@gdzcy,China,,,0. Acquiring assets > 0.9 Acquiring social media accounts > 0.9.8 Acquiring accounts on online forums,meta_kill_chain,,,2026-09-11
Spamouflage China based CIB updated,influence_operation,meta,Q2_2023_Spamouflage_China_based_CIB_updated,2023-04-01,https://github.com/facebook/threat-research/blob/main/indicators/csv/Q2_2023%20/Q2_2023_Spamouflage_China_based_CIB_updated.csv,url,https://medium[.]com/@kdert62,China,,,0. Acquiring assets > 0.9 Acquiring social media accounts > 0.9.8 Acquiring accounts on online forums,meta_kill_chain,,,2026-09-11
Spamouflage China based CIB updated,influence_operation,meta,Q2_2023_Spamouflage_China_based_CIB_updated,2023-04-01,https://github.com/facebook/threat-research/blob/main/indicators/csv/Q2_2023%20/Q2_2023_Spamouflage_China_based_CIB_updated.csv,url,https://medium[.]com/@1372574841al,China,,,0. Acquiring assets > 0.9 Acquiring social media accounts > 0.9.8 Acquiring accounts on online forums,meta_kill_chain,,,2026-09-11
Spamouflage China based CIB updated,influence_operation,meta,Q2_2023_Spamouflage_China_based_CIB_updated,2023-04-01,https://github.com/facebook/threat-research/blob/main/indicators/csv/Q2_2023%20/Q2_2023_Spamouflage_China_based_CIB_updated.csv,url,https://medium[.]com/@emoolabot,China,,,0. Acquiring assets > 0.9 Acquiring social media accounts > 0.9.8 Acquiring accounts on online forums,meta_kill_chain,,,2026-09-11
Spamouflage China based CIB updated,influence_operation,meta,Q2_2023_Spamouflage_China_based_CIB_updated,2023-04-01,https://github.com/facebook/threat-research/blob/main/indicators/csv/Q2_2023%20/Q2_2023_Spamouflage_China_based_CIB_updated.csv,url,https://medium[.]com/@binder12marco,China,,,0. Acquiring assets > 0.9 Acquiring social media accounts > 0.9.8 Acquiring accounts on online forums,meta_kill_chain,,,2026-09-11
Spamouflage China based CIB updated,influence_operation,meta,Q2_2023_Spamouflage_China_based_CIB_updated,2023-04-01,https://github.com/facebook/threat-research/blob/main/indicators/csv/Q2_2023%20/Q2_2023_Spamouflage_China_based_CIB_updated.csv,url,https://medium[.]com/@samanthanandons,China,,,0. Acquiring assets > 0.9 Acquiring social media accounts > 0.9.8 Acquiring accounts on online forums,meta_kill_chain,,,2026-09-11
Spamouflage China based CIB updated,influence_operation,meta,Q2_2023_Spamouflage_China_based_CIB_updated,2023-04-01,https://github.com/facebook/threat-research/blob/main/indicators/csv/Q2_2023%20/Q2_2023_Spamouflage_China_based_CIB_updated.csv,url,https://alexajobs2012[.]medium[.]com/,China,,,0. Acquiring assets > 0.9 Acquiring social media accounts > 0.9.8 Acquiring accounts on online forums,meta_kill_chain,,,2026-09-11
Spamouflage China based CIB updated,influence_operation,meta,Q2_2023_Spamouflage_China_based_CIB_updated,2023-04-01,https://github.com/facebook/threat-research/blob/main/indicators/csv/Q2_2023%20/Q2_2023_Spamouflage_China_based_CIB_updated.csv,url,https://medium[.]com/@dli52113,China,,,0. Acquiring assets > 0.9 Acquiring social media accounts > 0.9.8 Acquiring accounts on online forums,meta_kill_chain,,,2026-09-11
Spamouflage China based CIB updated,influence_operation,meta,Q2_2023_Spamouflage_China_based_CIB_updated,2023-04-01,https://github.com/facebook/threat-research/blob/main/indicators/csv/Q2_2023%20/Q2_2023_Spamouflage_China_based_CIB_updated.csv,url,https://medium[.]com/@adad110,China,,,0. Acquiring assets > 0.9 Acquiring social media accounts > 0.9.8 Acquiring accounts on online forums,meta_kill_chain,,,2026-09-11
Spamouflage China based CIB updated,influence_operation,meta,Q2_2023_Spamouflage_China_based_CIB_updated,2023-04-01,https://github.com/facebook/threat-research/blob/main/indicators/csv/Q2_2023%20/Q2_2023_Spamouflage_China_based_CIB_updated.csv,url,https://www[.]reddit[.]com/user/Enough_Personality92/,China,,,0. Acquiring assets > 0.9 Acquiring social media accounts > 0.9.8 Acquiring accounts on online forums,meta_kill_chain,,,2026-09-11
Spamouflage China based CIB updated,influence_operation,meta,Q2_2023_Spamouflage_China_based_CIB_updated,2023-04-01,https://github.com/facebook/threat-research/blob/main/indicators/csv/Q2_2023%20/Q2_2023_Spamouflage_China_based_CIB_updated.csv,url,https://www[.]reddit[.]com/user/naronprifti17/,China,,,0. Acquiring assets > 0.9 Acquiring social media accounts > 0.9.8 Acquiring accounts on online forums,meta_kill_chain,,,2026-09-11
Spamouflage China based CIB updated,influence_operation,meta,Q2_2023_Spamouflage_China_based_CIB_updated,2023-04-01,https://github.com/facebook/threat-research/blob/main/indicators/csv/Q2_2023%20/Q2_2023_Spamouflage_China_based_CIB_updated.csv,url,https://www[.]reddit[.]com/user/RunJazzlike722/,China,,,0. Acquiring assets > 0.9 Acquiring social media accounts > 0.9.8 Acquiring accounts on online forums,meta_kill_chain,,,2026-09-11
Spamouflage China based CIB updated,influence_operation,meta,Q2_2023_Spamouflage_China_based_CIB_updated,2023-04-01,https://github.com/facebook/threat-research/blob/main/indicators/csv/Q2_2023%20/Q2_2023_Spamouflage_China_based_CIB_updated.csv,url,https://www[.]reddit[.]com/user/qerqer547/,China,,,0. Acquiring assets > 0.9 Acquiring social media accounts > 0.9.8 Acquiring accounts on online forums,meta_kill_chain,,,2026-09-11
Spamouflage China based CIB updated,influence_operation,meta,Q2_2023_Spamouflage_China_based_CIB_updated,2023-04-01,https://github.com/facebook/threat-research/blob/main/indicators/csv/Q2_2023%20/Q2_2023_Spamouflage_China_based_CIB_updated.csv,url,https://www[.]reddit[.]com/user/Competitive_Clue_99/,China,,,0. Acquiring assets > 0.9 Acquiring social media accounts > 0.9.8 Acquiring accounts on online forums,meta_kill_chain,,,2026-09-11
Spamouflage China based CIB updated,influence_operation,meta,Q2_2023_Spamouflage_China_based_CIB_updated,2023-04-01,https://github.com/facebook/threat-research/blob/main/indicators/csv/Q2_2023%20/Q2_2023_Spamouflage_China_based_CIB_updated.csv,url,https://www[.]reddit[.]com/user/Ok_Software_6520/,China,,,0. Acquiring assets > 0.9 Acquiring social media accounts > 0.9.8 Acquiring accounts on online forums,meta_kill_chain,,,2026-09-11
Spamouflage China based CIB updated,influence_operation,meta,Q2_2023_Spamouflage_China_based_CIB_updated,2023-04-01,https://github.com/facebook/threat-research/blob/main/indicators/csv/Q2_2023%20/Q2_2023_Spamouflage_China_based_CIB_updated.csv,url,https://www[.]reddit[.]com/user/Embarrassed-Rice2968/,China,,,0. Acquiring assets > 0.9 Acquiring social media accounts > 0.9.8 Acquiring accounts on online forums,meta_kill_chain,,,2026-09-11
Spamouflage China based CIB updated,influence_operation,meta,Q2_2023_Spamouflage_China_based_CIB_updated,2023-04-01,https://github.com/facebook/threat-research/blob/main/indicators/csv/Q2_2023%20/Q2_2023_Spamouflage_China_based_CIB_updated.csv,url,https://www[.]reddit[.]com/user/333as/,China,,,0. Acquiring assets > 0.9 Acquiring social media accounts > 0.9.8 Acquiring accounts on online forums,meta_kill_chain,,,2026-09-11
Spamouflage China based CIB updated,influence_operation,meta,Q2_2023_Spamouflage_China_based_CIB_updated,2023-04-01,https://github.com/facebook/threat-research/blob/main/indicators/csv/Q2_2023%20/Q2_2023_Spamouflage_China_based_CIB_updated.csv,url,https://www[.]reddit[.]com/user/EnthusiasmOk6901/,China,,,0. Acquiring assets > 0.9 Acquiring social media accounts > 0.9.8 Acquiring accounts on online forums,meta_kill_chain,,,2026-09-11
Spamouflage China based CIB updated,influence_operation,meta,Q2_2023_Spamouflage_China_based_CIB_updated,2023-04-01,https://github.com/facebook/threat-research/blob/main/indicators/csv/Q2_2023%20/Q2_2023_Spamouflage_China_based_CIB_updated.csv,url,https://www[.]reddit[.]com/user/momohu123/,China,,,0. Acquiring assets > 0.9 Acquiring social media accounts > 0.9.8 Acquiring accounts on online forums,meta_kill_chain,,,2026-09-11
Spamouflage China based CIB updated,influence_operation,meta,Q2_2023_Spamouflage_China_based_CIB_updated,2023-04-01,https://github.com/facebook/threat-research/blob/main/indicators/csv/Q2_2023%20/Q2_2023_Spamouflage_China_based_CIB_updated.csv,url,https://www[.]reddit[.]com/user/Accomplished-Bag5619/,China,,,0. Acquiring assets > 0.9 Acquiring social media accounts > 0.9.8 Acquiring accounts on online forums,meta_kill_chain,,,2026-09-11
Spamouflage China based CIB updated,influence_operation,meta,Q2_2023_Spamouflage_China_based_CIB_updated,2023-04-01,https://github.com/facebook/threat-research/blob/main/indicators/csv/Q2_2023%20/Q2_2023_Spamouflage_China_based_CIB_updated.csv,url,https://www[.]reddit[.]com/user/Illustrious-Hyena496/,China,,,0. Acquiring assets > 0.9 Acquiring social media accounts > 0.9.8 Acquiring accounts on online forums,meta_kill_chain,,,2026-09-11
Spamouflage China based CIB updated,influence_operation,meta,Q2_2023_Spamouflage_China_based_CIB_updated,2023-04-01,https://github.com/facebook/threat-research/blob/main/indicators/csv/Q2_2023%20/Q2_2023_Spamouflage_China_based_CIB_updated.csv,url,https://www[.]reddit[.]com/user/nusatenggaratimur/,China,,,0. Acquiring assets > 0.9 Acquiring social media accounts > 0.9.8 Acquiring accounts on online forums,meta_kill_chain,,,2026-09-11
Spamouflage China based CIB updated,influence_operation,meta,Q2_2023_Spamouflage_China_based_CIB_updated,2023-04-01,https://github.com/facebook/threat-research/blob/main/indicators/csv/Q2_2023%20/Q2_2023_Spamouflage_China_based_CIB_updated.csv,url,https://www[.]reddit[.]com/user/afwfafawfa/,China,,,0. Acquiring assets > 0.9 Acquiring social media accounts > 0.9.8 Acquiring accounts on online forums,meta_kill_chain,,,2026-09-11
Spamouflage China based CIB updated,influence_operation,meta,Q2_2023_Spamouflage_China_based_CIB_updated,2023-04-01,https://github.com/facebook/threat-research/blob/main/indicators/csv/Q2_2023%20/Q2_2023_Spamouflage_China_based_CIB_updated.csv,url,https://www[.]reddit[.]com/user/TerribleEar3999/,China,,,0. Acquiring assets > 0.9 Acquiring social media accounts > 0.9.8 Acquiring accounts on online forums,meta_kill_chain,,,2026-09-11
Spamouflage China based CIB updated,influence_operation,meta,Q2_2023_Spamouflage_China_based_CIB_updated,2023-04-01,https://github.com/facebook/threat-research/blob/main/indicators/csv/Q2_2023%20/Q2_2023_Spamouflage_China_based_CIB_updated.csv,url,https://www[.]reddit[.]com/user/riskamuiyanr/,China,,,0. Acquiring assets > 0.9 Acquiring social media accounts > 0.9.8 Acquiring accounts on online forums,meta_kill_chain,,,2026-09-11
Spamouflage China based CIB updated,influence_operation,meta,Q2_2023_Spamouflage_China_based_CIB_updated,2023-04-01,https://github.com/facebook/threat-research/blob/main/indicators/csv/Q2_2023%20/Q2_2023_Spamouflage_China_based_CIB_updated.csv,url,https://www[.]reddit[.]com/user/EitherCredit9527/,China,,,0. Acquiring assets > 0.9 Acquiring social media accounts > 0.9.8 Acquiring accounts on online forums,meta_kill_chain,,,2026-09-11
Spamouflage China based CIB updated,influence_operation,meta,Q2_2023_Spamouflage_China_based_CIB_updated,2023-04-01,https://github.com/facebook/threat-research/blob/main/indicators/csv/Q2_2023%20/Q2_2023_Spamouflage_China_based_CIB_updated.csv,url,https://www[.]reddit[.]com/user/Some-Design-1576/,China,,,0. Acquiring assets > 0.9 Acquiring social media accounts > 0.9.8 Acquiring accounts on online forums,meta_kill_chain,,,2026-09-11
Spamouflage China based CIB updated,influence_operation,meta,Q2_2023_Spamouflage_China_based_CIB_updated,2023-04-01,https://github.com/facebook/threat-research/blob/main/indicators/csv/Q2_2023%20/Q2_2023_Spamouflage_China_based_CIB_updated.csv,url,https://www[.]reddit[.]com/user/ReferenceHot72/,China,,,0. Acquiring assets > 0.9 Acquiring social media accounts > 0.9.8 Acquiring accounts on online forums,meta_kill_chain,,,2026-09-11
Spamouflage China based CIB updated,influence_operation,meta,Q2_2023_Spamouflage_China_based_CIB_updated,2023-04-01,https://github.com/facebook/threat-research/blob/main/indicators/csv/Q2_2023%20/Q2_2023_Spamouflage_China_based_CIB_updated.csv,url,https://www[.]reddit[.]com/user/NumberOneStrawberry/,China,,,0. Acquiring assets > 0.9 Acquiring social media accounts > 0.9.8 Acquiring accounts on online forums,meta_kill_chain,,,2026-09-11
Spamouflage China based CIB updated,influence_operation,meta,Q2_2023_Spamouflage_China_based_CIB_updated,2023-04-01,https://github.com/facebook/threat-research/blob/main/indicators/csv/Q2_2023%20/Q2_2023_Spamouflage_China_based_CIB_updated.csv,url,https://www[.]reddit[.]com/user/AffectionateLie8484/,China,,,0. Acquiring assets > 0.9 Acquiring social media accounts > 0.9.8 Acquiring accounts on online forums,meta_kill_chain,,,2026-09-11
Spamouflage China based CIB updated,influence_operation,meta,Q2_2023_Spamouflage_China_based_CIB_updated,2023-04-01,https://github.com/facebook/threat-research/blob/main/indicators/csv/Q2_2023%20/Q2_2023_Spamouflage_China_based_CIB_updated.csv,url,https://www[.]reddit[.]com/user/Basic_Tumbleweed9724/,China,,,0. Acquiring assets > 0.9 Acquiring social media accounts > 0.9.8 Acquiring accounts on online forums,meta_kill_chain,,,2026-09-11
Spamouflage China based CIB updated,influence_operation,meta,Q2_2023_Spamouflage_China_based_CIB_updated,2023-04-01,https://github.com/facebook/threat-research/blob/main/indicators/csv/Q2_2023%20/Q2_2023_Spamouflage_China_based_CIB_updated.csv,url,https://www[.]reddit[.]com/user/OkOstrich9765/,China,,,0. Acquiring assets > 0.9 Acquiring social media accounts > 0.9.8 Acquiring accounts on online forums,meta_kill_chain,,,2026-09-11
Spamouflage China based CIB updated,influence_operation,meta,Q2_2023_Spamouflage_China_based_CIB_updated,2023-04-01,https://github.com/facebook/threat-research/blob/main/indicators/csv/Q2_2023%20/Q2_2023_Spamouflage_China_based_CIB_updated.csv,url,https://www[.]reddit[.]com/user/Plenty-Tea-8622/,China,,,0. Acquiring assets > 0.9 Acquiring social media accounts > 0.9.8 Acquiring accounts on online forums,meta_kill_chain,,,2026-09-11
Spamouflage China based CIB updated,influence_operation,meta,Q2_2023_Spamouflage_China_based_CIB_updated,2023-04-01,https://github.com/facebook/threat-research/blob/main/indicators/csv/Q2_2023%20/Q2_2023_Spamouflage_China_based_CIB_updated.csv,url,https://www[.]reddit[.]com/user/jeroldmhansonx1/,China,,,0. Acquiring assets > 0.9 Acquiring social media accounts > 0.9.8 Acquiring accounts on online forums,meta_kill_chain,,,2026-09-11
Spamouflage China based CIB updated,influence_operation,meta,Q2_2023_Spamouflage_China_based_CIB_updated,2023-04-01,https://github.com/facebook/threat-research/blob/main/indicators/csv/Q2_2023%20/Q2_2023_Spamouflage_China_based_CIB_updated.csv,url,https://www[.]reddit[.]com/user/DesignerAdmirable180/,China,,,0. Acquiring assets > 0.9 Acquiring social media accounts > 0.9.8 Acquiring accounts on online forums,meta_kill_chain,,,2026-09-11
Spamouflage China based CIB updated,influence_operation,meta,Q2_2023_Spamouflage_China_based_CIB_updated,2023-04-01,https://github.com/facebook/threat-research/blob/main/indicators/csv/Q2_2023%20/Q2_2023_Spamouflage_China_based_CIB_updated.csv,url,https://www[.]reddit[.]com/user/jeroldmhansonx1/,China,,,0. Acquiring assets > 0.9 Acquiring social media accounts > 0.9.8 Acquiring accounts on online forums,meta_kill_chain,,,2026-09-11
Spamouflage China based CIB updated,influence_operation,meta,Q2_2023_Spamouflage_China_based_CIB_updated,2023-04-01,https://github.com/facebook/threat-research/blob/main/indicators/csv/Q2_2023%20/Q2_2023_Spamouflage_China_based_CIB_updated.csv,url,https://www[.]reddit[.]com/user/Competitive_Clue_99/,China,,,0. Acquiring assets > 0.9 Acquiring social media accounts > 0.9.8 Acquiring accounts on online forums,meta_kill_chain,,,2026-09-11
Spamouflage China based CIB updated,influence_operation,meta,Q2_2023_Spamouflage_China_based_CIB_updated,2023-04-01,https://github.com/facebook/threat-research/blob/main/indicators/csv/Q2_2023%20/Q2_2023_Spamouflage_China_based_CIB_updated.csv,url,https://www[.]reddit[.]com/user/Enough_Grapefruit_37/,China,,,0. Acquiring assets > 0.9 Acquiring social media accounts > 0.9.8 Acquiring accounts on online forums,meta_kill_chain,,,2026-09-11
Spamouflage China based CIB updated,influence_operation,meta,Q2_2023_Spamouflage_China_based_CIB_updated,2023-04-01,https://github.com/facebook/threat-research/blob/main/indicators/csv/Q2_2023%20/Q2_2023_Spamouflage_China_based_CIB_updated.csv,url,https://www[.]reddit[.]com/user/Mediocre-Carry3657/,China,,,0. Acquiring assets > 0.9 Acquiring social media accounts > 0.9.8 Acquiring accounts on online forums,meta_kill_chain,,,2026-09-11
Spamouflage China based CIB updated,influence_operation,meta,Q2_2023_Spamouflage_China_based_CIB_updated,2023-04-01,https://github.com/facebook/threat-research/blob/main/indicators/csv/Q2_2023%20/Q2_2023_Spamouflage_China_based_CIB_updated.csv,url,https://www[.]reddit[.]com/user/AddressGlad133/,China,,,0. Acquiring assets > 0.9 Acquiring social media accounts > 0.9.8 Acquiring accounts on online forums,meta_kill_chain,,,2026-09-11
Spamouflage China based CIB updated,influence_operation,meta,Q2_2023_Spamouflage_China_based_CIB_updated,2023-04-01,https://github.com/facebook/threat-research/blob/main/indicators/csv/Q2_2023%20/Q2_2023_Spamouflage_China_based_CIB_updated.csv,url,https://www[.]reddit[.]com/user/Enough_Analysis1105/,China,,,0. Acquiring assets > 0.9 Acquiring social media accounts > 0.9.8 Acquiring accounts on online forums,meta_kill_chain,,,2026-09-11
Spamouflage China based CIB updated,influence_operation,meta,Q2_2023_Spamouflage_China_based_CIB_updated,2023-04-01,https://github.com/facebook/threat-research/blob/main/indicators/csv/Q2_2023%20/Q2_2023_Spamouflage_China_based_CIB_updated.csv,url,https://www[.]reddit[.]com/user/CoolPresent9557/,China,,,0. Acquiring assets > 0.9 Acquiring social media accounts > 0.9.8 Acquiring accounts on online forums,meta_kill_chain,,,2026-09-11
Spamouflage China based CIB updated,influence_operation,meta,Q2_2023_Spamouflage_China_based_CIB_updated,2023-04-01,https://github.com/facebook/threat-research/blob/main/indicators/csv/Q2_2023%20/Q2_2023_Spamouflage_China_based_CIB_updated.csv,url,https://www[.]reddit[.]com/user/JournalistCapital742/,China,,,0. Acquiring assets > 0.9 Acquiring social media accounts > 0.9.8 Acquiring accounts on online forums,meta_kill_chain,,,2026-09-11
Spamouflage China based CIB updated,influence_operation,meta,Q2_2023_Spamouflage_China_based_CIB_updated,2023-04-01,https://github.com/facebook/threat-research/blob/main/indicators/csv/Q2_2023%20/Q2_2023_Spamouflage_China_based_CIB_updated.csv,url,https://www[.]reddit[.]com/user/Additional_Strike336/,China,,,0. Acquiring assets > 0.9 Acquiring social media accounts > 0.9.8 Acquiring accounts on online forums,meta_kill_chain,,,2026-09-11
Spamouflage China based CIB updated,influence_operation,meta,Q2_2023_Spamouflage_China_based_CIB_updated,2023-04-01,https://github.com/facebook/threat-research/blob/main/indicators/csv/Q2_2023%20/Q2_2023_Spamouflage_China_based_CIB_updated.csv,url,https://www[.]reddit[.]com/user/North-Yam7670/,China,,,0. Acquiring assets > 0.9 Acquiring social media accounts > 0.9.8 Acquiring accounts on online forums,meta_kill_chain,,,2026-09-11
Spamouflage China based CIB updated,influence_operation,meta,Q2_2023_Spamouflage_China_based_CIB_updated,2023-04-01,https://github.com/facebook/threat-research/blob/main/indicators/csv/Q2_2023%20/Q2_2023_Spamouflage_China_based_CIB_updated.csv,url,https://www[.]reddit[.]com/r/meiguominzhu/,China,,,0. Acquiring assets > 0.9 Acquiring social media accounts > 0.9.8 Acquiring accounts on online forums,meta_kill_chain,,,2026-09-11
Spamouflage China based CIB updated,influence_operation,meta,Q2_2023_Spamouflage_China_based_CIB_updated,2023-04-01,https://github.com/facebook/threat-research/blob/main/indicators/csv/Q2_2023%20/Q2_2023_Spamouflage_China_based_CIB_updated.csv,url,https://www[.]reddit[.]com/user/Euphoric_Froyo_170/,China,,,0. Acquiring assets > 0.9 Acquiring social media accounts > 0.9.8 Acquiring accounts on online forums,meta_kill_chain,,,2026-09-11
Spamouflage China based CIB updated,influence_operation,meta,Q2_2023_Spamouflage_China_based_CIB_updated,2023-04-01,https://github.com/facebook/threat-research/blob/main/indicators/csv/Q2_2023%20/Q2_2023_Spamouflage_China_based_CIB_updated.csv,url,https://www[.]reddit[.]com/user/Ok-Breakfast7600/,China,,,0. Acquiring assets > 0.9 Acquiring social media accounts > 0.9.8 Acquiring accounts on online forums,meta_kill_chain,,,2026-09-11
Spamouflage China based CIB updated,influence_operation,meta,Q2_2023_Spamouflage_China_based_CIB_updated,2023-04-01,https://github.com/facebook/threat-research/blob/main/indicators/csv/Q2_2023%20/Q2_2023_Spamouflage_China_based_CIB_updated.csv,url,https://www[.]reddit[.]com/user/Naive_Abrocoma6717/,China,,,0. Acquiring assets > 0.9 Acquiring social media accounts > 0.9.8 Acquiring accounts on online forums,meta_kill_chain,,,2026-09-11
Spamouflage China based CIB updated,influence_operation,meta,Q2_2023_Spamouflage_China_based_CIB_updated,2023-04-01,https://github.com/facebook/threat-research/blob/main/indicators/csv/Q2_2023%20/Q2_2023_Spamouflage_China_based_CIB_updated.csv,url,https://www[.]reddit[.]com/user/Aware-Pay-2739/,China,,,0. Acquiring assets > 0.9 Acquiring social media accounts > 0.9.8 Acquiring accounts on online forums,meta_kill_chain,,,2026-09-11
Spamouflage China based CIB updated,influence_operation,meta,Q2_2023_Spamouflage_China_based_CIB_updated,2023-04-01,https://github.com/facebook/threat-research/blob/main/indicators/csv/Q2_2023%20/Q2_2023_Spamouflage_China_based_CIB_updated.csv,url,https://www[.]reddit[.]com/user/EnvironmentalPart180/,China,,,0. Acquiring assets > 0.9 Acquiring social media accounts > 0.9.8 Acquiring accounts on online forums,meta_kill_chain,,,2026-09-11
Spamouflage China based CIB updated,influence_operation,meta,Q2_2023_Spamouflage_China_based_CIB_updated,2023-04-01,https://github.com/facebook/threat-research/blob/main/indicators/csv/Q2_2023%20/Q2_2023_Spamouflage_China_based_CIB_updated.csv,url,https://www[.]reddit[.]com/user/CoolPresent9557/,China,,,0. Acquiring assets > 0.9 Acquiring social media accounts > 0.9.8 Acquiring accounts on online forums,meta_kill_chain,,,2026-09-11
Spamouflage China based CIB updated,influence_operation,meta,Q2_2023_Spamouflage_China_based_CIB_updated,2023-04-01,https://github.com/facebook/threat-research/blob/main/indicators/csv/Q2_2023%20/Q2_2023_Spamouflage_China_based_CIB_updated.csv,url,https://www[.]reddit[.]com/user/Western-Bathroom4113/,China,,,0. Acquiring assets > 0.9 Acquiring social media accounts > 0.9.8 Acquiring accounts on online forums,meta_kill_chain,,,2026-09-11
Spamouflage China based CIB updated,influence_operation,meta,Q2_2023_Spamouflage_China_based_CIB_updated,2023-04-01,https://github.com/facebook/threat-research/blob/main/indicators/csv/Q2_2023%20/Q2_2023_Spamouflage_China_based_CIB_updated.csv,url,https://www[.]reddit[.]com/user/Only_Promotion5462/,China,,,0. Acquiring assets > 0.9 Acquiring social media accounts > 0.9.8 Acquiring accounts on online forums,meta_kill_chain,,,2026-09-11
Spamouflage China based CIB updated,influence_operation,meta,Q2_2023_Spamouflage_China_based_CIB_updated,2023-04-01,https://github.com/facebook/threat-research/blob/main/indicators/csv/Q2_2023%20/Q2_2023_Spamouflage_China_based_CIB_updated.csv,url,https://www[.]reddit[.]com/user/Different_Profile703/,China,,,0. Acquiring assets > 0.9 Acquiring social media accounts > 0.9.8 Acquiring accounts on online forums,meta_kill_chain,,,2026-09-11
Spamouflage China based CIB updated,influence_operation,meta,Q2_2023_Spamouflage_China_based_CIB_updated,2023-04-01,https://github.com/facebook/threat-research/blob/main/indicators/csv/Q2_2023%20/Q2_2023_Spamouflage_China_based_CIB_updated.csv,url,https://www[.]reddit[.]com/user/Striking_Cherry260/,China,,,0. Acquiring assets > 0.9 Acquiring social media accounts > 0.9.8 Acquiring accounts on online forums,meta_kill_chain,,,2026-09-11
Spamouflage China based CIB updated,influence_operation,meta,Q2_2023_Spamouflage_China_based_CIB_updated,2023-04-01,https://github.com/facebook/threat-research/blob/main/indicators/csv/Q2_2023%20/Q2_2023_Spamouflage_China_based_CIB_updated.csv,url,https://www[.]reddit[.]com/user/NoTax7324/,China,,,0. Acquiring assets > 0.9 Acquiring social media accounts > 0.9.8 Acquiring accounts on online forums,meta_kill_chain,,,2026-09-11
Spamouflage China based CIB updated,influence_operation,meta,Q2_2023_Spamouflage_China_based_CIB_updated,2023-04-01,https://github.com/facebook/threat-research/blob/main/indicators/csv/Q2_2023%20/Q2_2023_Spamouflage_China_based_CIB_updated.csv,url,https://www[.]reddit[.]com/user/Alethea-anni/,China,,,0. Acquiring assets > 0.9 Acquiring social media accounts > 0.9.8 Acquiring accounts on online forums,meta_kill_chain,,,2026-09-11
Spamouflage China based CIB updated,influence_operation,meta,Q2_2023_Spamouflage_China_based_CIB_updated,2023-04-01,https://github.com/facebook/threat-research/blob/main/indicators/csv/Q2_2023%20/Q2_2023_Spamouflage_China_based_CIB_updated.csv,url,https://www[.]reddit[.]com/user/North-Yam7670/,China,,,0. Acquiring assets > 0.9 Acquiring social media accounts > 0.9.8 Acquiring accounts on online forums,meta_kill_chain,,,2026-09-11
Spamouflage China based CIB updated,influence_operation,meta,Q2_2023_Spamouflage_China_based_CIB_updated,2023-04-01,https://github.com/facebook/threat-research/blob/main/indicators/csv/Q2_2023%20/Q2_2023_Spamouflage_China_based_CIB_updated.csv,url,https://www[.]reddit[.]com/user/freyaBond/,China,,,0. Acquiring assets > 0.9 Acquiring social media accounts > 0.9.8 Acquiring accounts on online forums,meta_kill_chain,,,2026-09-11
Spamouflage China based CIB updated,influence_operation,meta,Q2_2023_Spamouflage_China_based_CIB_updated,2023-04-01,https://github.com/facebook/threat-research/blob/main/indicators/csv/Q2_2023%20/Q2_2023_Spamouflage_China_based_CIB_updated.csv,url,https://www[.]reddit[.]com/user/Future-Status4391/,China,,,0. Acquiring assets > 0.9 Acquiring social media accounts > 0.9.8 Acquiring accounts on online forums,meta_kill_chain,,,2026-09-11
Spamouflage China based CIB updated,influence_operation,meta,Q2_2023_Spamouflage_China_based_CIB_updated,2023-04-01,https://github.com/facebook/threat-research/blob/main/indicators/csv/Q2_2023%20/Q2_2023_Spamouflage_China_based_CIB_updated.csv,url,https://www[.]reddit[.]com/user/Expensive_jiu1/,China,,,0. Acquiring assets > 0.9 Acquiring social media accounts > 0.9.8 Acquiring accounts on online forums,meta_kill_chain,,,2026-09-11
Spamouflage China based CIB updated,influence_operation,meta,Q2_2023_Spamouflage_China_based_CIB_updated,2023-04-01,https://github.com/facebook/threat-research/blob/main/indicators/csv/Q2_2023%20/Q2_2023_Spamouflage_China_based_CIB_updated.csv,url,https://www[.]reddit[.]com/user/Accomplished_Draw588/,China,,,0. Acquiring assets > 0.9 Acquiring social media accounts > 0.9.8 Acquiring accounts on online forums,meta_kill_chain,,,2026-09-11
Spamouflage China based CIB updated,influence_operation,meta,Q2_2023_Spamouflage_China_based_CIB_updated,2023-04-01,https://github.com/facebook/threat-research/blob/main/indicators/csv/Q2_2023%20/Q2_2023_Spamouflage_China_based_CIB_updated.csv,url,https://www[.]reddit[.]com/user/Actual_Garlic_4767/,China,,,0. Acquiring assets > 0.9 Acquiring social media accounts > 0.9.8 Acquiring accounts on online forums,meta_kill_chain,,,2026-09-11
Spamouflage China based CIB updated,influence_operation,meta,Q2_2023_Spamouflage_China_based_CIB_updated,2023-04-01,https://github.com/facebook/threat-research/blob/main/indicators/csv/Q2_2023%20/Q2_2023_Spamouflage_China_based_CIB_updated.csv,url,https://www[.]reddit[.]com/user/Remarkable_Reply8671/,China,,,0. Acquiring assets > 0.9 Acquiring social media accounts > 0.9.8 Acquiring accounts on online forums,meta_kill_chain,,,2026-09-11
Spamouflage China based CIB updated,influence_operation,meta,Q2_2023_Spamouflage_China_based_CIB_updated,2023-04-01,https://github.com/facebook/threat-research/blob/main/indicators/csv/Q2_2023%20/Q2_2023_Spamouflage_China_based_CIB_updated.csv,url,https://www[.]reddit[.]com/user/Majestic-Trade-4547/,China,,,0. Acquiring assets > 0.9 Acquiring social media accounts > 0.9.8 Acquiring accounts on online forums,meta_kill_chain,,,2026-09-11
Spamouflage China based CIB updated,influence_operation,meta,Q2_2023_Spamouflage_China_based_CIB_updated,2023-04-01,https://github.com/facebook/threat-research/blob/main/indicators/csv/Q2_2023%20/Q2_2023_Spamouflage_China_based_CIB_updated.csv,url,https://www[.]reddit[.]com/user/Flaky_Possible_1654/,China,,,0. Acquiring assets > 0.9 Acquiring social media accounts > 0.9.8 Acquiring accounts on online forums,meta_kill_chain,,,2026-09-11
Spamouflage China based CIB updated,influence_operation,meta,Q2_2023_Spamouflage_China_based_CIB_updated,2023-04-01,https://github.com/facebook/threat-research/blob/main/indicators/csv/Q2_2023%20/Q2_2023_Spamouflage_China_based_CIB_updated.csv,url,https://www[.]reddit[.]com/user/yjyj01/,China,,,0. Acquiring assets > 0.9 Acquiring social media accounts > 0.9.8 Acquiring accounts on online forums,meta_kill_chain,,,2026-09-11
Spamouflage China based CIB updated,influence_operation,meta,Q2_2023_Spamouflage_China_based_CIB_updated,2023-04-01,https://github.com/facebook/threat-research/blob/main/indicators/csv/Q2_2023%20/Q2_2023_Spamouflage_China_based_CIB_updated.csv,url,https://www[.]reddit[.]com/user/MinuteFuture5246/,China,,,0. Acquiring assets > 0.9 Acquiring social media accounts > 0.9.8 Acquiring accounts on online forums,meta_kill_chain,,,2026-09-11
Spamouflage China based CIB updated,influence_operation,meta,Q2_2023_Spamouflage_China_based_CIB_updated,2023-04-01,https://github.com/facebook/threat-research/blob/main/indicators/csv/Q2_2023%20/Q2_2023_Spamouflage_China_based_CIB_updated.csv,url,https://www[.]reddit[.]com/user/Tasty_Bad_3400/,China,,,0. Acquiring assets > 0.9 Acquiring social media accounts > 0.9.8 Acquiring accounts on online forums,meta_kill_chain,,,2026-09-11
Spamouflage China based CIB updated,influence_operation,meta,Q2_2023_Spamouflage_China_based_CIB_updated,2023-04-01,https://github.com/facebook/threat-research/blob/main/indicators/csv/Q2_2023%20/Q2_2023_Spamouflage_China_based_CIB_updated.csv,url,https://www[.]reddit[.]com/r/fghji/,China,,,0. Acquiring assets > 0.9 Acquiring social media accounts > 0.9.8 Acquiring accounts on online forums,meta_kill_chain,,,2026-09-11
Spamouflage China based CIB updated,influence_operation,meta,Q2_2023_Spamouflage_China_based_CIB_updated,2023-04-01,https://github.com/facebook/threat-research/blob/main/indicators/csv/Q2_2023%20/Q2_2023_Spamouflage_China_based_CIB_updated.csv,url,https://www[.]reddit[.]com/user/mandygm27/,China,,,0. Acquiring assets > 0.9 Acquiring social media accounts > 0.9.8 Acquiring accounts on online forums,meta_kill_chain,,,2026-09-11
Spamouflage China based CIB updated,influence_operation,meta,Q2_2023_Spamouflage_China_based_CIB_updated,2023-04-01,https://github.com/facebook/threat-research/blob/main/indicators/csv/Q2_2023%20/Q2_2023_Spamouflage_China_based_CIB_updated.csv,url,https://www[.]reddit[.]com/user/olivechoi94/,China,,,0. Acquiring assets > 0.9 Acquiring social media accounts > 0.9.8 Acquiring accounts on online forums,meta_kill_chain,,,2026-09-11
Spamouflage China based CIB updated,influence_operation,meta,Q2_2023_Spamouflage_China_based_CIB_updated,2023-04-01,https://github.com/facebook/threat-research/blob/main/indicators/csv/Q2_2023%20/Q2_2023_Spamouflage_China_based_CIB_updated.csv,url,https://www[.]reddit[.]com/user/hellodfdfe/,China,,,0. Acquiring assets > 0.9 Acquiring social media accounts > 0.9.8 Acquiring accounts on online forums,meta_kill_chain,,,2026-09-11
Spamouflage China based CIB updated,influence_operation,meta,Q2_2023_Spamouflage_China_based_CIB_updated,2023-04-01,https://github.com/facebook/threat-research/blob/main/indicators/csv/Q2_2023%20/Q2_2023_Spamouflage_China_based_CIB_updated.csv,url,https://www[.]reddit[.]com/user/FeePsychological343/,China,,,0. Acquiring assets > 0.9 Acquiring social media accounts > 0.9.8 Acquiring accounts on online forums,meta_kill_chain,,,2026-09-11
Spamouflage China based CIB updated,influence_operation,meta,Q2_2023_Spamouflage_China_based_CIB_updated,2023-04-01,https://github.com/facebook/threat-research/blob/main/indicators/csv/Q2_2023%20/Q2_2023_Spamouflage_China_based_CIB_updated.csv,url,https://www[.]nairaland[.]com/adair654123,China,,,0. Acquiring assets > 0.9 Acquiring social media accounts > 0.9.8 Acquiring accounts on online forums,meta_kill_chain,,,2026-09-11
Spamouflage China based CIB updated,influence_operation,meta,Q2_2023_Spamouflage_China_based_CIB_updated,2023-04-01,https://github.com/facebook/threat-research/blob/main/indicators/csv/Q2_2023%20/Q2_2023_Spamouflage_China_based_CIB_updated.csv,url,https://www[.]nairaland[.]com/bingo1984,China,,,0. Acquiring assets > 0.9 Acquiring social media accounts > 0.9.8 Acquiring accounts on online forums,meta_kill_chain,,,2026-09-11
Spamouflage China based CIB updated,influence_operation,meta,Q2_2023_Spamouflage_China_based_CIB_updated,2023-04-01,https://github.com/facebook/threat-research/blob/main/indicators/csv/Q2_2023%20/Q2_2023_Spamouflage_China_based_CIB_updated.csv,url,https://www[.]nairaland[.]com/smideadh,China,,,0. Acquiring assets > 0.9 Acquiring social media accounts > 0.9.8 Acquiring accounts on online forums,meta_kill_chain,,,2026-09-11
Spamouflage China based CIB updated,influence_operation,meta,Q2_2023_Spamouflage_China_based_CIB_updated,2023-04-01,https://github.com/facebook/threat-research/blob/main/indicators/csv/Q2_2023%20/Q2_2023_Spamouflage_China_based_CIB_updated.csv,url,https://disqus[.]com/by/disqus_8MDQreytiq/?,China,,,0. Acquiring assets > 0.9 Acquiring social media accounts > 0.9.8 Acquiring accounts on online forums,meta_kill_chain,,,2026-09-11
Spamouflage China based CIB updated,influence_operation,meta,Q2_2023_Spamouflage_China_based_CIB_updated,2023-04-01,https://github.com/facebook/threat-research/blob/main/indicators/csv/Q2_2023%20/Q2_2023_Spamouflage_China_based_CIB_updated.csv,url,https://zhonglong[.]skyrock[.]com/,China,,,0. Acquiring assets > 0.9 Acquiring social media accounts > 0.9.8 Acquiring accounts on online forums,meta_kill_chain,,,2026-09-11
Spamouflage China based CIB updated,influence_operation,meta,Q2_2023_Spamouflage_China_based_CIB_updated,2023-04-01,https://github.com/facebook/threat-research/blob/main/indicators/csv/Q2_2023%20/Q2_2023_Spamouflage_China_based_CIB_updated.csv,url,https://www[.]backchina[.]com/home[.]php?mod=space&uid=383200,China,,,0. Acquiring assets > 0.9 Acquiring social media accounts > 0.9.8 Acquiring accounts on online forums,meta_kill_chain,,,2026-09-11
Spamouflage China based CIB updated,influence_operation,meta,Q2_2023_Spamouflage_China_based_CIB_updated,2023-04-01,https://github.com/facebook/threat-research/blob/main/indicators/csv/Q2_2023%20/Q2_2023_Spamouflage_China_based_CIB_updated.csv,url,https://www[.]backchina[.]com/u/382772,China,,,0. Acquiring assets > 0.9 Acquiring social media accounts > 0.9.8 Acquiring accounts on online forums,meta_kill_chain,,,2026-09-11
Spamouflage China based CIB updated,influence_operation,meta,Q2_2023_Spamouflage_China_based_CIB_updated,2023-04-01,https://github.com/facebook/threat-research/blob/main/indicators/csv/Q2_2023%20/Q2_2023_Spamouflage_China_based_CIB_updated.csv,url,https://www[.]nanyangmoney[.]com/profile/tusensen00/forum-posts,China,,,0. Acquiring assets > 0.9 Acquiring social media accounts > 0.9.8 Acquiring accounts on online forums,meta_kill_chain,,,2026-09-11
Spamouflage China based CIB updated,influence_operation,meta,Q2_2023_Spamouflage_China_based_CIB_updated,2023-04-01,https://github.com/facebook/threat-research/blob/main/indicators/csv/Q2_2023%20/Q2_2023_Spamouflage_China_based_CIB_updated.csv,url,https://www[.]nanyangmoney[.]com/profile/esslerashaqvernett/forum-posts,China,,,0. Acquiring assets > 0.9 Acquiring social media accounts > 0.9.8 Acquiring accounts on online forums,meta_kill_chain,,,2026-09-11
Spamouflage China based CIB updated,influence_operation,meta,Q2_2023_Spamouflage_China_based_CIB_updated,2023-04-01,https://github.com/facebook/threat-research/blob/main/indicators/csv/Q2_2023%20/Q2_2023_Spamouflage_China_based_CIB_updated.csv,url,https://www[.]nanyangmoney[.]com/profile/ramdesaiini/forum-posts,China,,,0. Acquiring assets > 0.9 Acquiring social media accounts > 0.9.8 Acquiring accounts on online forums,meta_kill_chain,,,2026-09-11
Spamouflage China based CIB updated,influence_operation,meta,Q2_2023_Spamouflage_China_based_CIB_updated,2023-04-01,https://github.com/facebook/threat-research/blob/main/indicators/csv/Q2_2023%20/Q2_2023_Spamouflage_China_based_CIB_updated.csv,url,https://www[.]nanyangmoney[.]com/profile/sophialaquandra/forum-posts,China,,,0. Acquiring assets > 0.9 Acquiring social media accounts > 0.9.8 Acquiring accounts on online forums,meta_kill_chain,,,2026-09-11
Spamouflage China based CIB updated,influence_operation,meta,Q2_2023_Spamouflage_China_based_CIB_updated,2023-04-01,https://github.com/facebook/threat-research/blob/main/indicators/csv/Q2_2023%20/Q2_2023_Spamouflage_China_based_CIB_updated.csv,url,https://www[.]artstation[.]com/jacksonnash2,China,,,0. Acquiring assets > 0.9 Acquiring social media accounts > 0.9.8 Acquiring accounts on online forums,meta_kill_chain,,,2026-09-11
Spamouflage China based CIB updated,influence_operation,meta,Q2_2023_Spamouflage_China_based_CIB_updated,2023-04-01,https://github.com/facebook/threat-research/blob/main/indicators/csv/Q2_2023%20/Q2_2023_Spamouflage_China_based_CIB_updated.csv,url,https://www[.]artstation[.]com/angeloerdahl2,China,,,0. Acquiring assets > 0.9 Acquiring social media accounts > 0.9.8 Acquiring accounts on online forums,meta_kill_chain,,,2026-09-11
Spamouflage China based CIB updated,influence_operation,meta,Q2_2023_Spamouflage_China_based_CIB_updated,2023-04-01,https://github.com/facebook/threat-research/blob/main/indicators/csv/Q2_2023%20/Q2_2023_Spamouflage_China_based_CIB_updated.csv,url,https://forum[.]molihua[.]org/u/wacrr123,China,,,0. Acquiring assets > 0.9 Acquiring social media accounts > 0.9.8 Acquiring accounts on online forums,meta_kill_chain,,,2026-09-11
Spamouflage China based CIB updated,influence_operation,meta,Q2_2023_Spamouflage_China_based_CIB_updated,2023-04-01,https://github.com/facebook/threat-research/blob/main/indicators/csv/Q2_2023%20/Q2_2023_Spamouflage_China_based_CIB_updated.csv,url,https://forum[.]molihua[.]org/d/3678-milk-tea-alliancereleases-investigation-report-on-covid-19-transmission,China,,,0. Acquiring assets > 0.9 Acquiring social media accounts > 0.9.8 Acquiring accounts on online forums,meta_kill_chain,,,2026-09-11
Spamouflage China based CIB updated,influence_operation,meta,Q2_2023_Spamouflage_China_based_CIB_updated,2023-04-01,https://github.com/facebook/threat-research/blob/main/indicators/csv/Q2_2023%20/Q2_2023_Spamouflage_China_based_CIB_updated.csv,url,https://forum[.]molihua[.]org/u/lyydd200,China,,,0. Acquiring assets > 0.9 Acquiring social media accounts > 0.9.8 Acquiring accounts on online forums,meta_kill_chain,,,2026-09-11
Spamouflage China based CIB updated,influence_operation,meta,Q2_2023_Spamouflage_China_based_CIB_updated,2023-04-01,https://github.com/facebook/threat-research/blob/main/indicators/csv/Q2_2023%20/Q2_2023_Spamouflage_China_based_CIB_updated.csv,url,https://www[.]scoop[.]it/topic/umormalik61,China,,,0. Acquiring assets > 0.9 Acquiring social media accounts > 0.9.8 Acquiring accounts on online forums,meta_kill_chain,,,2026-09-11
Spamouflage China based CIB updated,influence_operation,meta,Q2_2023_Spamouflage_China_based_CIB_updated,2023-04-01,https://github.com/facebook/threat-research/blob/main/indicators/csv/Q2_2023%20/Q2_2023_Spamouflage_China_based_CIB_updated.csv,url,https://cont[.]ws/@gupeiji110,China,,,0. Acquiring assets > 0.9 Acquiring social media accounts > 0.9.8 Acquiring accounts on online forums,meta_kill_chain,,,2026-09-11
Spamouflage China based CIB updated,influence_operation,meta,Q2_2023_Spamouflage_China_based_CIB_updated,2023-04-01,https://github.com/facebook/threat-research/blob/main/indicators/csv/Q2_2023%20/Q2_2023_Spamouflage_China_based_CIB_updated.csv,url,https://www[.]thestudentroom[.]co[.]uk/member[.]php?u=5820677,China,,,0. Acquiring assets > 0.9 Acquiring social media accounts > 0.9.8 Acquiring accounts on online forums,meta_kill_chain,,,2026-09-11
Spamouflage China based CIB updated,influence_operation,meta,Q2_2023_Spamouflage_China_based_CIB_updated,2023-04-01,https://github.com/facebook/threat-research/blob/main/indicators/csv/Q2_2023%20/Q2_2023_Spamouflage_China_based_CIB_updated.csv,url,https://www[.]wattpad[.]com/user/Financial_Nebula520,China,,,0. Acquiring assets > 0.9 Acquiring social media accounts > 0.9.8 Acquiring accounts on online forums,meta_kill_chain,,,2026-09-11
Spamouflage China based CIB updated,influence_operation,meta,Q2_2023_Spamouflage_China_based_CIB_updated,2023-04-01,https://github.com/facebook/threat-research/blob/main/indicators/csv/Q2_2023%20/Q2_2023_Spamouflage_China_based_CIB_updated.csv,url,https://www[.]opendiary[.]com/m/author/wiwk/,China,,,0. Acquiring assets > 0.9 Acquiring social media accounts > 0.9.8 Acquiring accounts on online forums,meta_kill_chain,,,2026-09-11
Spamouflage China based CIB updated,influence_operation,meta,Q2_2023_Spamouflage_China_based_CIB_updated,2023-04-01,https://github.com/facebook/threat-research/blob/main/indicators/csv/Q2_2023%20/Q2_2023_Spamouflage_China_based_CIB_updated.csv,url,https://www[.]opendiary[.]com/m/author/annasu2023/,China,,,0. Acquiring assets > 0.9 Acquiring social media accounts > 0.9.8 Acquiring accounts on online forums,meta_kill_chain,,,2026-09-11
Spamouflage China based CIB updated,influence_operation,meta,Q2_2023_Spamouflage_China_based_CIB_updated,2023-04-01,https://github.com/facebook/threat-research/blob/main/indicators/csv/Q2_2023%20/Q2_2023_Spamouflage_China_based_CIB_updated.csv,url,https://www[.]opendiary[.]com/m/author/ggss/,China,,,0. Acquiring assets > 0.9 Acquiring social media accounts > 0.9.8 Acquiring accounts on online forums,meta_kill_chain,,,2026-09-11
Spamouflage China based CIB updated,influence_operation,meta,Q2_2023_Spamouflage_China_based_CIB_updated,2023-04-01,https://github.com/facebook/threat-research/blob/main/indicators/csv/Q2_2023%20/Q2_2023_Spamouflage_China_based_CIB_updated.csv,url,https://www[.]ftchinese[.]com/comments/index/001098872,China,,,0. Acquiring assets > 0.9 Acquiring social media accounts > 0.9.8 Acquiring accounts on online forums,meta_kill_chain,,,2026-09-11
Spamouflage China based CIB updated,influence_operation,meta,Q2_2023_Spamouflage_China_based_CIB_updated,2023-04-01,https://github.com/facebook/threat-research/blob/main/indicators/csv/Q2_2023%20/Q2_2023_Spamouflage_China_based_CIB_updated.csv,url,https://bad[.]news/t/4198511,China,,,0. Acquiring assets > 0.9 Acquiring social media accounts > 0.9.8 Acquiring accounts on online forums,meta_kill_chain,,,2026-09-11
Spamouflage China based CIB updated,influence_operation,meta,Q2_2023_Spamouflage_China_based_CIB_updated,2023-04-01,https://github.com/facebook/threat-research/blob/main/indicators/csv/Q2_2023%20/Q2_2023_Spamouflage_China_based_CIB_updated.csv,url,https://github[.]com/qwer66a,China,,,0. Acquiring assets > 0.9 Acquiring social media accounts > 0.9.8 Acquiring accounts on online forums,meta_kill_chain,,,2026-09-11
Spamouflage China based CIB updated,influence_operation,meta,Q2_2023_Spamouflage_China_based_CIB_updated,2023-04-01,https://github.com/facebook/threat-research/blob/main/indicators/csv/Q2_2023%20/Q2_2023_Spamouflage_China_based_CIB_updated.csv,url,https://steemit[.]com/@pigman121,China,,,0. Acquiring assets > 0.9 Acquiring social media accounts > 0.9.8 Acquiring accounts on online forums,meta_kill_chain,,,2026-09-11
Spamouflage China based CIB updated,influence_operation,meta,Q2_2023_Spamouflage_China_based_CIB_updated,2023-04-01,https://github.com/facebook/threat-research/blob/main/indicators/csv/Q2_2023%20/Q2_2023_Spamouflage_China_based_CIB_updated.csv,url,https://steemit[.]com/@phaeton669,China,,,0. Acquiring assets > 0.9 Acquiring social media accounts > 0.9.8 Acquiring accounts on online forums,meta_kill_chain,,,2026-09-11
Spamouflage China based CIB updated,influence_operation,meta,Q2_2023_Spamouflage_China_based_CIB_updated,2023-04-01,https://github.com/facebook/threat-research/blob/main/indicators/csv/Q2_2023%20/Q2_2023_Spamouflage_China_based_CIB_updated.csv,url,https://rowse97[.]livedoor[.]blog/,China,,,0. Acquiring assets > 0.9 Acquiring social media accounts > 0.9.8 Acquiring accounts on online forums,meta_kill_chain,,,2026-09-11
Spamouflage China based CIB updated,influence_operation,meta,Q2_2023_Spamouflage_China_based_CIB_updated,2023-04-01,https://github.com/facebook/threat-research/blob/main/indicators/csv/Q2_2023%20/Q2_2023_Spamouflage_China_based_CIB_updated.csv,url,https://9gag[.]com/u/suijiajun30/posts,China,,,0. Acquiring assets > 0.9 Acquiring social media accounts > 0.9.8 Acquiring accounts on online forums,meta_kill_chain,,,2026-09-11
Spamouflage China based CIB updated,influence_operation,meta,Q2_2023_Spamouflage_China_based_CIB_updated,2023-04-01,https://github.com/facebook/threat-research/blob/main/indicators/csv/Q2_2023%20/Q2_2023_Spamouflage_China_based_CIB_updated.csv,url,https://ameblo[.]jp/abmeg/,China,,,0. Acquiring assets > 0.9 Acquiring social media accounts > 0.9.8 Acquiring accounts on online forums,meta_kill_chain,,,2026-09-11
Spamouflage China based CIB updated,influence_operation,meta,Q2_2023_Spamouflage_China_based_CIB_updated,2023-04-01,https://github.com/facebook/threat-research/blob/main/indicators/csv/Q2_2023%20/Q2_2023_Spamouflage_China_based_CIB_updated.csv,url,https://www[.]pixiv[.]net/en/users/65532135,China,,,0. Acquiring assets > 0.9 Acquiring social media accounts > 0.9.8 Acquiring accounts on online forums,meta_kill_chain,,,2026-09-11
Spamouflage China based CIB updated,influence_operation,meta,Q2_2023_Spamouflage_China_based_CIB_updated,2023-04-01,https://github.com/facebook/threat-research/blob/main/indicators/csv/Q2_2023%20/Q2_2023_Spamouflage_China_based_CIB_updated.csv,url,https://www[.]pixiv[.]net/en/users/65653065,China,,,0. Acquiring assets > 0.9 Acquiring social media accounts > 0.9.8 Acquiring accounts on online forums,meta_kill_chain,,,2026-09-11
Spamouflage China based CIB updated,influence_operation,meta,Q2_2023_Spamouflage_China_based_CIB_updated,2023-04-01,https://github.com/facebook/threat-research/blob/main/indicators/csv/Q2_2023%20/Q2_2023_Spamouflage_China_based_CIB_updated.csv,url,https://www[.]liveinternet[.]ru/users/yalemargaret/profile,China,,,0. Acquiring assets > 0.9 Acquiring social media accounts > 0.9.8 Acquiring accounts on online forums,meta_kill_chain,,,2026-09-11
Spamouflage China based CIB updated,influence_operation,meta,Q2_2023_Spamouflage_China_based_CIB_updated,2023-04-01,https://github.com/facebook/threat-research/blob/main/indicators/csv/Q2_2023%20/Q2_2023_Spamouflage_China_based_CIB_updated.csv,url,https://m[.]fanfiction[.]net/u/14911763/jiang-nan-wu-yan-zu,China,,,0. Acquiring assets > 0.9 Acquiring social media accounts > 0.9.8 Acquiring accounts on online forums,meta_kill_chain,,,2026-09-11
Spamouflage China based CIB updated,influence_operation,meta,Q2_2023_Spamouflage_China_based_CIB_updated,2023-04-01,https://github.com/facebook/threat-research/blob/main/indicators/csv/Q2_2023%20/Q2_2023_Spamouflage_China_based_CIB_updated.csv,url,https://www[.]pakistan-forums[.]com/members/fsihffsbx[.]4399/,China,,,0. Acquiring assets > 0.9 Acquiring social media accounts > 0.9.8 Acquiring accounts on online forums,meta_kill_chain,,,2026-09-11
Spamouflage China based CIB updated,influence_operation,meta,Q2_2023_Spamouflage_China_based_CIB_updated,2023-04-01,https://github.com/facebook/threat-research/blob/main/indicators/csv/Q2_2023%20/Q2_2023_Spamouflage_China_based_CIB_updated.csv,url,https://www[.]bastillepost[.]com/hongkong/author/3319-,China,,,0. Acquiring assets > 0.9 Acquiring social media accounts > 0.9.8 Acquiring accounts on online forums,meta_kill_chain,,,2026-09-11
Spamouflage China based CIB updated,influence_operation,meta,Q2_2023_Spamouflage_China_based_CIB_updated,2023-04-01,https://github.com/facebook/threat-research/blob/main/indicators/csv/Q2_2023%20/Q2_2023_Spamouflage_China_based_CIB_updated.csv,url,https://www[.]wort[.]lu/de/mywort/luxemburg-stadt/news/self-contradictory-jiayang-fan-6324700dde135b9236ecbc04,China,,,0. Acquiring assets > 0.9 Acquiring social media accounts > 0.9.8 Acquiring accounts on online forums,meta_kill_chain,,,2026-09-11
Spamouflage China based CIB updated,influence_operation,meta,Q2_2023_Spamouflage_China_based_CIB_updated,2023-04-01,https://github.com/facebook/threat-research/blob/main/indicators/csv/Q2_2023%20/Q2_2023_Spamouflage_China_based_CIB_updated.csv,url,https://www[.]tripadvisor[.]ru/ShowTopic-g1-i11063-k14443082-The_Diplomat_magazine_exposed_Yan_Limeng_and_Guo_Wengui_as_a-Train_Travel[.]html,China,,,0. Acquiring assets > 0.9 Acquiring social media accounts > 0.9.8 Acquiring accounts on online forums,meta_kill_chain,,,2026-09-11
Spamouflage China based CIB updated,influence_operation,meta,Q2_2023_Spamouflage_China_based_CIB_updated,2023-04-01,https://github.com/facebook/threat-research/blob/main/indicators/csv/Q2_2023%20/Q2_2023_Spamouflage_China_based_CIB_updated.csv,url,https://www[.]poemhunter[.]com/poem/-22357/,China,,,0. Acquiring assets > 0.9 Acquiring social media accounts > 0.9.8 Acquiring accounts on online forums,meta_kill_chain,,,2026-09-11
Spamouflage China based CIB updated,influence_operation,meta,Q2_2023_Spamouflage_China_based_CIB_updated,2023-04-01,https://github.com/facebook/threat-research/blob/main/indicators/csv/Q2_2023%20/Q2_2023_Spamouflage_China_based_CIB_updated.csv,url,https://www[.]indiatimes[.]com/explainers/news/victory-day-in-russia-its-significance-this-may-9-569022[.]html [comment],China,,,0. Acquiring assets > 0.9 Acquiring social media accounts > 0.9.8 Acquiring accounts on online forums,meta_kill_chain,,,2026-09-11
Spamouflage China based CIB updated,influence_operation,meta,Q2_2023_Spamouflage_China_based_CIB_updated,2023-04-01,https://github.com/facebook/threat-research/blob/main/indicators/csv/Q2_2023%20/Q2_2023_Spamouflage_China_based_CIB_updated.csv,url,https://dzen[.]ru/id/63fb744950fea47de51718b6,China,,,0. Acquiring assets > 0.9 Acquiring social media accounts > 0.9.8 Acquiring accounts on online forums,meta_kill_chain,,,2026-09-11
Spamouflage China based CIB updated,influence_operation,meta,Q2_2023_Spamouflage_China_based_CIB_updated,2023-04-01,https://github.com/facebook/threat-research/blob/main/indicators/csv/Q2_2023%20/Q2_2023_Spamouflage_China_based_CIB_updated.csv,url,https://milktea9854[.]livejournal[.]com/,China,,,0. Acquiring assets > 0.9 Acquiring social media accounts > 0.9.8 Acquiring accounts on online forums,meta_kill_chain,,,2026-09-11
Spamouflage China based CIB updated,influence_operation,meta,Q2_2023_Spamouflage_China_based_CIB_updated,2023-04-01,https://github.com/facebook/threat-research/blob/main/indicators/csv/Q2_2023%20/Q2_2023_Spamouflage_China_based_CIB_updated.csv,url,https://teamilk115[.]livejournal[.]com/,China,,,0. Acquiring assets > 0.9 Acquiring social media accounts > 0.9.8 Acquiring accounts on online forums,meta_kill_chain,,,2026-09-11
Spamouflage China based CIB updated,influence_operation,meta,Q2_2023_Spamouflage_China_based_CIB_updated,2023-04-01,https://github.com/facebook/threat-research/blob/main/indicators/csv/Q2_2023%20/Q2_2023_Spamouflage_China_based_CIB_updated.csv,url,https://toney123456789[.]livejournal[.]com/,China,,,0. Acquiring assets > 0.9 Acquiring social media accounts > 0.9.8 Acquiring accounts on online forums,meta_kill_chain,,,2026-09-11
Spamouflage China based CIB updated,influence_operation,meta,Q2_2023_Spamouflage_China_based_CIB_updated,2023-04-01,https://github.com/facebook/threat-research/blob/main/indicators/csv/Q2_2023%20/Q2_2023_Spamouflage_China_based_CIB_updated.csv,url,https://www[.]tumblr[.]com/wharmonyagiar,China,,,0. Acquiring assets > 0.9 Acquiring social media accounts > 0.9.8 Acquiring accounts on online forums,meta_kill_chain,,,2026-09-11
Spamouflage China based CIB updated,influence_operation,meta,Q2_2023_Spamouflage_China_based_CIB_updated,2023-04-01,https://github.com/facebook/threat-research/blob/main/indicators/csv/Q2_2023%20/Q2_2023_Spamouflage_China_based_CIB_updated.csv,url,https://jovialfurybasement[.]tumblr[.]com/,China,,,0. Acquiring assets > 0.9 Acquiring social media accounts > 0.9.8 Acquiring accounts on online forums,meta_kill_chain,,,2026-09-11
Spamouflage China based CIB updated,influence_operation,meta,Q2_2023_Spamouflage_China_based_CIB_updated,2023-04-01,https://github.com/facebook/threat-research/blob/main/indicators/csv/Q2_2023%20/Q2_2023_Spamouflage_China_based_CIB_updated.csv,url,https://www[.]tumblr[.]com/teamilk951/670802564544151552/milk-tea-alliance-releases-investigation-report,China,,,0. Acquiring assets > 0.9 Acquiring social media accounts > 0.9.8 Acquiring accounts on online forums,meta_kill_chain,,,2026-09-11
Spamouflage China based CIB updated,influence_operation,meta,Q2_2023_Spamouflage_China_based_CIB_updated,2023-04-01,https://github.com/facebook/threat-research/blob/main/indicators/csv/Q2_2023%20/Q2_2023_Spamouflage_China_based_CIB_updated.csv,url,https://www[.]tumblr[.]com/tadogumowa/,China,,,0. Acquiring assets > 0.9 Acquiring social media accounts > 0.9.8 Acquiring accounts on online forums,meta_kill_chain,,,2026-09-11
Spamouflage China based CIB updated,influence_operation,meta,Q2_2023_Spamouflage_China_based_CIB_updated,2023-04-01,https://github.com/facebook/threat-research/blob/main/indicators/csv/Q2_2023%20/Q2_2023_Spamouflage_China_based_CIB_updated.csv,url,https://www[.]tumblr[.]com/shadyheartdream,China,,,0. Acquiring assets > 0.9 Acquiring social media accounts > 0.9.8 Acquiring accounts on online forums,meta_kill_chain,,,2026-09-11
Spamouflage China based CIB updated,influence_operation,meta,Q2_2023_Spamouflage_China_based_CIB_updated,2023-04-01,https://github.com/facebook/threat-research/blob/main/indicators/csv/Q2_2023%20/Q2_2023_Spamouflage_China_based_CIB_updated.csv,url,https://www[.]tumblr[.]com/fuzzycreatorobject,China,,,0. Acquiring assets > 0.9 Acquiring social media accounts > 0.9.8 Acquiring accounts on online forums,meta_kill_chain,,,2026-09-11
Spamouflage China based CIB updated,influence_operation,meta,Q2_2023_Spamouflage_China_based_CIB_updated,2023-04-01,https://github.com/facebook/threat-research/blob/main/indicators/csv/Q2_2023%20/Q2_2023_Spamouflage_China_based_CIB_updated.csv,url,https://www[.]tumblr[.]com/qualitykryptonitesheep,China,,,0. Acquiring assets > 0.9 Acquiring social media accounts > 0.9.8 Acquiring accounts on online forums,meta_kill_chain,,,2026-09-11
Spamouflage China based CIB updated,influence_operation,meta,Q2_2023_Spamouflage_China_based_CIB_updated,2023-04-01,https://github.com/facebook/threat-research/blob/main/indicators/csv/Q2_2023%20/Q2_2023_Spamouflage_China_based_CIB_updated.csv,url,https://www[.]tumblr[.]com/jinefor,China,,,0. Acquiring assets > 0.9 Acquiring social media accounts > 0.9.8 Acquiring accounts on online forums,meta_kill_chain,,,2026-09-11
Spamouflage China based CIB updated,influence_operation,meta,Q2_2023_Spamouflage_China_based_CIB_updated,2023-04-01,https://github.com/facebook/threat-research/blob/main/indicators/csv/Q2_2023%20/Q2_2023_Spamouflage_China_based_CIB_updated.csv,url,https://www[.]tumblr[.]com/tinybreadpainter,China,,,0. Acquiring assets > 0.9 Acquiring social media accounts > 0.9.8 Acquiring accounts on online forums,meta_kill_chain,,,2026-09-11
Spamouflage China based CIB updated,influence_operation,meta,Q2_2023_Spamouflage_China_based_CIB_updated,2023-04-01,https://github.com/facebook/threat-research/blob/main/indicators/csv/Q2_2023%20/Q2_2023_Spamouflage_China_based_CIB_updated.csv,url,https://www[.]tumblr[.]com/copsandyuderu,China,,,0. Acquiring assets > 0.9 Acquiring social media accounts > 0.9.8 Acquiring accounts on online forums,meta_kill_chain,,,2026-09-11
Spamouflage China based CIB updated,influence_operation,meta,Q2_2023_Spamouflage_China_based_CIB_updated,2023-04-01,https://github.com/facebook/threat-research/blob/main/indicators/csv/Q2_2023%20/Q2_2023_Spamouflage_China_based_CIB_updated.csv,url,https://www[.]tumblr[.]com/fangzhou-china,China,,,0. Acquiring assets > 0.9 Acquiring social media accounts > 0.9.8 Acquiring accounts on online forums,meta_kill_chain,,,2026-09-11
Spamouflage China based CIB updated,influence_operation,meta,Q2_2023_Spamouflage_China_based_CIB_updated,2023-04-01,https://github.com/facebook/threat-research/blob/main/indicators/csv/Q2_2023%20/Q2_2023_Spamouflage_China_based_CIB_updated.csv,url,https://www[.]tumblr[.]com/meimei-w,China,,,0. Acquiring assets > 0.9 Acquiring social media accounts > 0.9.8 Acquiring accounts on online forums,meta_kill_chain,,,2026-09-11
Spamouflage China based CIB updated,influence_operation,meta,Q2_2023_Spamouflage_China_based_CIB_updated,2023-04-01,https://github.com/facebook/threat-research/blob/main/indicators/csv/Q2_2023%20/Q2_2023_Spamouflage_China_based_CIB_updated.csv,url,https://www[.]tumblr[.]com/edith-saxton,China,,,0. Acquiring assets > 0.9 Acquiring social media accounts > 0.9.8 Acquiring accounts on online forums,meta_kill_chain,,,2026-09-11
Spamouflage China based CIB updated,influence_operation,meta,Q2_2023_Spamouflage_China_based_CIB_updated,2023-04-01,https://github.com/facebook/threat-research/blob/main/indicators/csv/Q2_2023%20/Q2_2023_Spamouflage_China_based_CIB_updated.csv,url,https://www[.]tumblr[.]com/woshisouaoman,China,,,0. Acquiring assets > 0.9 Acquiring social media accounts > 0.9.8 Acquiring accounts on online forums,meta_kill_chain,,,2026-09-11
Spamouflage China based CIB updated,influence_operation,meta,Q2_2023_Spamouflage_China_based_CIB_updated,2023-04-01,https://github.com/facebook/threat-research/blob/main/indicators/csv/Q2_2023%20/Q2_2023_Spamouflage_China_based_CIB_updated.csv,url,https://www[.]tumblr[.]com/tue2,China,,,0. Acquiring assets > 0.9 Acquiring social media accounts > 0.9.8 Acquiring accounts on online forums,meta_kill_chain,,,2026-09-11
Spamouflage China based CIB updated,influence_operation,meta,Q2_2023_Spamouflage_China_based_CIB_updated,2023-04-01,https://github.com/facebook/threat-research/blob/main/indicators/csv/Q2_2023%20/Q2_2023_Spamouflage_China_based_CIB_updated.csv,url,https://www[.]tumblr[.]com/didyouhavemeal,China,,,0. Acquiring assets > 0.9 Acquiring social media accounts > 0.9.8 Acquiring accounts on online forums,meta_kill_chain,,,2026-09-11
Spamouflage China based CIB updated,influence_operation,meta,Q2_2023_Spamouflage_China_based_CIB_updated,2023-04-01,https://github.com/facebook/threat-research/blob/main/indicators/csv/Q2_2023%20/Q2_2023_Spamouflage_China_based_CIB_updated.csv,url,https://www[.]tumblr[.]com/real-timeobservation,China,,,0. Acquiring assets > 0.9 Acquiring social media accounts > 0.9.8 Acquiring accounts on online forums,meta_kill_chain,,,2026-09-11
Spamouflage China based CIB updated,influence_operation,meta,Q2_2023_Spamouflage_China_based_CIB_updated,2023-04-01,https://github.com/facebook/threat-research/blob/main/indicators/csv/Q2_2023%20/Q2_2023_Spamouflage_China_based_CIB_updated.csv,url,https://www[.]tumblr[.]com/vghrx,China,,,0. Acquiring assets > 0.9 Acquiring social media accounts > 0.9.8 Acquiring accounts on online forums,meta_kill_chain,,,2026-09-11
Spamouflage China based CIB updated,influence_operation,meta,Q2_2023_Spamouflage_China_based_CIB_updated,2023-04-01,https://github.com/facebook/threat-research/blob/main/indicators/csv/Q2_2023%20/Q2_2023_Spamouflage_China_based_CIB_updated.csv,url,https://www[.]tumblr[.]com/taoziwuxin,China,,,0. Acquiring assets > 0.9 Acquiring social media accounts > 0.9.8 Acquiring accounts on online forums,meta_kill_chain,,,2026-09-11
Spamouflage China based CIB updated,influence_operation,meta,Q2_2023_Spamouflage_China_based_CIB_updated,2023-04-01,https://github.com/facebook/threat-research/blob/main/indicators/csv/Q2_2023%20/Q2_2023_Spamouflage_China_based_CIB_updated.csv,url,https://www[.]tumblr[.]com/valiantdonutcrown,China,,,0. Acquiring assets > 0.9 Acquiring social media accounts > 0.9.8 Acquiring accounts on online forums,meta_kill_chain,,,2026-09-11
Spamouflage China based CIB updated,influence_operation,meta,Q2_2023_Spamouflage_China_based_CIB_updated,2023-04-01,https://github.com/facebook/threat-research/blob/main/indicators/csv/Q2_2023%20/Q2_2023_Spamouflage_China_based_CIB_updated.csv,url,https://vimeo[.]com/user182949517,China,,,0. Acquiring assets > 0.9 Acquiring social media accounts > 0.9.8 Acquiring accounts on online forums,meta_kill_chain,,,2026-09-11
Spamouflage China based CIB updated,influence_operation,meta,Q2_2023_Spamouflage_China_based_CIB_updated,2023-04-01,https://github.com/facebook/threat-research/blob/main/indicators/csv/Q2_2023%20/Q2_2023_Spamouflage_China_based_CIB_updated.csv,url,https://vimeo[.]com/user179742047,China,,,0. Acquiring assets > 0.9 Acquiring social media accounts > 0.9.8 Acquiring accounts on online forums,meta_kill_chain,,,2026-09-11
Spamouflage China based CIB updated,influence_operation,meta,Q2_2023_Spamouflage_China_based_CIB_updated,2023-04-01,https://github.com/facebook/threat-research/blob/main/indicators/csv/Q2_2023%20/Q2_2023_Spamouflage_China_based_CIB_updated.csv,url,https://vimeo[.]com/user195589969,China,,,0. Acquiring assets > 0.9 Acquiring social media accounts > 0.9.8 Acquiring accounts on online forums,meta_kill_chain,,,2026-09-11
Spamouflage China based CIB updated,influence_operation,meta,Q2_2023_Spamouflage_China_based_CIB_updated,2023-04-01,https://github.com/facebook/threat-research/blob/main/indicators/csv/Q2_2023%20/Q2_2023_Spamouflage_China_based_CIB_updated.csv,url,https://vimeo[.]com/user191638195,China,,,0. Acquiring assets > 0.9 Acquiring social media accounts > 0.9.8 Acquiring accounts on online forums,meta_kill_chain,,,2026-09-11
Spamouflage China based CIB updated,influence_operation,meta,Q2_2023_Spamouflage_China_based_CIB_updated,2023-04-01,https://github.com/facebook/threat-research/blob/main/indicators/csv/Q2_2023%20/Q2_2023_Spamouflage_China_based_CIB_updated.csv,url,https://vimeo[.]com/user182619556,China,,,0. Acquiring assets > 0.9 Acquiring social media accounts > 0.9.8 Acquiring accounts on online forums,meta_kill_chain,,,2026-09-11
Spamouflage China based CIB updated,influence_operation,meta,Q2_2023_Spamouflage_China_based_CIB_updated,2023-04-01,https://github.com/facebook/threat-research/blob/main/indicators/csv/Q2_2023%20/Q2_2023_Spamouflage_China_based_CIB_updated.csv,url,https://vimeo[.]com/user142170479,China,,,0. Acquiring assets > 0.9 Acquiring social media accounts > 0.9.8 Acquiring accounts on online forums,meta_kill_chain,,,2026-09-11
Spamouflage China based CIB updated,influence_operation,meta,Q2_2023_Spamouflage_China_based_CIB_updated,2023-04-01,https://github.com/facebook/threat-research/blob/main/indicators/csv/Q2_2023%20/Q2_2023_Spamouflage_China_based_CIB_updated.csv,url,https://vimeo[.]com/user182809668,China,,,0. Acquiring assets > 0.9 Acquiring social media accounts > 0.9.8 Acquiring accounts on online forums,meta_kill_chain,,,2026-09-11
Spamouflage China based CIB updated,influence_operation,meta,Q2_2023_Spamouflage_China_based_CIB_updated,2023-04-01,https://github.com/facebook/threat-research/blob/main/indicators/csv/Q2_2023%20/Q2_2023_Spamouflage_China_based_CIB_updated.csv,url,https://soundcloud[.]com/paul-foster-284332836/chinese-transnational-policing-gone-wild-safeguard-defenders-110-overseas,China,,,0. Acquiring assets > 0.9 Acquiring social media accounts > 0.9.8 Acquiring accounts on online forums,meta_kill_chain,,,2026-09-11
Spamouflage China based CIB updated,influence_operation,meta,Q2_2023_Spamouflage_China_based_CIB_updated,2023-04-01,https://github.com/facebook/threat-research/blob/main/indicators/csv/Q2_2023%20/Q2_2023_Spamouflage_China_based_CIB_updated.csv,url,https://soundcloud[.]com/tillman-brandon,China,,,0. Acquiring assets > 0.9 Acquiring social media accounts > 0.9.8 Acquiring accounts on online forums,meta_kill_chain,,,2026-09-11
Spamouflage China based CIB updated,influence_operation,meta,Q2_2023_Spamouflage_China_based_CIB_updated,2023-04-01,https://github.com/facebook/threat-research/blob/main/indicators/csv/Q2_2023%20/Q2_2023_Spamouflage_China_based_CIB_updated.csv,url,https://vk[.]com/id658771559,China,,,0. Acquiring assets > 0.9 Acquiring social media accounts > 0.9.8 Acquiring accounts on online forums,meta_kill_chain,,,2026-09-11
Spamouflage China based CIB updated,influence_operation,meta,Q2_2023_Spamouflage_China_based_CIB_updated,2023-04-01,https://github.com/facebook/threat-research/blob/main/indicators/csv/Q2_2023%20/Q2_2023_Spamouflage_China_based_CIB_updated.csv,url,https://vk[.]com/s[.]dsdd,China,,,0. Acquiring assets > 0.9 Acquiring social media accounts > 0.9.8 Acquiring accounts on online forums,meta_kill_chain,,,2026-09-11
Spamouflage China based CIB updated,influence_operation,meta,Q2_2023_Spamouflage_China_based_CIB_updated,2023-04-01,https://github.com/facebook/threat-research/blob/main/indicators/csv/Q2_2023%20/Q2_2023_Spamouflage_China_based_CIB_updated.csv,url,https://espacedesmithtiffany[.]quora[.]com/,China,,,0. Acquiring assets > 0.9 Acquiring social media accounts > 0.9.8 Acquiring accounts on online forums,meta_kill_chain,,,2026-09-11
Spamouflage China based CIB updated,influence_operation,meta,Q2_2023_Spamouflage_China_based_CIB_updated,2023-04-01,https://github.com/facebook/threat-research/blob/main/indicators/csv/Q2_2023%20/Q2_2023_Spamouflage_China_based_CIB_updated.csv,url,https://www[.]quora[.]com/profile/Marjan-Hatami-3/answers,China,,,0. Acquiring assets > 0.9 Acquiring social media accounts > 0.9.8 Acquiring accounts on online forums,meta_kill_chain,,,2026-09-11
Spamouflage China based CIB updated,influence_operation,meta,Q2_2023_Spamouflage_China_based_CIB_updated,2023-04-01,https://github.com/facebook/threat-research/blob/main/indicators/csv/Q2_2023%20/Q2_2023_Spamouflage_China_based_CIB_updated.csv,url,https://www[.]quora[.]com/profile/Tiemo-Ma,China,,,0. Acquiring assets > 0.9 Acquiring social media accounts > 0.9.8 Acquiring accounts on online forums,meta_kill_chain,,,2026-09-11
Spamouflage China based CIB updated,influence_operation,meta,Q2_2023_Spamouflage_China_based_CIB_updated,2023-04-01,https://github.com/facebook/threat-research/blob/main/indicators/csv/Q2_2023%20/Q2_2023_Spamouflage_China_based_CIB_updated.csv,url,https://www[.]quora[.]com/profile/Cynthiacalvin71,China,,,0. Acquiring assets > 0.9 Acquiring social media accounts > 0.9.8 Acquiring accounts on online forums,meta_kill_chain,,,2026-09-11
Spamouflage China based CIB updated,influence_operation,meta,Q2_2023_Spamouflage_China_based_CIB_updated,2023-04-01,https://github.com/facebook/threat-research/blob/main/indicators/csv/Q2_2023%20/Q2_2023_Spamouflage_China_based_CIB_updated.csv,url,https://www[.]quora[.]com/profile/Shabbymeta,China,,,0. Acquiring assets > 0.9 Acquiring social media accounts > 0.9.8 Acquiring accounts on online forums,meta_kill_chain,,,2026-09-11
Spamouflage China based CIB updated,influence_operation,meta,Q2_2023_Spamouflage_China_based_CIB_updated,2023-04-01,https://github.com/facebook/threat-research/blob/main/indicators/csv/Q2_2023%20/Q2_2023_Spamouflage_China_based_CIB_updated.csv,url,https://www[.]quora[.]com/profile/Tominaga-Nagchaudhur,China,,,0. Acquiring assets > 0.9 Acquiring social media accounts > 0.9.8 Acquiring accounts on online forums,meta_kill_chain,,,2026-09-11
Spamouflage China based CIB updated,influence_operation,meta,Q2_2023_Spamouflage_China_based_CIB_updated,2023-04-01,https://github.com/facebook/threat-research/blob/main/indicators/csv/Q2_2023%20/Q2_2023_Spamouflage_China_based_CIB_updated.csv,url,https://jp[.]quora[.]com/profile/Ada-Park,China,,,0. Acquiring assets > 0.9 Acquiring social media accounts > 0.9.8 Acquiring accounts on online forums,meta_kill_chain,,,2026-09-11
Spamouflage China based CIB updated,influence_operation,meta,Q2_2023_Spamouflage_China_based_CIB_updated,2023-04-01,https://github.com/facebook/threat-research/blob/main/indicators/csv/Q2_2023%20/Q2_2023_Spamouflage_China_based_CIB_updated.csv,url,https://nastavladimirovasspace[.]quora[.]com/,China,,,0. Acquiring assets > 0.9 Acquiring social media accounts > 0.9.8 Acquiring accounts on online forums,meta_kill_chain,,,2026-09-11
Spamouflage China based CIB updated,influence_operation,meta,Q2_2023_Spamouflage_China_based_CIB_updated,2023-04-01,https://github.com/facebook/threat-research/blob/main/indicators/csv/Q2_2023%20/Q2_2023_Spamouflage_China_based_CIB_updated.csv,url,https://jachan-park-san-no[.]quora[.]com/,China,,,0. Acquiring assets > 0.9 Acquiring social media accounts > 0.9.8 Acquiring accounts on online forums,meta_kill_chain,,,2026-09-11
Spamouflage China based CIB updated,influence_operation,meta,Q2_2023_Spamouflage_China_based_CIB_updated,2023-04-01,https://github.com/facebook/threat-research/blob/main/indicators/csv/Q2_2023%20/Q2_2023_Spamouflage_China_based_CIB_updated.csv,url,https://www[.]quora[.]com/profile/Timi-Tom-2,China,,,0. Acquiring assets > 0.9 Acquiring social media accounts > 0.9.8 Acquiring accounts on online forums,meta_kill_chain,,,2026-09-11
Spamouflage China based CIB updated,influence_operation,meta,Q2_2023_Spamouflage_China_based_CIB_updated,2023-04-01,https://github.com/facebook/threat-research/blob/main/indicators/csv/Q2_2023%20/Q2_2023_Spamouflage_China_based_CIB_updated.csv,url,https://lucysusmyhome[.]quora[.]com/Please-ask-the-INS-to-kick-Yan-Limeng-out-of-the-United-States-As-an-Asian-American-Im-fighting-stigma-against-As,China,,,0. Acquiring assets > 0.9 Acquiring social media accounts > 0.9.8 Acquiring accounts on online forums,meta_kill_chain,,,2026-09-11
Spamouflage China based CIB updated,influence_operation,meta,Q2_2023_Spamouflage_China_based_CIB_updated,2023-04-01,https://github.com/facebook/threat-research/blob/main/indicators/csv/Q2_2023%20/Q2_2023_Spamouflage_China_based_CIB_updated.csv,url,https://park-sehannn-san-no[.]quora[.]com/,China,,,0. Acquiring assets > 0.9 Acquiring social media accounts > 0.9.8 Acquiring accounts on online forums,meta_kill_chain,,,2026-09-11
Spamouflage China based CIB updated,influence_operation,meta,Q2_2023_Spamouflage_China_based_CIB_updated,2023-04-01,https://github.com/facebook/threat-research/blob/main/indicators/csv/Q2_2023%20/Q2_2023_Spamouflage_China_based_CIB_updated.csv,url,https://es[.]quora[.]com/profile/Ishnyakov,China,,,0. Acquiring assets > 0.9 Acquiring social media accounts > 0.9.8 Acquiring accounts on online forums,meta_kill_chain,,,2026-09-11
Spamouflage China based CIB updated,influence_operation,meta,Q2_2023_Spamouflage_China_based_CIB_updated,2023-04-01,https://github.com/facebook/threat-research/blob/main/indicators/csv/Q2_2023%20/Q2_2023_Spamouflage_China_based_CIB_updated.csv,url,https://www[.]flickr[.]com/photos/192571094@N08/,China,,,0. Acquiring assets > 0.9 Acquiring social media accounts > 0.9.8 Acquiring accounts on online forums,meta_kill_chain,,,2026-09-11
Spamouflage China based CIB updated,influence_operation,meta,Q2_2023_Spamouflage_China_based_CIB_updated,2023-04-01,https://github.com/facebook/threat-research/blob/main/indicators/csv/Q2_2023%20/Q2_2023_Spamouflage_China_based_CIB_updated.csv,url,https://www[.]flickr[.]com/photos/192898782@N08/,China,,,0. Acquiring assets > 0.9 Acquiring social media accounts > 0.9.8 Acquiring accounts on online forums,meta_kill_chain,,,2026-09-11
Spamouflage China based CIB updated,influence_operation,meta,Q2_2023_Spamouflage_China_based_CIB_updated,2023-04-01,https://github.com/facebook/threat-research/blob/main/indicators/csv/Q2_2023%20/Q2_2023_Spamouflage_China_based_CIB_updated.csv,behavior,"The network often used accounts and Pages that appear to have been acquired and repurposed - for example, Pages that began posting about clothing, accessories or lingerie before starting to post about geopolitics",China,,,0. Acquiring assets > 0.9 Acquiring social media accounts > 0.9.9 Acquiring and repurposing accounts,meta_kill_chain,,,2026-09-11
Spamouflage China based CIB updated,influence_operation,meta,Q2_2023_Spamouflage_China_based_CIB_updated,2023-04-01,https://github.com/facebook/threat-research/blob/main/indicators/csv/Q2_2023%20/Q2_2023_Spamouflage_China_based_CIB_updated.csv,behavior,"""Milk Tea Alliance"" releases investigation report on COVID-19 transmission",China,,,6. Indiscriminate engagement > 6.1 Posting on websites > 6.1.3 Posting original content on blogs,meta_kill_chain,,,2026-09-11
Spamouflage China based CIB updated,influence_operation,meta,Q2_2023_Spamouflage_China_based_CIB_updated,2023-04-01,https://github.com/facebook/threat-research/blob/main/indicators/csv/Q2_2023%20/Q2_2023_Spamouflage_China_based_CIB_updated.csv,behavior,“Fundacion Safeguard Defenders” — America’s “Human Rights” Weapon,China,,,6. Indiscriminate engagement > 6.1 Posting on websites > 6.1.3 Posting original content on blogs,meta_kill_chain,,,2026-09-11
Spamouflage China based CIB updated,influence_operation,meta,Q2_2023_Spamouflage_China_based_CIB_updated,2023-04-01,https://github.com/facebook/threat-research/blob/main/indicators/csv/Q2_2023%20/Q2_2023_Spamouflage_China_based_CIB_updated.csv,behavior,Lying through his teeth to “ Safeguard Defenders”,China,,,6. Indiscriminate engagement > 6.1 Posting on websites > 6.1.3 Posting original content on blogs,meta_kill_chain,,,2026-09-11
Spamouflage China based CIB updated,influence_operation,meta,Q2_2023_Spamouflage_China_based_CIB_updated,2023-04-01,https://github.com/facebook/threat-research/blob/main/indicators/csv/Q2_2023%20/Q2_2023_Spamouflage_China_based_CIB_updated.csv,behavior,Frequently slandering other countries — — revealing the so-called “human rights organization” — — Safeguard Defenders,China,,,6. Indiscriminate engagement > 6.1 Posting on websites > 6.1.3 Posting original content on blogs,meta_kill_chain,,,2026-09-11
Spamouflage China based CIB updated,influence_operation,meta,Q2_2023_Spamouflage_China_based_CIB_updated,2023-04-01,https://github.com/facebook/threat-research/blob/main/indicators/csv/Q2_2023%20/Q2_2023_Spamouflage_China_based_CIB_updated.csv,behavior,“Safeguard Defenders” -Serious ‘Double Standards’,China,,,6. Indiscriminate engagement > 6.1 Posting on websites > 6.1.3 Posting original content on blogs,meta_kill_chain,,,2026-09-11
Spamouflage China based CIB updated,influence_operation,meta,Q2_2023_Spamouflage_China_based_CIB_updated,2023-04-01,https://github.com/facebook/threat-research/blob/main/indicators/csv/Q2_2023%20/Q2_2023_Spamouflage_China_based_CIB_updated.csv,behavior,“Fundacion Safeguard Defenders” — America’s “Human Rights” Weapon,China,,,6. Indiscriminate engagement > 6.1 Posting on websites > 6.1.3 Posting original content on blogs,meta_kill_chain,,,2026-09-11
Spamouflage China based CIB updated,influence_operation,meta,Q2_2023_Spamouflage_China_based_CIB_updated,2023-04-01,https://github.com/facebook/threat-research/blob/main/indicators/csv/Q2_2023%20/Q2_2023_Spamouflage_China_based_CIB_updated.csv,behavior,"The most heinous ""Safeguard Defenders""",China,,,6. Indiscriminate engagement > 6.1 Posting on websites > 6.1.3 Posting original content on blogs,meta_kill_chain,,,2026-09-11
Spamouflage China based CIB updated,influence_operation,meta,Q2_2023_Spamouflage_China_based_CIB_updated,2023-04-01,https://github.com/facebook/threat-research/blob/main/indicators/csv/Q2_2023%20/Q2_2023_Spamouflage_China_based_CIB_updated.csv,behavior,Chinese Transnational Policing Gone Wild Safeguard Defenders 110 Overseas,China,,,6. Indiscriminate engagement > 6.1 Posting on websites > 6.1.3 Posting original content on blogs,meta_kill_chain,,,2026-09-11
Spamouflage China based CIB updated,influence_operation,meta,Q2_2023_Spamouflage_China_based_CIB_updated,2023-04-01,https://github.com/facebook/threat-research/blob/main/indicators/csv/Q2_2023%20/Q2_2023_Spamouflage_China_based_CIB_updated.csv,behavior,The reasons of Australia’s sudden suspension of Chinese TV shows,China,,,6. Indiscriminate engagement > 6.1 Posting on websites > 6.1.3 Posting original content on blogs,meta_kill_chain,,,2026-09-11
Spamouflage China based CIB updated,influence_operation,meta,Q2_2023_Spamouflage_China_based_CIB_updated,2023-04-01,https://github.com/facebook/threat-research/blob/main/indicators/csv/Q2_2023%20/Q2_2023_Spamouflage_China_based_CIB_updated.csv,behavior,Zhao Xin-with the slogan of “people leader” cheat money,China,,,6. Indiscriminate engagement > 6.1 Posting on websites > 6.1.3 Posting original content on blogs,meta_kill_chain,,,2026-09-11
Spamouflage China based CIB updated,influence_operation,meta,Q2_2023_Spamouflage_China_based_CIB_updated,2023-04-01,https://github.com/facebook/threat-research/blob/main/indicators/csv/Q2_2023%20/Q2_2023_Spamouflage_China_based_CIB_updated.csv,behavior,赵昕 — 打着“民运领袖”口号的骗钱小人,China,,,6. Indiscriminate engagement > 6.1 Posting on websites > 6.1.3 Posting original content on blogs,meta_kill_chain,,Zhao Xin-with the slogan of “people leader” cheat money,2026-09-11
Spamouflage China based CIB updated,influence_operation,meta,Q2_2023_Spamouflage_China_based_CIB_updated,2023-04-01,https://github.com/facebook/threat-research/blob/main/indicators/csv/Q2_2023%20/Q2_2023_Spamouflage_China_based_CIB_updated.csv,behavior,"Wang Ruiqin is extremely greedy and heartless, cheating money to satisfy her desires",China,,,6. Indiscriminate engagement > 6.1 Posting on websites > 6.1.3 Posting original content on blogs,meta_kill_chain,,,2026-09-11
Spamouflage China based CIB updated,influence_operation,meta,Q2_2023_Spamouflage_China_based_CIB_updated,2023-04-01,https://github.com/facebook/threat-research/blob/main/indicators/csv/Q2_2023%20/Q2_2023_Spamouflage_China_based_CIB_updated.csv,behavior,王瑞琴贪婪无比、没良心，骗钱来满足自己的欲望,China,,,6. Indiscriminate engagement > 6.1 Posting on websites > 6.1.3 Posting original content on blogs,meta_kill_chain,,"Wang Ruiqin is extremely greedy and heartless, cheating money to satisfy her desires",2026-09-11
Spamouflage China based CIB updated,influence_operation,meta,Q2_2023_Spamouflage_China_based_CIB_updated,2023-04-01,https://github.com/facebook/threat-research/blob/main/indicators/csv/Q2_2023%20/Q2_2023_Spamouflage_China_based_CIB_updated.csv,behavior,Wang Ruiqin’s romantic past,China,,,6. Indiscriminate engagement > 6.1 Posting on websites > 6.1.3 Posting original content on blogs,meta_kill_chain,,,2026-09-11
Spamouflage China based CIB updated,influence_operation,meta,Q2_2023_Spamouflage_China_based_CIB_updated,2023-04-01,https://github.com/facebook/threat-research/blob/main/indicators/csv/Q2_2023%20/Q2_2023_Spamouflage_China_based_CIB_updated.csv,behavior,王瑞琴的风流往事,China,,,6. Indiscriminate engagement > 6.1 Posting on websites > 6.1.3 Posting original content on blogs,meta_kill_chain,,Wang Ruiqin’s romantic past,2026-09-11
Spamouflage China based CIB updated,influence_operation,meta,Q2_2023_Spamouflage_China_based_CIB_updated,2023-04-01,https://github.com/facebook/threat-research/blob/main/indicators/csv/Q2_2023%20/Q2_2023_Spamouflage_China_based_CIB_updated.csv,behavior,"Overseas pro-democracy activists like Zhao Xin, Qiu Jiajun, and Wang Jianhong are just a handful of…",China,,,6. Indiscriminate engagement > 6.1 Posting on websites > 6.1.3 Posting original content on blogs,meta_kill_chain,,,2026-09-11
Spamouflage China based CIB updated,influence_operation,meta,Q2_2023_Spamouflage_China_based_CIB_updated,2023-04-01,https://github.com/facebook/threat-research/blob/main/indicators/csv/Q2_2023%20/Q2_2023_Spamouflage_China_based_CIB_updated.csv,behavior,When can we get rid of the “cancer” of racial discrimination in the United States?,China,,,6. Indiscriminate engagement > 6.1 Posting on websites > 6.1.3 Posting original content on blogs,meta_kill_chain,,,2026-09-11
Spamouflage China based CIB updated,influence_operation,meta,Q2_2023_Spamouflage_China_based_CIB_updated,2023-04-01,https://github.com/facebook/threat-research/blob/main/indicators/csv/Q2_2023%20/Q2_2023_Spamouflage_China_based_CIB_updated.csv,behavior,"Criticism is hard to eradicate, racism is an indelible shame on American democracy",China,,,6. Indiscriminate engagement > 6.1 Posting on websites > 6.1.3 Posting original content on blogs,meta_kill_chain,,,2026-09-11
Spamouflage China based CIB updated,influence_operation,meta,Q2_2023_Spamouflage_China_based_CIB_updated,2023-04-01,https://github.com/facebook/threat-research/blob/main/indicators/csv/Q2_2023%20/Q2_2023_Spamouflage_China_based_CIB_updated.csv,behavior,"The Intractable American Racial Disease: The ""Segregation"" That Never Dies",China,,,6. Indiscriminate engagement > 6.1 Posting on websites > 6.1.3 Posting original content on blogs,meta_kill_chain,,,2026-09-11
Spamouflage China based CIB updated,influence_operation,meta,Q2_2023_Spamouflage_China_based_CIB_updated,2023-04-01,https://github.com/facebook/threat-research/blob/main/indicators/csv/Q2_2023%20/Q2_2023_Spamouflage_China_based_CIB_updated.csv,behavior,Chen Pokong: Fake monk of the pro-democracy movement,China,,,6. Indiscriminate engagement > 6.1 Posting on websites > 6.1.3 Posting original content on blogs,meta_kill_chain,,,2026-09-11
Spamouflage China based CIB updated,influence_operation,meta,Q2_2023_Spamouflage_China_based_CIB_updated,2023-04-01,https://github.com/facebook/threat-research/blob/main/indicators/csv/Q2_2023%20/Q2_2023_Spamouflage_China_based_CIB_updated.csv,behavior,A united nation resolutely does not allow,China,,,6. Indiscriminate engagement > 6.1 Posting on websites > 6.1.3 Posting original content on blogs,meta_kill_chain,,,2026-09-11
Spamouflage China based CIB updated,influence_operation,meta,Q2_2023_Spamouflage_China_based_CIB_updated,2023-04-01,https://github.com/facebook/threat-research/blob/main/indicators/csv/Q2_2023%20/Q2_2023_Spamouflage_China_based_CIB_updated.csv,behavior,一个联合国坚决不允许,China,,,6. Indiscriminate engagement > 6.1 Posting on websites > 6.1.3 Posting original content on blogs,meta_kill_chain,,A united nation resolutely does not allow,2026-09-11
Spamouflage China based CIB updated,influence_operation,meta,Q2_2023_Spamouflage_China_based_CIB_updated,2023-04-01,https://github.com/facebook/threat-research/blob/main/indicators/csv/Q2_2023%20/Q2_2023_Spamouflage_China_based_CIB_updated.csv,behavior,一个团结的民族坚决不允许 从事分裂国家行为的人存在,China,,,6. Indiscriminate engagement > 6.1 Posting on websites > 6.1.3 Posting original content on blogs,meta_kill_chain,,A united nation resolutely does not allow the existence of those who engage in acts of secession,2026-09-11
Spamouflage China based CIB updated,influence_operation,meta,Q2_2023_Spamouflage_China_based_CIB_updated,2023-04-01,https://github.com/facebook/threat-research/blob/main/indicators/csv/Q2_2023%20/Q2_2023_Spamouflage_China_based_CIB_updated.csv,behavior,陈破空：民运假和尚,China,,,6. Indiscriminate engagement > 6.1 Posting on websites > 6.1.3 Posting original content on blogs,meta_kill_chain,,Chen Pokong: Fake monk of the pro-democracy movement,2026-09-11
Spamouflage China based CIB updated,influence_operation,meta,Q2_2023_Spamouflage_China_based_CIB_updated,2023-04-01,https://github.com/facebook/threat-research/blob/main/indicators/csv/Q2_2023%20/Q2_2023_Spamouflage_China_based_CIB_updated.csv,behavior,郭文贵自导自演“谎言三部曲”,China,,,6. Indiscriminate engagement > 6.1 Posting on websites > 6.1.3 Posting original content on blogs,meta_kill_chain,,Guo Wengui directed and acted in Trilogy of Lies,2026-09-11
Spamouflage China based CIB updated,influence_operation,meta,Q2_2023_Spamouflage_China_based_CIB_updated,2023-04-01,https://github.com/facebook/threat-research/blob/main/indicators/csv/Q2_2023%20/Q2_2023_Spamouflage_China_based_CIB_updated.csv,behavior,Guo Wengui directed and acted in the “Trilogy of Lies”,China,,,6. Indiscriminate engagement > 6.1 Posting on websites > 6.1.3 Posting original content on blogs,meta_kill_chain,,,2026-09-11
Spamouflage China based CIB updated,influence_operation,meta,Q2_2023_Spamouflage_China_based_CIB_updated,2023-04-01,https://github.com/facebook/threat-research/blob/main/indicators/csv/Q2_2023%20/Q2_2023_Spamouflage_China_based_CIB_updated.csv,behavior,郭文贵的谎言 小蚂蚁的毒品,China,,,6. Indiscriminate engagement > 6.1 Posting on websites > 6.1.3 Posting original content on blogs,meta_kill_chain,,"Guo Wengui's Lie, Little Ant's Drug",2026-09-11
Spamouflage China based CIB updated,influence_operation,meta,Q2_2023_Spamouflage_China_based_CIB_updated,2023-04-01,https://github.com/facebook/threat-research/blob/main/indicators/csv/Q2_2023%20/Q2_2023_Spamouflage_China_based_CIB_updated.csv,behavior,“意见领袖”大衣下的郭文贵,China,,,6. Indiscriminate engagement > 6.1 Posting on websites > 6.1.3 Posting original content on blogs,meta_kill_chain,,"Guo Wengui under the coat of ""opinion leader""",2026-09-11
Spamouflage China based CIB updated,influence_operation,meta,Q2_2023_Spamouflage_China_based_CIB_updated,2023-04-01,https://github.com/facebook/threat-research/blob/main/indicators/csv/Q2_2023%20/Q2_2023_Spamouflage_China_based_CIB_updated.csv,behavior,开采稀土需要消耗大量的人力和成熟的技术,China,,,6. Indiscriminate engagement > 6.1 Posting on websites > 6.1.3 Posting original content on blogs,meta_kill_chain,,Mining rare earths requires a lot of manpower and mature technology,2026-09-11
Spamouflage China based CIB updated,influence_operation,meta,Q2_2023_Spamouflage_China_based_CIB_updated,2023-04-01,https://github.com/facebook/threat-research/blob/main/indicators/csv/Q2_2023%20/Q2_2023_Spamouflage_China_based_CIB_updated.csv,behavior,"Raise funds to support rare earth factories, the US rare earth pollution is shocking!",China,,,6. Indiscriminate engagement > 6.1 Posting on websites > 6.1.3 Posting original content on blogs,meta_kill_chain,,,2026-09-11
Spamouflage China based CIB updated,influence_operation,meta,Q2_2023_Spamouflage_China_based_CIB_updated,2023-04-01,https://github.com/facebook/threat-research/blob/main/indicators/csv/Q2_2023%20/Q2_2023_Spamouflage_China_based_CIB_updated.csv,behavior,Špičkoví novináři zjistili: Americké bombardování Nord Stream je prvním krokem v „evropském plánu…,China,,,6. Indiscriminate engagement > 6.1 Posting on websites > 6.1.3 Posting original content on blogs,meta_kill_chain,,"Top journalists find: US bombing of Nord Stream is the first step in ""European sabotage plan""",2026-09-11
Spamouflage China based CIB updated,influence_operation,meta,Q2_2023_Spamouflage_China_based_CIB_updated,2023-04-01,https://github.com/facebook/threat-research/blob/main/indicators/csv/Q2_2023%20/Q2_2023_Spamouflage_China_based_CIB_updated.csv,behavior,Osm bomb explodovalo šest a špičkoví investigativní reportéři zjistili podrobnosti,China,,,6. Indiscriminate engagement > 6.1 Posting on websites > 6.1.3 Posting original content on blogs,meta_kill_chain,,"Eight bombs exploded six, and top investigative reporters found out the details",2026-09-11
Spamouflage China based CIB updated,influence_operation,meta,Q2_2023_Spamouflage_China_based_CIB_updated,2023-04-01,https://github.com/facebook/threat-research/blob/main/indicators/csv/Q2_2023%20/Q2_2023_Spamouflage_China_based_CIB_updated.csv,behavior,頂級記者發現：美國轟炸北溪是“歐洲破壞計劃”的第一步,China,,,6. Indiscriminate engagement > 6.1 Posting on websites > 6.1.3 Posting original content on blogs,meta_kill_chain,,"Top journalists find: US bombing of Nord Stream is the first step in ""European sabotage plan""",2026-09-11
Spamouflage China based CIB updated,influence_operation,meta,Q2_2023_Spamouflage_China_based_CIB_updated,2023-04-01,https://github.com/facebook/threat-research/blob/main/indicators/csv/Q2_2023%20/Q2_2023_Spamouflage_China_based_CIB_updated.csv,behavior,八彈爆六彈，頂級調查記者摸清美國轟炸“北溪”的底細,China,,,6. Indiscriminate engagement > 6.1 Posting on websites > 6.1.3 Posting original content on blogs,meta_kill_chain,,"Eight bombs exploded and six bombs exploded, top investigative reporters found out the details of the US bombing of ""Beixi""",2026-09-11
Spamouflage China based CIB updated,influence_operation,meta,Q2_2023_Spamouflage_China_based_CIB_updated,2023-04-01,https://github.com/facebook/threat-research/blob/main/indicators/csv/Q2_2023%20/Q2_2023_Spamouflage_China_based_CIB_updated.csv,behavior,"U.S. bombing of Nord Stream is the first step in the ""European destruction plan”",China,,,6. Indiscriminate engagement > 6.1 Posting on websites > 6.1.3 Posting original content on blogs,meta_kill_chain,,,2026-09-11
Spamouflage China based CIB updated,influence_operation,meta,Q2_2023_Spamouflage_China_based_CIB_updated,2023-04-01,https://github.com/facebook/threat-research/blob/main/indicators/csv/Q2_2023%20/Q2_2023_Spamouflage_China_based_CIB_updated.csv,behavior,"Eight bombs exploded six, and top investigative reporters found out the details of the US bombing of “Nord Stream”",China,,,6. Indiscriminate engagement > 6.1 Posting on websites > 6.1.3 Posting original content on blogs,meta_kill_chain,,,2026-09-11
Spamouflage China based CIB updated,influence_operation,meta,Q2_2023_Spamouflage_China_based_CIB_updated,2023-04-01,https://github.com/facebook/threat-research/blob/main/indicators/csv/Q2_2023%20/Q2_2023_Spamouflage_China_based_CIB_updated.csv,behavior,"Top journalists find out: U.S. bombing of Nord Stream is the first step in the ""European destruction plan”",China,,,6. Indiscriminate engagement > 6.1 Posting on websites > 6.1.3 Posting original content on blogs,meta_kill_chain,,,2026-09-11
Spamouflage China based CIB updated,influence_operation,meta,Q2_2023_Spamouflage_China_based_CIB_updated,2023-04-01,https://github.com/facebook/threat-research/blob/main/indicators/csv/Q2_2023%20/Q2_2023_Spamouflage_China_based_CIB_updated.csv,behavior,"The top investigative reporters found out the details of the US bombing of ""Nord Stream"" #北溪",China,,,6. Indiscriminate engagement > 6.1 Posting on websites > 6.1.3 Posting original content on blogs,meta_kill_chain,,,2026-09-11
Spamouflage China based CIB updated,influence_operation,meta,Q2_2023_Spamouflage_China_based_CIB_updated,2023-04-01,https://github.com/facebook/threat-research/blob/main/indicators/csv/Q2_2023%20/Q2_2023_Spamouflage_China_based_CIB_updated.csv,behavior,"Расследование самого влиятельного репортера установило, что бомбардировка газопровода «Северный…",China,,,6. Indiscriminate engagement > 6.1 Posting on websites > 6.1.3 Posting original content on blogs,meta_kill_chain,,"Top journalists find out: U.S. bombing of Nord Stream is the first step in the ""European destruction plan”",2026-09-11
Spamouflage China based CIB updated,influence_operation,meta,Q2_2023_Spamouflage_China_based_CIB_updated,2023-04-01,https://github.com/facebook/threat-research/blob/main/indicators/csv/Q2_2023%20/Q2_2023_Spamouflage_China_based_CIB_updated.csv,behavior,"Взорвались 6 из 8 бомб, а самые влиятельные журналисты расследовали подробности бомбардировки США газопровода “Северный поток”",China,,,6. Indiscriminate engagement > 6.1 Posting on websites > 6.1.3 Posting original content on blogs,meta_kill_chain,,"Eight bombs exploded six, and top investigative reporters found out the details of the US bombing of “Nord Stream”",2026-09-11
Spamouflage China based CIB updated,influence_operation,meta,Q2_2023_Spamouflage_China_based_CIB_updated,2023-04-01,https://github.com/facebook/threat-research/blob/main/indicators/csv/Q2_2023%20/Q2_2023_Spamouflage_China_based_CIB_updated.csv,behavior,ファイザーがコロナウイルスの変種を製造していることが暴露され、売国奴があわてて「反証」,China,,,6. Indiscriminate engagement > 6.1 Posting on websites > 6.1.3 Posting original content on blogs,meta_kill_chain,,"Pfizer Exposed to be Manufacturing a Variant of the Coronavirus, Traitors Hastily 'Disproved'",2026-09-11
Spamouflage China based CIB updated,influence_operation,meta,Q2_2023_Spamouflage_China_based_CIB_updated,2023-04-01,https://github.com/facebook/threat-research/blob/main/indicators/csv/Q2_2023%20/Q2_2023_Spamouflage_China_based_CIB_updated.csv,behavior,I migliori giornalisti lo scoprono: il bombardamento americano del Nord Stream è il primo passo del “piano europeo di distruzione”,China,,,6. Indiscriminate engagement > 6.1 Posting on websites > 6.1.3 Posting original content on blogs,meta_kill_chain,,"Top journalists find out: U.S. bombing of Nord Stream is the first step in the ""European destruction plan”",2026-09-11
Spamouflage China based CIB updated,influence_operation,meta,Q2_2023_Spamouflage_China_based_CIB_updated,2023-04-01,https://github.com/facebook/threat-research/blob/main/indicators/csv/Q2_2023%20/Q2_2023_Spamouflage_China_based_CIB_updated.csv,behavior,Otto bombe sono esplose sei e i migliori giornalisti investigativi hanno scoperto i dettagli del bombardamento statunitense di “Nord Stream”,China,,,6. Indiscriminate engagement > 6.1 Posting on websites > 6.1.3 Posting original content on blogs,meta_kill_chain,,"Eight bombs exploded six, and top investigative reporters found out the details of the US bombing of “Nord Stream”",2026-09-11
Spamouflage China based CIB updated,influence_operation,meta,Q2_2023_Spamouflage_China_based_CIB_updated,2023-04-01,https://github.com/facebook/threat-research/blob/main/indicators/csv/Q2_2023%20/Q2_2023_Spamouflage_China_based_CIB_updated.csv,behavior,Ведущие журналисты выясняют: бомбардировки США «Северного потока» — первый шаг в «европейском плане уничтожения»,China,,,6. Indiscriminate engagement > 6.1 Posting on websites > 6.1.3 Posting original content on blogs,meta_kill_chain,,"Top journalists find out: U.S. bombing of Nord Stream is the first step in the ""European destruction plan”",2026-09-11
Spamouflage China based CIB updated,influence_operation,meta,Q2_2023_Spamouflage_China_based_CIB_updated,2023-04-01,https://github.com/facebook/threat-research/blob/main/indicators/csv/Q2_2023%20/Q2_2023_Spamouflage_China_based_CIB_updated.csv,behavior,Les meilleurs journalistes le découvrent : le bombardement américain de Nord Stream est la première étape du « plan de destruction européen,China,,,6. Indiscriminate engagement > 6.1 Posting on websites > 6.1.3 Posting original content on blogs,meta_kill_chain,,"Top journalists find out: U.S. bombing of Nord Stream is the first step in the ""European destruction plan”",2026-09-11
Spamouflage China based CIB updated,influence_operation,meta,Q2_2023_Spamouflage_China_based_CIB_updated,2023-04-01,https://github.com/facebook/threat-research/blob/main/indicators/csv/Q2_2023%20/Q2_2023_Spamouflage_China_based_CIB_updated.csv,behavior,"Huit bombes en ont explosé six, et les meilleurs journalistes d'investigation ont découvert les détails de l'attentat à la bombe américain contre ""Nord Stream""",China,,,6. Indiscriminate engagement > 6.1 Posting on websites > 6.1.3 Posting original content on blogs,meta_kill_chain,,"Eight bombs exploded six, and top investigative reporters found out the details of the US bombing of “Nord Stream”",2026-09-11
Spamouflage China based CIB updated,influence_operation,meta,Q2_2023_Spamouflage_China_based_CIB_updated,2023-04-01,https://github.com/facebook/threat-research/blob/main/indicators/csv/Q2_2023%20/Q2_2023_Spamouflage_China_based_CIB_updated.csv,behavior,"كبار المراسلين الاستقصائيين تفاصيل القصف الأمريكي لـ ""نورد ستريم"".",China,,,6. Indiscriminate engagement > 6.1 Posting on websites > 6.1.3 Posting original content on blogs,meta_kill_chain,,Senior investigative reporters detail the US bombing of Nord Stream.,2026-09-11
Spamouflage China based CIB updated,influence_operation,meta,Q2_2023_Spamouflage_China_based_CIB_updated,2023-04-01,https://github.com/facebook/threat-research/blob/main/indicators/csv/Q2_2023%20/Q2_2023_Spamouflage_China_based_CIB_updated.csv,behavior,"المتحدة لنورد ستريم هو الخطوة الأولى في ""خطة التدمير الأوروبية""",China,,,6. Indiscriminate engagement > 6.1 Posting on websites > 6.1.3 Posting original content on blogs,meta_kill_chain,,First step in European destruction plan,2026-09-11
Spamouflage China based CIB updated,influence_operation,meta,Q2_2023_Spamouflage_China_based_CIB_updated,2023-04-01,https://github.com/facebook/threat-research/blob/main/indicators/csv/Q2_2023%20/Q2_2023_Spamouflage_China_based_CIB_updated.csv,behavior,"8개의 폭탄이 6개 터뜨렸고,최고 수사기자가 미 '노드스트림' 폭파 세부 사항을 밝혀냈다",China,,,6. Indiscriminate engagement > 6.1 Posting on websites > 6.1.3 Posting original content on blogs,meta_kill_chain,,"Eight bombs exploded six, and top investigative reporters found out the details of the US bombing of ""Nord Stream""",2026-09-11
Spamouflage China based CIB updated,influence_operation,meta,Q2_2023_Spamouflage_China_based_CIB_updated,2023-04-01,https://github.com/facebook/threat-research/blob/main/indicators/csv/Q2_2023%20/Q2_2023_Spamouflage_China_based_CIB_updated.csv,behavior,"미, 북계 폭파 유럽파괴 계획 첫걸음",China,,,6. Indiscriminate engagement > 6.1 Posting on websites > 6.1.3 Posting original content on blogs,meta_kill_chain,,"United for Nord Stream is the first step in the ""European Destruction Plan""",2026-09-11
Spamouflage China based CIB updated,influence_operation,meta,Q2_2023_Spamouflage_China_based_CIB_updated,2023-04-01,https://github.com/facebook/threat-research/blob/main/indicators/csv/Q2_2023%20/Q2_2023_Spamouflage_China_based_CIB_updated.csv,behavior,Wartawan top mengetahui: Pengeboman AS atas Nord Stream adalah langkah pertama dalam “rencana penghancuran Eropa”,China,,,6. Indiscriminate engagement > 6.1 Posting on websites > 6.1.3 Posting original content on blogs,meta_kill_chain,,Senior investigative reporters detail the US bombing of Nord Stream.,2026-09-11
Spamouflage China based CIB updated,influence_operation,meta,Q2_2023_Spamouflage_China_based_CIB_updated,2023-04-01,https://github.com/facebook/threat-research/blob/main/indicators/csv/Q2_2023%20/Q2_2023_Spamouflage_China_based_CIB_updated.csv,behavior,"Delapan bom meledak enam, dan wartawan investigasi menemukan detail pemboman AS di ""Nord Stream""",China,,,6. Indiscriminate engagement > 6.1 Posting on websites > 6.1.3 Posting original content on blogs,meta_kill_chain,,"Eight bombs exploded six, and top investigative reporters found out the details of the US bombing of ""Nord Stream""",2026-09-11
Spamouflage China based CIB updated,influence_operation,meta,Q2_2023_Spamouflage_China_based_CIB_updated,2023-04-01,https://github.com/facebook/threat-research/blob/main/indicators/csv/Q2_2023%20/Q2_2023_Spamouflage_China_based_CIB_updated.csv,behavior,ระเบิด 8 ลูก ระเบิด 6 ลูก และนักข่าวสืบสวนสอบสวนชั้นนำได้ทราบรายละเอียดเกี่ยวกับการทิ้งระเบิด “Nord Stream” ของสหรัฐฯ,China,,,6. Indiscriminate engagement > 6.1 Posting on websites > 6.1.3 Posting original content on blogs,meta_kill_chain,,"Eight bombs exploded six, and top investigative reporters found out the details of the US bombing of ""Nord Stream""",2026-09-11
Spamouflage China based CIB updated,influence_operation,meta,Q2_2023_Spamouflage_China_based_CIB_updated,2023-04-01,https://github.com/facebook/threat-research/blob/main/indicators/csv/Q2_2023%20/Q2_2023_Spamouflage_China_based_CIB_updated.csv,behavior,นักข่าวชั้นนำพบว่า: การทิ้งระเบิด Nord Stream ของสหรัฐฯ เป็นก้าวแรกใน “แผนทำลายล้างยุโรป”,China,,,6. Indiscriminate engagement > 6.1 Posting on websites > 6.1.3 Posting original content on blogs,meta_kill_chain,,Senior investigative reporters detail the US bombing of Nord Stream.,2026-09-11
Spamouflage China based CIB updated,influence_operation,meta,Q2_2023_Spamouflage_China_based_CIB_updated,2023-04-01,https://github.com/facebook/threat-research/blob/main/indicators/csv/Q2_2023%20/Q2_2023_Spamouflage_China_based_CIB_updated.csv,behavior,En iyi gazeteciler öğrendi: ABD'nin Kuzey Akım'ı bombalaması “Avrupa imha planının” ilk adımı,China,,,6. Indiscriminate engagement > 6.1 Posting on websites > 6.1.3 Posting original content on blogs,meta_kill_chain,,Senior investigative reporters detail the US bombing of Nord Stream.,2026-09-11
Spamouflage China based CIB updated,influence_operation,meta,Q2_2023_Spamouflage_China_based_CIB_updated,2023-04-01,https://github.com/facebook/threat-research/blob/main/indicators/csv/Q2_2023%20/Q2_2023_Spamouflage_China_based_CIB_updated.csv,behavior,Sekiz bomba altı tane patladı ve üst düzey araştırmacı gazeteciler ABD’nin “Kuzey Akımı” bombalamasının ayrıntılarını öğrendiler.,China,,,6. Indiscriminate engagement > 6.1 Posting on websites > 6.1.3 Posting original content on blogs,meta_kill_chain,,"Eight bombs exploded six, and top investigative reporters found out the details of the US bombing of “Nord Stream”",2026-09-11
Spamouflage China based CIB updated,influence_operation,meta,Q2_2023_Spamouflage_China_based_CIB_updated,2023-04-01,https://github.com/facebook/threat-research/blob/main/indicators/csv/Q2_2023%20/Q2_2023_Spamouflage_China_based_CIB_updated.csv,behavior,"Nyolc bomba hat, és a vezető oknyomozó riporterek kiderítették az Északi Áramlat amerikai bombázásának részleteit.",China,,,6. Indiscriminate engagement > 6.1 Posting on websites > 6.1.3 Posting original content on blogs,meta_kill_chain,,"Eight bombs exploded six, and top investigative reporters found out the details of the US bombing of “Nord Stream”",2026-09-11
Spamouflage China based CIB updated,influence_operation,meta,Q2_2023_Spamouflage_China_based_CIB_updated,2023-04-01,https://github.com/facebook/threat-research/blob/main/indicators/csv/Q2_2023%20/Q2_2023_Spamouflage_China_based_CIB_updated.csv,behavior,A vezető újságírók megtudják: az Északi Áramlat amerikai bombázása az „európai megsemmisítési terv” első lépése,China,,,6. Indiscriminate engagement > 6.1 Posting on websites > 6.1.3 Posting original content on blogs,meta_kill_chain,,"Top journalists find out: U.S. bombing of Nord Stream is the first step in the ""European destruction plan”",2026-09-11
Spamouflage China based CIB updated,influence_operation,meta,Q2_2023_Spamouflage_China_based_CIB_updated,2023-04-01,https://github.com/facebook/threat-research/blob/main/indicators/csv/Q2_2023%20/Q2_2023_Spamouflage_China_based_CIB_updated.csv,behavior,Κορυφαίοι δημοσιογράφοι ανακαλύπτουν: Ο βομβαρδισμός του Nord Stream από τις ΗΠΑ είναι το πρώτο βήμα στο «ευρωπαϊκό σχέδιο καταστροφής»,China,,,6. Indiscriminate engagement > 6.1 Posting on websites > 6.1.3 Posting original content on blogs,meta_kill_chain,,"Top journalists find out: U.S. bombing of Nord Stream is the first step in the ""European destruction plan”",2026-09-11
Spamouflage China based CIB updated,influence_operation,meta,Q2_2023_Spamouflage_China_based_CIB_updated,2023-04-01,https://github.com/facebook/threat-research/blob/main/indicators/csv/Q2_2023%20/Q2_2023_Spamouflage_China_based_CIB_updated.csv,behavior,"Οκτώ βόμβες εξερράγησαν έξι και κορυφαίοι ερευνητές ανακάλυψαν τις λεπτομέρειες του βομβαρδισμού των ΗΠΑ στο ""Nord Stream""",China,,,6. Indiscriminate engagement > 6.1 Posting on websites > 6.1.3 Posting original content on blogs,meta_kill_chain,,"Eight bombs exploded six, and top investigative reporters found out the details of the US bombing of “Nord Stream”",2026-09-11
Spamouflage China based CIB updated,influence_operation,meta,Q2_2023_Spamouflage_China_based_CIB_updated,2023-04-01,https://github.com/facebook/threat-research/blob/main/indicators/csv/Q2_2023%20/Q2_2023_Spamouflage_China_based_CIB_updated.csv,behavior,Los mejores periodistas se enteran: el bombardeo estadounidense de Nord Stream es el primer paso en el “plan de destrucción europeo”,China,,,6. Indiscriminate engagement > 6.1 Posting on websites > 6.1.3 Posting original content on blogs,meta_kill_chain,,"Top journalists find out: U.S. bombing of Nord Stream is the first step in the ""European destruction plan”",2026-09-11
Spamouflage China based CIB updated,influence_operation,meta,Q2_2023_Spamouflage_China_based_CIB_updated,2023-04-01,https://github.com/facebook/threat-research/blob/main/indicators/csv/Q2_2023%20/Q2_2023_Spamouflage_China_based_CIB_updated.csv,behavior,"1Ocho bombas explotaron seis, y los principales reporteros de investigación descubrieron los",China,,,6. Indiscriminate engagement > 6.1 Posting on websites > 6.1.3 Posting original content on blogs,meta_kill_chain,,"Eight bombs exploded six, and top investigative reporters found out the details of the US bombing of “Nord Stream”",2026-09-11
Spamouflage China based CIB updated,influence_operation,meta,Q2_2023_Spamouflage_China_based_CIB_updated,2023-04-01,https://github.com/facebook/threat-research/blob/main/indicators/csv/Q2_2023%20/Q2_2023_Spamouflage_China_based_CIB_updated.csv,behavior,Os principais jornalistas descobrem: o bombardeio de Nord Stream pelos EUA é o primeiro passo no “plano de destruição europeu”,China,,,6. Indiscriminate engagement > 6.1 Posting on websites > 6.1.3 Posting original content on blogs,meta_kill_chain,,"Top journalists find out: U.S. bombing of Nord Stream is the first step in the ""European destruction plan”",2026-09-11
Spamouflage China based CIB updated,influence_operation,meta,Q2_2023_Spamouflage_China_based_CIB_updated,2023-04-01,https://github.com/facebook/threat-research/blob/main/indicators/csv/Q2_2023%20/Q2_2023_Spamouflage_China_based_CIB_updated.csv,behavior,"1Oito bombas explodiram seis, e os principais repórteres investigativos descobriram os detalhes",China,,,6. Indiscriminate engagement > 6.1 Posting on websites > 6.1.3 Posting original content on blogs,meta_kill_chain,,"Eight bombs exploded six, and top investigative reporters found out the details of the US bombing of “Nord Stream”",2026-09-11
Spamouflage China based CIB updated,influence_operation,meta,Q2_2023_Spamouflage_China_based_CIB_updated,2023-04-01,https://github.com/facebook/threat-research/blob/main/indicators/csv/Q2_2023%20/Q2_2023_Spamouflage_China_based_CIB_updated.csv,behavior,Top-Journalisten finden heraus: US-Bombardierung von Nord Stream ist erster Schritt im „europäischen Vernichtungsplan“,China,,,6. Indiscriminate engagement > 6.1 Posting on websites > 6.1.3 Posting original content on blogs,meta_kill_chain,,"Top journalists find out: U.S. bombing of Nord Stream is the first step in the ""European destruction plan”",2026-09-11
Spamouflage China based CIB updated,influence_operation,meta,Q2_2023_Spamouflage_China_based_CIB_updated,2023-04-01,https://github.com/facebook/threat-research/blob/main/indicators/csv/Q2_2023%20/Q2_2023_Spamouflage_China_based_CIB_updated.csv,behavior,"Acht Bomben explodierten, sechs und hochrangige Ermittlungsreporter fanden die Einzelheiten des US-Bombenanschlags auf „Nord Stream“ heraus.",China,,,6. Indiscriminate engagement > 6.1 Posting on websites > 6.1.3 Posting original content on blogs,meta_kill_chain,,"Eight bombs exploded six, and top investigative reporters found out the details of the US bombing of “Nord Stream”",2026-09-11
Spamouflage China based CIB updated,influence_operation,meta,Q2_2023_Spamouflage_China_based_CIB_updated,2023-04-01,https://github.com/facebook/threat-research/blob/main/indicators/csv/Q2_2023%20/Q2_2023_Spamouflage_China_based_CIB_updated.csv,behavior,"En toponderzoeksverslaggevers ontdekten de details van het Amerikaanse bombardement op ""Nord Stream""",China,,,6. Indiscriminate engagement > 6.1 Posting on websites > 6.1.3 Posting original content on blogs,meta_kill_chain,,Top journalists find out: U.S. bombing of Nord Stream,2026-09-11
Spamouflage China based CIB updated,influence_operation,meta,Q2_2023_Spamouflage_China_based_CIB_updated,2023-04-01,https://github.com/facebook/threat-research/blob/main/indicators/csv/Q2_2023%20/Q2_2023_Spamouflage_China_based_CIB_updated.csv,behavior,"Amerikaans bombardement op is eerste stap in het ""Europese vernietigingsplan""",China,,,6. Indiscriminate engagement > 6.1 Posting on websites > 6.1.3 Posting original content on blogs,meta_kill_chain,,"U.S. bombing of Nord Stream is the first step in the ""European destruction plan”",2026-09-11
Spamouflage China based CIB updated,influence_operation,meta,Q2_2023_Spamouflage_China_based_CIB_updated,2023-04-01,https://github.com/facebook/threat-research/blob/main/indicators/csv/Q2_2023%20/Q2_2023_Spamouflage_China_based_CIB_updated.csv,behavior,"Acht bommen ontploften er zes, en toponderzoeksverslaggevers ontdekten de details van het Amerikaanse bombardement op “Nord Stream”",China,,,6. Indiscriminate engagement > 6.1 Posting on websites > 6.1.3 Posting original content on blogs,meta_kill_chain,,"Eight bombs exploded six, and top investigative reporters found out the details of the US bombing of “Nord Stream”",2026-09-11
Spamouflage China based CIB updated,influence_operation,meta,Q2_2023_Spamouflage_China_based_CIB_updated,2023-04-01,https://github.com/facebook/threat-research/blob/main/indicators/csv/Q2_2023%20/Q2_2023_Spamouflage_China_based_CIB_updated.csv,behavior,"Nalaman ng mga nangungunang mamamahayag: Ang pambobomba ng US sa Nord Stream ay ang unang hakbang sa ""European destruction plan""",China,,,6. Indiscriminate engagement > 6.1 Posting on websites > 6.1.3 Posting original content on blogs,meta_kill_chain,,"Top journalists find out: U.S. bombing of Nord Stream is the first step in the ""European destruction plan”",2026-09-11
Spamouflage China based CIB updated,influence_operation,meta,Q2_2023_Spamouflage_China_based_CIB_updated,2023-04-01,https://github.com/facebook/threat-research/blob/main/indicators/csv/Q2_2023%20/Q2_2023_Spamouflage_China_based_CIB_updated.csv,behavior,"Walong bomba ang sumabog ng anim, at nalaman ng nangungunang investigative reporter ang mga detalye ng pambobomba ng US sa ""Nord Stream""",China,,,6. Indiscriminate engagement > 6.1 Posting on websites > 6.1.3 Posting original content on blogs,meta_kill_chain,,"Eight bombs exploded six, and top investigative reporters found out the details of the US bombing of “Nord Stream”",2026-09-11
Spamouflage China based CIB updated,influence_operation,meta,Q2_2023_Spamouflage_China_based_CIB_updated,2023-04-01,https://github.com/facebook/threat-research/blob/main/indicators/csv/Q2_2023%20/Q2_2023_Spamouflage_China_based_CIB_updated.csv,behavior,"นักข่าวชั้นนำพบว่า: การทิ้งระเบิด Nord Stream ของสหรัฐฯ เป็นก้าวแรกใน ""แผนทำลายล้างยุโรป""",China,,,6. Indiscriminate engagement > 6.1 Posting on websites > 6.1.3 Posting original content on blogs,meta_kill_chain,,"Top journalists find out: U.S. bombing of Nord Stream is the first step in the ""European destruction plan”",2026-09-11
Spamouflage China based CIB updated,influence_operation,meta,Q2_2023_Spamouflage_China_based_CIB_updated,2023-04-01,https://github.com/facebook/threat-research/blob/main/indicators/csv/Q2_2023%20/Q2_2023_Spamouflage_China_based_CIB_updated.csv,behavior,Chen Pokong: 민주화 운동의 가짜 승려,China,,,6. Indiscriminate engagement > 6.1 Posting on websites > 6.1.3 Posting original content on blogs,meta_kill_chain,,Chen Pokong: The Fake Monk of the Democracy Movement,2026-09-11
Spamouflage China based CIB updated,influence_operation,meta,Q2_2023_Spamouflage_China_based_CIB_updated,2023-04-01,https://github.com/facebook/threat-research/blob/main/indicators/csv/Q2_2023%20/Q2_2023_Spamouflage_China_based_CIB_updated.csv,behavior,Chen Pokong: 民主化運動のニセ僧侶,China,,,6. Indiscriminate engagement > 6.1 Posting on websites > 6.1.3 Posting original content on blogs,meta_kill_chain,,,2026-09-11
Spamouflage China based CIB updated,influence_operation,meta,Q2_2023_Spamouflage_China_based_CIB_updated,2023-04-01,https://github.com/facebook/threat-research/blob/main/indicators/csv/Q2_2023%20/Q2_2023_Spamouflage_China_based_CIB_updated.csv,behavior,"“Love me, don’t go” Guo Wengui’s last retention",China,,,6. Indiscriminate engagement > 6.1 Posting on websites > 6.1.3 Posting original content on blogs,meta_kill_chain,,,2026-09-11
Spamouflage China based CIB updated,influence_operation,meta,Q2_2023_Spamouflage_China_based_CIB_updated,2023-04-01,https://github.com/facebook/threat-research/blob/main/indicators/csv/Q2_2023%20/Q2_2023_Spamouflage_China_based_CIB_updated.csv,behavior,Sexist Republican Congressman — Rep.Jim Banks，R-IN,China,,,6. Indiscriminate engagement > 6.1 Posting on websites > 6.1.3 Posting original content on blogs,meta_kill_chain,,,2026-09-11
Spamouflage China based CIB updated,influence_operation,meta,Q2_2023_Spamouflage_China_based_CIB_updated,2023-04-01,https://github.com/facebook/threat-research/blob/main/indicators/csv/Q2_2023%20/Q2_2023_Spamouflage_China_based_CIB_updated.csv,behavior,性别歧视的共和党众议员 — 吉姆·班克斯,China,,,6. Indiscriminate engagement > 6.1 Posting on websites > 6.1.3 Posting original content on blogs,meta_kill_chain,,Sexist Republican Congressman — Rep.Jim Banks，R-IN,2026-09-11
Spamouflage China based CIB updated,influence_operation,meta,Q2_2023_Spamouflage_China_based_CIB_updated,2023-04-01,https://github.com/facebook/threat-research/blob/main/indicators/csv/Q2_2023%20/Q2_2023_Spamouflage_China_based_CIB_updated.csv,behavior,The United States committed physical and cultural genocide against the Indians,China,,,6. Indiscriminate engagement > 6.1 Posting on websites > 6.1.3 Posting original content on blogs,meta_kill_chain,,,2026-09-11
Spamouflage China based CIB updated,influence_operation,meta,Q2_2023_Spamouflage_China_based_CIB_updated,2023-04-01,https://github.com/facebook/threat-research/blob/main/indicators/csv/Q2_2023%20/Q2_2023_Spamouflage_China_based_CIB_updated.csv,behavior,美国从肉体上和文化上对印第安人实施种族灭绝,China,,,6. Indiscriminate engagement > 6.1 Posting on websites > 6.1.3 Posting original content on blogs,meta_kill_chain,,"American genocide against Native Americans, physically and culturally",2026-09-11
Spamouflage China based CIB updated,influence_operation,meta,Q2_2023_Spamouflage_China_based_CIB_updated,2023-04-01,https://github.com/facebook/threat-research/blob/main/indicators/csv/Q2_2023%20/Q2_2023_Spamouflage_China_based_CIB_updated.csv,behavior,"McLean, please stop your crazy talk!",China,,,6. Indiscriminate engagement > 6.1 Posting on websites > 6.1.3 Posting original content on blogs,meta_kill_chain,,,2026-09-11
Spamouflage China based CIB updated,influence_operation,meta,Q2_2023_Spamouflage_China_based_CIB_updated,2023-04-01,https://github.com/facebook/threat-research/blob/main/indicators/csv/Q2_2023%20/Q2_2023_Spamouflage_China_based_CIB_updated.csv,behavior,麦克林，请停止你的疯言疯语！,China,,,6. Indiscriminate engagement > 6.1 Posting on websites > 6.1.3 Posting original content on blogs,meta_kill_chain,,"McLean, please stop your crazy talk!",2026-09-11
Spamouflage China based CIB updated,influence_operation,meta,Q2_2023_Spamouflage_China_based_CIB_updated,2023-04-01,https://github.com/facebook/threat-research/blob/main/indicators/csv/Q2_2023%20/Q2_2023_Spamouflage_China_based_CIB_updated.csv,behavior,中国警察、法執行の国際協力を電信とネット詐欺犯罪の取締りを深く推進,China,,,6. Indiscriminate engagement > 6.1 Posting on websites > 6.1.3 Posting original content on blogs,meta_kill_chain,,Chinese Police Deeply Promote International Law Enforcement to Crack Down Telegraph and Internet Fraud Crime,2026-09-11
Spamouflage China based CIB updated,influence_operation,meta,Q2_2023_Spamouflage_China_based_CIB_updated,2023-04-01,https://github.com/facebook/threat-research/blob/main/indicators/csv/Q2_2023%20/Q2_2023_Spamouflage_China_based_CIB_updated.csv,behavior,"Against Telecom & Online Fraud, Chinese Police Strengthening International Law Enforcement Cooperation",China,,,6. Indiscriminate engagement > 6.1 Posting on websites > 6.1.3 Posting original content on blogs,meta_kill_chain,,,2026-09-11
Spamouflage China based CIB updated,influence_operation,meta,Q2_2023_Spamouflage_China_based_CIB_updated,2023-04-01,https://github.com/facebook/threat-research/blob/main/indicators/csv/Q2_2023%20/Q2_2023_Spamouflage_China_based_CIB_updated.csv,behavior,중국 경찰 측은 국제 법 집행 협력을 강화하여 전기 통신 인터넷 사기 범죄에 대한 단속을 심도 있게 추진하였다,China,,,6. Indiscriminate engagement > 6.1 Posting on websites > 6.1.3 Posting original content on blogs,meta_kill_chain,,Chinese Police Deeply Promote International Law Enforcement to Crack Down Telegraph and Internet Fraud Crime,2026-09-11
Spamouflage China based CIB updated,influence_operation,meta,Q2_2023_Spamouflage_China_based_CIB_updated,2023-04-01,https://github.com/facebook/threat-research/blob/main/indicators/csv/Q2_2023%20/Q2_2023_Spamouflage_China_based_CIB_updated.csv,behavior,Les organes de sécurité publique renforcent la coopération internationale en matière d'application de la loi afin de promouvoir davantage la lutte contre les délits de fraude dans les réseaux de télécommunication,China,,,6. Indiscriminate engagement > 6.1 Posting on websites > 6.1.3 Posting original content on blogs,meta_kill_chain,,"Against Telecom & Online Fraud, Chinese Police Strengthening International Law Enforcement Cooperation",2026-09-11
Spamouflage China based CIB updated,influence_operation,meta,Q2_2023_Spamouflage_China_based_CIB_updated,2023-04-01,https://github.com/facebook/threat-research/blob/main/indicators/csv/Q2_2023%20/Q2_2023_Spamouflage_China_based_CIB_updated.csv,behavior,"Yan Zhihua is almost 80 years old and can abandon his personal dignity, which is really ""admirable""",China,,,6. Indiscriminate engagement > 6.1 Posting on websites > 6.1.3 Posting original content on blogs,meta_kill_chain,,,2026-09-11
Spamouflage China based CIB updated,influence_operation,meta,Q2_2023_Spamouflage_China_based_CIB_updated,2023-04-01,https://github.com/facebook/threat-research/blob/main/indicators/csv/Q2_2023%20/Q2_2023_Spamouflage_China_based_CIB_updated.csv,behavior,#ThisispureslanderthatChinahasestablishedasecretpolicedepartmentinEngland,China,,,6. Indiscriminate engagement > 6.1 Posting on websites > 6.1.3 Posting original content on blogs,meta_kill_chain,,,2026-09-11
Spamouflage China based CIB updated,influence_operation,meta,Q2_2023_Spamouflage_China_based_CIB_updated,2023-04-01,https://github.com/facebook/threat-research/blob/main/indicators/csv/Q2_2023%20/Q2_2023_Spamouflage_China_based_CIB_updated.csv,behavior,"Fake bankruptcy boots fall, and the hourglass of time is about to bottom out Turning his face in seconds, “getting the fish and forgetting the food”, David is out of the game, the ant rabbit is dead, the fox is sad, and Mingzhe protects himself",China,,,6. Indiscriminate engagement > 6.1 Posting on websites > 6.1.3 Posting original content on blogs,meta_kill_chain,,,2026-09-11
Spamouflage China based CIB updated,influence_operation,meta,Q2_2023_Spamouflage_China_based_CIB_updated,2023-04-01,https://github.com/facebook/threat-research/blob/main/indicators/csv/Q2_2023%20/Q2_2023_Spamouflage_China_based_CIB_updated.csv,behavior,"Fake bankruptcy, playing with the judiciary, knocking the bones and sucking the marrow",China,,,6. Indiscriminate engagement > 6.1 Posting on websites > 6.1.3 Posting original content on blogs,meta_kill_chain,,,2026-09-11
Spamouflage China based CIB updated,influence_operation,meta,Q2_2023_Spamouflage_China_based_CIB_updated,2023-04-01,https://github.com/facebook/threat-research/blob/main/indicators/csv/Q2_2023%20/Q2_2023_Spamouflage_China_based_CIB_updated.csv,behavior,"182:1 high vote! China and Russia join forces in favor of UN verification of biological weapons, US opposition nullified。",China,,,6. Indiscriminate engagement > 6.1 Posting on websites > 6.1.3 Posting original content on blogs,meta_kill_chain,,,2026-09-11
Spamouflage China based CIB updated,influence_operation,meta,Q2_2023_Spamouflage_China_based_CIB_updated,2023-04-01,https://github.com/facebook/threat-research/blob/main/indicators/csv/Q2_2023%20/Q2_2023_Spamouflage_China_based_CIB_updated.csv,behavior,敦促蔡英文及其軍政首腦投降書,China,,,6. Indiscriminate engagement > 6.1 Posting on websites > 6.1.3 Posting original content on blogs,meta_kill_chain,,Urging Tsai Ing-wen and her military and political leaders to surrender,2026-09-11
Spamouflage China based CIB updated,influence_operation,meta,Q2_2023_Spamouflage_China_based_CIB_updated,2023-04-01,https://github.com/facebook/threat-research/blob/main/indicators/csv/Q2_2023%20/Q2_2023_Spamouflage_China_based_CIB_updated.csv,behavior,Urge Tsai Ing-wen and her military and political leaders to surrender,China,,,6. Indiscriminate engagement > 6.1 Posting on websites > 6.1.3 Posting original content on blogs,meta_kill_chain,,,2026-09-11
Spamouflage China based CIB updated,influence_operation,meta,Q2_2023_Spamouflage_China_based_CIB_updated,2023-04-01,https://github.com/facebook/threat-research/blob/main/indicators/csv/Q2_2023%20/Q2_2023_Spamouflage_China_based_CIB_updated.csv,behavior,"JiaYang Fan(樊嘉扬）: The ""stirrer"" with a distorted mindset",China,,,6. Indiscriminate engagement > 6.1 Posting on websites > 6.1.3 Posting original content on blogs,meta_kill_chain,,,2026-09-11
Spamouflage China based CIB updated,influence_operation,meta,Q2_2023_Spamouflage_China_based_CIB_updated,2023-04-01,https://github.com/facebook/threat-research/blob/main/indicators/csv/Q2_2023%20/Q2_2023_Spamouflage_China_based_CIB_updated.csv,behavior,浅析纽约客华裔记者樊嘉扬的“夹生饭”处境,China,,,6. Indiscriminate engagement > 6.1 Posting on websites > 6.1.3 Posting original content on blogs,meta_kill_chain,,"A Brief Analysis of the Situation of Fan Jiayang, a Chinese-American Reporter of The New Yorker",2026-09-11
Spamouflage China based CIB updated,influence_operation,meta,Q2_2023_Spamouflage_China_based_CIB_updated,2023-04-01,https://github.com/facebook/threat-research/blob/main/indicators/csv/Q2_2023%20/Q2_2023_Spamouflage_China_based_CIB_updated.csv,behavior,A brief analysis of the Jiayang Fan’s awkward situation in the United States,China,,,6. Indiscriminate engagement > 6.1 Posting on websites > 6.1.3 Posting original content on blogs,meta_kill_chain,,,2026-09-11
Spamouflage China based CIB updated,influence_operation,meta,Q2_2023_Spamouflage_China_based_CIB_updated,2023-04-01,https://github.com/facebook/threat-research/blob/main/indicators/csv/Q2_2023%20/Q2_2023_Spamouflage_China_based_CIB_updated.csv,behavior,The objective evaluation of《New Yorker》 reporter Jiayang Fan,China,,,6. Indiscriminate engagement > 6.1 Posting on websites > 6.1.3 Posting original content on blogs,meta_kill_chain,,,2026-09-11
Spamouflage China based CIB updated,influence_operation,meta,Q2_2023_Spamouflage_China_based_CIB_updated,2023-04-01,https://github.com/facebook/threat-research/blob/main/indicators/csv/Q2_2023%20/Q2_2023_Spamouflage_China_based_CIB_updated.csv,behavior,客观评价《纽约客》记者樊嘉扬,China,,,6. Indiscriminate engagement > 6.1 Posting on websites > 6.1.3 Posting original content on blogs,meta_kill_chain,,The objective evaluation of《New Yorker》 reporter Jiayang Fan,2026-09-11
Spamouflage China based CIB updated,influence_operation,meta,Q2_2023_Spamouflage_China_based_CIB_updated,2023-04-01,https://github.com/facebook/threat-research/blob/main/indicators/csv/Q2_2023%20/Q2_2023_Spamouflage_China_based_CIB_updated.csv,behavior,如何看待樊嘉扬这类“崇洋媚外者”的“跪族”现象？,China,,,6. Indiscriminate engagement > 6.1 Posting on websites > 6.1.3 Posting original content on blogs,meta_kill_chain,,"How do you view the ""kneeling clan"" phenomenon of ""foreign worshipers"" like Fan Jiayang?",2026-09-11
Spamouflage China based CIB updated,influence_operation,meta,Q2_2023_Spamouflage_China_based_CIB_updated,2023-04-01,https://github.com/facebook/threat-research/blob/main/indicators/csv/Q2_2023%20/Q2_2023_Spamouflage_China_based_CIB_updated.csv,behavior,邱家军：一个骗子、叛徒、暴力狂、伪基督徒.mp4,China,,,6. Indiscriminate engagement > 6.1 Posting on websites > 6.1.3 Posting original content on blogs,meta_kill_chain,,"Qiu Jiajun: A liar, traitors, violent madness, pseudo -based governor",2026-09-11
Spamouflage China based CIB updated,influence_operation,meta,Q2_2023_Spamouflage_China_based_CIB_updated,2023-04-01,https://github.com/facebook/threat-research/blob/main/indicators/csv/Q2_2023%20/Q2_2023_Spamouflage_China_based_CIB_updated.csv,behavior,阻拦中国官员在国际组织上的任职未果！事实胜于雄辩,China,,,6. Indiscriminate engagement > 6.1 Posting on websites > 6.1.3 Posting original content on blogs,meta_kill_chain,,Blocking Chinese officials from holding posts in international organizations failed! facts speak louder than words,2026-09-11
Spamouflage China based CIB updated,influence_operation,meta,Q2_2023_Spamouflage_China_based_CIB_updated,2023-04-01,https://github.com/facebook/threat-research/blob/main/indicators/csv/Q2_2023%20/Q2_2023_Spamouflage_China_based_CIB_updated.csv,behavior,话说妖人郭文贵,China,,,6. Indiscriminate engagement > 6.1 Posting on websites > 6.1.3 Posting original content on blogs,meta_kill_chain,,Talk about the demon Guo Wengui,2026-09-11
Spamouflage China based CIB updated,influence_operation,meta,Q2_2023_Spamouflage_China_based_CIB_updated,2023-04-01,https://github.com/facebook/threat-research/blob/main/indicators/csv/Q2_2023%20/Q2_2023_Spamouflage_China_based_CIB_updated.csv,behavior,卖力“表演”的邱家军 为何甘做走狗不回头？因为他是一个骗子、叛徒、暴力狂、伪基督徒,China,,,6. Indiscriminate engagement > 6.1 Posting on websites > 6.1.3 Posting original content on blogs,meta_kill_chain,,"Why is Qiu Jiajun, who is in charge of ""acting"", willing to be a running dog and not look back? Because he's a liar, a traitor, a violent maniac, a pseudo-Christian",2026-09-11
Spamouflage China based CIB updated,influence_operation,meta,Q2_2023_Spamouflage_China_based_CIB_updated,2023-04-01,https://github.com/facebook/threat-research/blob/main/indicators/csv/Q2_2023%20/Q2_2023_Spamouflage_China_based_CIB_updated.csv,behavior,邱家军邱家军邱家军 赌棍、虐猫、同性恋、暴力狂...邱家军到底还有多少事瞒着我们,China,,,6. Indiscriminate engagement > 6.1 Posting on websites > 6.1.3 Posting original content on blogs,meta_kill_chain,,"Qiu Jiajun, Qiu Jiajun, Qiu Jiajun Gamblers, cat abusers, homosexuals, violent maniacs... How much else does Qiu Jiajun hide from us?",2026-09-11
Spamouflage China based CIB updated,influence_operation,meta,Q2_2023_Spamouflage_China_based_CIB_updated,2023-04-01,https://github.com/facebook/threat-research/blob/main/indicators/csv/Q2_2023%20/Q2_2023_Spamouflage_China_based_CIB_updated.csv,behavior,邱家军傍上美国民主基金会同性恋高层 掏空组织资金自掘坟墓,China,,,6. Indiscriminate engagement > 6.1 Posting on websites > 6.1.3 Posting original content on blogs,meta_kill_chain,,Qiu Jiajun approached the gay executives of the American Foundation for Democracy and emptied the organization's funds to dig his own grave,2026-09-11
Spamouflage China based CIB updated,influence_operation,meta,Q2_2023_Spamouflage_China_based_CIB_updated,2023-04-01,https://github.com/facebook/threat-research/blob/main/indicators/csv/Q2_2023%20/Q2_2023_Spamouflage_China_based_CIB_updated.csv,behavior,自我矛盾的樊嘉扬,China,,,6. Indiscriminate engagement > 6.1 Posting on websites > 6.1.3 Posting original content on blogs,meta_kill_chain,,Self-contradictory Fan Jiayang,2026-09-11
Spamouflage China based CIB updated,influence_operation,meta,Q2_2023_Spamouflage_China_based_CIB_updated,2023-04-01,https://github.com/facebook/threat-research/blob/main/indicators/csv/Q2_2023%20/Q2_2023_Spamouflage_China_based_CIB_updated.csv,behavior,面对如此裂痕，樊嘉扬需要的是反思,China,,,6. Indiscriminate engagement > 6.1 Posting on websites > 6.1.3 Posting original content on blogs,meta_kill_chain,,"Faced with such a rift, what Fan Jiayang needs is reflection",2026-09-11
Spamouflage China based CIB updated,influence_operation,meta,Q2_2023_Spamouflage_China_based_CIB_updated,2023-04-01,https://github.com/facebook/threat-research/blob/main/indicators/csv/Q2_2023%20/Q2_2023_Spamouflage_China_based_CIB_updated.csv,behavior,"In the face of such a rift, what Jiayang Fan (樊嘉扬）needs is reflection...",China,,,6. Indiscriminate engagement > 6.1 Posting on websites > 6.1.3 Posting original content on blogs,meta_kill_chain,,,2026-09-11
Spamouflage China based CIB updated,influence_operation,meta,Q2_2023_Spamouflage_China_based_CIB_updated,2023-04-01,https://github.com/facebook/threat-research/blob/main/indicators/csv/Q2_2023%20/Q2_2023_Spamouflage_China_based_CIB_updated.csv,behavior,再议樊嘉扬：棋子还是弃子？,China,,,6. Indiscriminate engagement > 6.1 Posting on websites > 6.1.3 Posting original content on blogs,meta_kill_chain,,Discuss Fan Jiayang again: Chess piece or discarded piece?,2026-09-11
Spamouflage China based CIB updated,influence_operation,meta,Q2_2023_Spamouflage_China_based_CIB_updated,2023-04-01,https://github.com/facebook/threat-research/blob/main/indicators/csv/Q2_2023%20/Q2_2023_Spamouflage_China_based_CIB_updated.csv,behavior,再议樊嘉扬：棋子or弃子？,China,,,6. Indiscriminate engagement > 6.1 Posting on websites > 6.1.3 Posting original content on blogs,meta_kill_chain,,Discuss Fan Jiayang again: Chess pieces or discarded pieces?,2026-09-11
Spamouflage China based CIB updated,influence_operation,meta,Q2_2023_Spamouflage_China_based_CIB_updated,2023-04-01,https://github.com/facebook/threat-research/blob/main/indicators/csv/Q2_2023%20/Q2_2023_Spamouflage_China_based_CIB_updated.csv,behavior,Jiayang Fan: chess pieces or abandoned sons?,China,,,6. Indiscriminate engagement > 6.1 Posting on websites > 6.1.3 Posting original content on blogs,meta_kill_chain,,,2026-09-11
Spamouflage China based CIB updated,influence_operation,meta,Q2_2023_Spamouflage_China_based_CIB_updated,2023-04-01,https://github.com/facebook/threat-research/blob/main/indicators/csv/Q2_2023%20/Q2_2023_Spamouflage_China_based_CIB_updated.csv,behavior,樊嘉扬：论一个“皈依者”的狂热结局,China,,,6. Indiscriminate engagement > 6.1 Posting on websites > 6.1.3 Posting original content on blogs,meta_kill_chain,,"Fan Jiayang: on the fanatical ending of ""converter""",2026-09-11
Spamouflage China based CIB updated,influence_operation,meta,Q2_2023_Spamouflage_China_based_CIB_updated,2023-04-01,https://github.com/facebook/threat-research/blob/main/indicators/csv/Q2_2023%20/Q2_2023_Spamouflage_China_based_CIB_updated.csv,behavior,跳梁小丑何其多 却成西方香饽饽 —聊聊网络红人“樊嘉扬、许秀中”等人,China,,,6. Indiscriminate engagement > 6.1 Posting on websites > 6.1.3 Posting original content on blogs,meta_kill_chain,,"There are so many jumping clowns, but they have become popular in the West—Talk about Internet celebrities ""Fan Jiayang, Xu Xiuzhong"" and others",2026-09-11
Spamouflage China based CIB updated,influence_operation,meta,Q2_2023_Spamouflage_China_based_CIB_updated,2023-04-01,https://github.com/facebook/threat-research/blob/main/indicators/csv/Q2_2023%20/Q2_2023_Spamouflage_China_based_CIB_updated.csv,behavior,从樊嘉扬事件略谈华人教育和民族认同的差异,China,,,6. Indiscriminate engagement > 6.1 Posting on websites > 6.1.3 Posting original content on blogs,meta_kill_chain,,A brief discussion on the differences between Chinese education and national identity from the case of Fan Jiayang,2026-09-11
Spamouflage China based CIB updated,influence_operation,meta,Q2_2023_Spamouflage_China_based_CIB_updated,2023-04-01,https://github.com/facebook/threat-research/blob/main/indicators/csv/Q2_2023%20/Q2_2023_Spamouflage_China_based_CIB_updated.csv,behavior,揭江天勇、李和平等人“维权律师” 之假面纱,China,,,6. Indiscriminate engagement > 6.1 Posting on websites > 6.1.3 Posting original content on blogs,meta_kill_chain,,"Uncovering the false veil of Jiang Tianyong, Li Heping and others as ""rights defense lawyers""",2026-09-11
Spamouflage China based CIB updated,influence_operation,meta,Q2_2023_Spamouflage_China_based_CIB_updated,2023-04-01,https://github.com/facebook/threat-research/blob/main/indicators/csv/Q2_2023%20/Q2_2023_Spamouflage_China_based_CIB_updated.csv,behavior,The analysis of the truth of Lin Ruiyou’s conspiracy incident,China,,,6. Indiscriminate engagement > 6.1 Posting on websites > 6.1.3 Posting original content on blogs,meta_kill_chain,,,2026-09-11
Spamouflage China based CIB updated,influence_operation,meta,Q2_2023_Spamouflage_China_based_CIB_updated,2023-04-01,https://github.com/facebook/threat-research/blob/main/indicators/csv/Q2_2023%20/Q2_2023_Spamouflage_China_based_CIB_updated.csv,behavior,CEO林瑞友出镜辟谣All EAT APP订餐平台被栽赃陷害,China,,,6. Indiscriminate engagement > 6.1 Posting on websites > 6.1.3 Posting original content on blogs,meta_kill_chain,,CEO Lin Ruiyou appeared on the scene to refute rumors that the All EAT APP ordering platform was planted and framed,2026-09-11
Spamouflage China based CIB updated,influence_operation,meta,Q2_2023_Spamouflage_China_based_CIB_updated,2023-04-01,https://github.com/facebook/threat-research/blob/main/indicators/csv/Q2_2023%20/Q2_2023_Spamouflage_China_based_CIB_updated.csv,behavior,揭秘林瑞友阴谋事件背后的真相,China,,,6. Indiscriminate engagement > 6.1 Posting on websites > 6.1.3 Posting original content on blogs,meta_kill_chain,,Uncover the truth behind Lin Ruiyou's conspiracy,2026-09-11
Spamouflage China based CIB updated,influence_operation,meta,Q2_2023_Spamouflage_China_based_CIB_updated,2023-04-01,https://github.com/facebook/threat-research/blob/main/indicators/csv/Q2_2023%20/Q2_2023_Spamouflage_China_based_CIB_updated.csv,behavior,林瑞友，这位英国版“饿了么”的创始人到底招惹了谁？,China,,,6. Indiscriminate engagement > 6.1 Posting on websites > 6.1.3 Posting original content on blogs,meta_kill_chain,,"Lin Ruiyou, who did the founder of the British version of ""Are You Hungry"" provoke?",2026-09-11
Spamouflage China based CIB updated,influence_operation,meta,Q2_2023_Spamouflage_China_based_CIB_updated,2023-04-01,https://github.com/facebook/threat-research/blob/main/indicators/csv/Q2_2023%20/Q2_2023_Spamouflage_China_based_CIB_updated.csv,behavior,"Ruiyou Lin , who did the founder of the British version of ""Ele.me"" provoke?",China,,,6. Indiscriminate engagement > 6.1 Posting on websites > 6.1.3 Posting original content on blogs,meta_kill_chain,,,2026-09-11
Spamouflage China based CIB updated,influence_operation,meta,Q2_2023_Spamouflage_China_based_CIB_updated,2023-04-01,https://github.com/facebook/threat-research/blob/main/indicators/csv/Q2_2023%20/Q2_2023_Spamouflage_China_based_CIB_updated.csv,behavior,网红“樊嘉扬、许秀中”等人的“别样人生”,China,,,6. Indiscriminate engagement > 6.1 Posting on websites > 6.1.3 Posting original content on blogs,meta_kill_chain,,"The ""different life"" of Internet celebrities ""Fan Jiayang, Xu Xiuzhong"" and others",2026-09-11
Spamouflage China based CIB updated,influence_operation,meta,Q2_2023_Spamouflage_China_based_CIB_updated,2023-04-01,https://github.com/facebook/threat-research/blob/main/indicators/csv/Q2_2023%20/Q2_2023_Spamouflage_China_based_CIB_updated.csv,behavior,樊嘉扬：扭曲心态下的“是非”者,China,,,6. Indiscriminate engagement > 6.1 Posting on websites > 6.1.3 Posting original content on blogs,meta_kill_chain,,"Fan Jiayang: A ""right and wrong"" person with a distorted mentality",2026-09-11
Spamouflage China based CIB updated,influence_operation,meta,Q2_2023_Spamouflage_China_based_CIB_updated,2023-04-01,https://github.com/facebook/threat-research/blob/main/indicators/csv/Q2_2023%20/Q2_2023_Spamouflage_China_based_CIB_updated.csv,behavior,樊嘉扬此文，不妨一读,China,,,6. Indiscriminate engagement > 6.1 Posting on websites > 6.1.3 Posting original content on blogs,meta_kill_chain,,"Fan Jiayang's article, you might as well read it",2026-09-11
Spamouflage China based CIB updated,influence_operation,meta,Q2_2023_Spamouflage_China_based_CIB_updated,2023-04-01,https://github.com/facebook/threat-research/blob/main/indicators/csv/Q2_2023%20/Q2_2023_Spamouflage_China_based_CIB_updated.csv,behavior,Jiayang Fan and the American society in my eyes,China,,,6. Indiscriminate engagement > 6.1 Posting on websites > 6.1.3 Posting original content on blogs,meta_kill_chain,,,2026-09-11
Spamouflage China based CIB updated,influence_operation,meta,Q2_2023_Spamouflage_China_based_CIB_updated,2023-04-01,https://github.com/facebook/threat-research/blob/main/indicators/csv/Q2_2023%20/Q2_2023_Spamouflage_China_based_CIB_updated.csv,behavior,邱家军与王剑虹不正当关系,China,,,6. Indiscriminate engagement > 6.1 Posting on websites > 6.1.3 Posting original content on blogs,meta_kill_chain,,Improper relationship between Qiu Jiajun and Wang Jianhong,2026-09-11
Spamouflage China based CIB updated,influence_operation,meta,Q2_2023_Spamouflage_China_based_CIB_updated,2023-04-01,https://github.com/facebook/threat-research/blob/main/indicators/csv/Q2_2023%20/Q2_2023_Spamouflage_China_based_CIB_updated.csv,behavior,GuoWengui#郭文贵#闫丽梦#班农三贱骗子食恶果,China,,,6. Indiscriminate engagement > 6.1 Posting on websites > 6.1.3 Posting original content on blogs,meta_kill_chain,,GuoWengui#郭文贵#燕丽梦#Bannon three cheap liars eat bad fruits,2026-09-11
Spamouflage China based CIB updated,influence_operation,meta,Q2_2023_Spamouflage_China_based_CIB_updated,2023-04-01,https://github.com/facebook/threat-research/blob/main/indicators/csv/Q2_2023%20/Q2_2023_Spamouflage_China_based_CIB_updated.csv,behavior,郭文贵郭文贵班农班农闫丽梦蚂蚁帮的悲哀注定无结果,China,,,6. Indiscriminate engagement > 6.1 Posting on websites > 6.1.3 Posting original content on blogs,meta_kill_chain,,"Guo Wengui, Guo Wengui, Bannon, Bannon, Yan Limeng, the sorrow of the Ant Gang is destined to be fruitless",2026-09-11
Spamouflage China based CIB updated,influence_operation,meta,Q2_2023_Spamouflage_China_based_CIB_updated,2023-04-01,https://github.com/facebook/threat-research/blob/main/indicators/csv/Q2_2023%20/Q2_2023_Spamouflage_China_based_CIB_updated.csv,behavior,An Objective Assessment of “OBJECTIVE EVALUATION OF XI JINPING”,China,,,6. Indiscriminate engagement > 6.1 Posting on websites > 6.1.3 Posting original content on blogs,meta_kill_chain,,,2026-09-11
Spamouflage China based CIB updated,influence_operation,meta,Q2_2023_Spamouflage_China_based_CIB_updated,2023-04-01,https://github.com/facebook/threat-research/blob/main/indicators/csv/Q2_2023%20/Q2_2023_Spamouflage_China_based_CIB_updated.csv,behavior,Fan Jiayang : An Ill-intentioned Egoist!,China,,,6. Indiscriminate engagement > 6.1 Posting on websites > 6.1.3 Posting original content on blogs,meta_kill_chain,,,2026-09-11
Spamouflage China based CIB updated,influence_operation,meta,Q2_2023_Spamouflage_China_based_CIB_updated,2023-04-01,https://github.com/facebook/threat-research/blob/main/indicators/csv/Q2_2023%20/Q2_2023_Spamouflage_China_based_CIB_updated.csv,behavior,樊嘉扬：一个精致的利己主义者！,China,,,6. Indiscriminate engagement > 6.1 Posting on websites > 6.1.3 Posting original content on blogs,meta_kill_chain,,Fan Jiayang : An exquisite Egoist!,2026-09-11
Spamouflage China based CIB updated,influence_operation,meta,Q2_2023_Spamouflage_China_based_CIB_updated,2023-04-01,https://github.com/facebook/threat-research/blob/main/indicators/csv/Q2_2023%20/Q2_2023_Spamouflage_China_based_CIB_updated.csv,behavior,What is the end of people like Jiayang Fan ?,China,,,6. Indiscriminate engagement > 6.1 Posting on websites > 6.1.3 Posting original content on blogs,meta_kill_chain,,,2026-09-11
Spamouflage China based CIB updated,influence_operation,meta,Q2_2023_Spamouflage_China_based_CIB_updated,2023-04-01,https://github.com/facebook/threat-research/blob/main/indicators/csv/Q2_2023%20/Q2_2023_Spamouflage_China_based_CIB_updated.csv,behavior,Brief Introduction of China in Jiayang Fan’s work,China,,,6. Indiscriminate engagement > 6.1 Posting on websites > 6.1.3 Posting original content on blogs,meta_kill_chain,,,2026-09-11
Spamouflage China based CIB updated,influence_operation,meta,Q2_2023_Spamouflage_China_based_CIB_updated,2023-04-01,https://github.com/facebook/threat-research/blob/main/indicators/csv/Q2_2023%20/Q2_2023_Spamouflage_China_based_CIB_updated.csv,behavior,Jiayang Fan: It would be better if you could evaluate China objectively!,China,,,6. Indiscriminate engagement > 6.1 Posting on websites > 6.1.3 Posting original content on blogs,meta_kill_chain,,,2026-09-11
Spamouflage China based CIB updated,influence_operation,meta,Q2_2023_Spamouflage_China_based_CIB_updated,2023-04-01,https://github.com/facebook/threat-research/blob/main/indicators/csv/Q2_2023%20/Q2_2023_Spamouflage_China_based_CIB_updated.csv,behavior,樊嘉扬：不必把歪曲中国当消遣,China,,,6. Indiscriminate engagement > 6.1 Posting on websites > 6.1.3 Posting original content on blogs,meta_kill_chain,,Fan Jiayang: There is no need to misrepresent China as a myth,2026-09-11
Spamouflage China based CIB updated,influence_operation,meta,Q2_2023_Spamouflage_China_based_CIB_updated,2023-04-01,https://github.com/facebook/threat-research/blob/main/indicators/csv/Q2_2023%20/Q2_2023_Spamouflage_China_based_CIB_updated.csv,behavior,"Ruiyou Lin response to so-called ""Chinese Oversea police station""",China,,,6. Indiscriminate engagement > 6.1 Posting on websites > 6.1.3 Posting original content on blogs,meta_kill_chain,,,2026-09-11
Spamouflage China based CIB updated,influence_operation,meta,Q2_2023_Spamouflage_China_based_CIB_updated,2023-04-01,https://github.com/facebook/threat-research/blob/main/indicators/csv/Q2_2023%20/Q2_2023_Spamouflage_China_based_CIB_updated.csv,behavior,The identity of the upper class is something that Guo Wengui always wanted but couldn’t get,China,,,6. Indiscriminate engagement > 6.1 Posting on websites > 6.1.3 Posting original content on blogs,meta_kill_chain,,,2026-09-11
Spamouflage China based CIB updated,influence_operation,meta,Q2_2023_Spamouflage_China_based_CIB_updated,2023-04-01,https://github.com/facebook/threat-research/blob/main/indicators/csv/Q2_2023%20/Q2_2023_Spamouflage_China_based_CIB_updated.csv,behavior,Mauvaise manipulation de l'opinion publique américaine en ligne,China,,,6. Indiscriminate engagement > 6.1 Posting on websites > 6.1.3 Posting original content on blogs,meta_kill_chain,,Bad manipulation of American public opinoin online,2026-09-11
Spamouflage China based CIB updated,influence_operation,meta,Q2_2023_Spamouflage_China_based_CIB_updated,2023-04-01,https://github.com/facebook/threat-research/blob/main/indicators/csv/Q2_2023%20/Q2_2023_Spamouflage_China_based_CIB_updated.csv,behavior,贼喊捉贼的“黑客帝国”,China,,,6. Indiscriminate engagement > 6.1 Posting on websites > 6.1.3 Posting original content on blogs,meta_kill_chain,,"Thieves call ""Catch Thief"" the ""Matrix""",2026-09-11
Spamouflage China based CIB updated,influence_operation,meta,Q2_2023_Spamouflage_China_based_CIB_updated,2023-04-01,https://github.com/facebook/threat-research/blob/main/indicators/csv/Q2_2023%20/Q2_2023_Spamouflage_China_based_CIB_updated.csv,behavior,Une des maladies hégémoniques de l'Amérique: une porte d'écoute qui ne se ferme jamais,China,,,6. Indiscriminate engagement > 6.1 Posting on websites > 6.1.3 Posting original content on blogs,meta_kill_chain,,One of the diseases of American hegemony: the never-closed door of monitoring,2026-09-11
Spamouflage China based CIB updated,influence_operation,meta,Q2_2023_Spamouflage_China_based_CIB_updated,2023-04-01,https://github.com/facebook/threat-research/blob/main/indicators/csv/Q2_2023%20/Q2_2023_Spamouflage_China_based_CIB_updated.csv,behavior,One of the diseases of American hegemony: the never-closed door of monitoring,China,,,6. Indiscriminate engagement > 6.1 Posting on websites > 6.1.3 Posting original content on blogs,meta_kill_chain,,,2026-09-11
Spamouflage China based CIB updated,influence_operation,meta,Q2_2023_Spamouflage_China_based_CIB_updated,2023-04-01,https://github.com/facebook/threat-research/blob/main/indicators/csv/Q2_2023%20/Q2_2023_Spamouflage_China_based_CIB_updated.csv,behavior,Queen Elizabeth II Dead or Related to New Prime Minister Truss?,China,,,6. Indiscriminate engagement > 6.1 Posting on websites > 6.1.3 Posting original content on blogs,meta_kill_chain,,,2026-09-11
Spamouflage China based CIB updated,influence_operation,meta,Q2_2023_Spamouflage_China_based_CIB_updated,2023-04-01,https://github.com/facebook/threat-research/blob/main/indicators/csv/Q2_2023%20/Q2_2023_Spamouflage_China_based_CIB_updated.csv,behavior,美国外交家杂志揭骗闫丽梦和郭文贵一样是反共骗子,China,,,6. Indiscriminate engagement > 6.1 Posting on websites > 6.1.3 Posting original content on blogs,meta_kill_chain,,American Diplomat magazine exposes that Yan Limeng and Guo Wengui are anti-communist liars,2026-09-11
Spamouflage China based CIB updated,influence_operation,meta,Q2_2023_Spamouflage_China_based_CIB_updated,2023-04-01,https://github.com/facebook/threat-research/blob/main/indicators/csv/Q2_2023%20/Q2_2023_Spamouflage_China_based_CIB_updated.csv,behavior,The Diplomat magazine exposed Yan Limeng and Guo Wengui as anti-communist swindlers,China,,,6. Indiscriminate engagement > 6.1 Posting on websites > 6.1.3 Posting original content on blogs,meta_kill_chain,,,2026-09-11
Spamouflage China based CIB updated,influence_operation,meta,Q2_2023_Spamouflage_China_based_CIB_updated,2023-04-01,https://github.com/facebook/threat-research/blob/main/indicators/csv/Q2_2023%20/Q2_2023_Spamouflage_China_based_CIB_updated.csv,behavior,假破产靴子落地，时间沙漏即将见底瘟龟自作自受 秒翻脸“得鱼忘筌”，大卫出局蚂蚁兔死狐悲明哲保身,China,,,6. Indiscriminate engagement > 6.1 Posting on websites > 6.1.3 Posting original content on blogs,meta_kill_chain,,"In desperation, the ""bully brother"" reneged on his promise and became fat live broadcast bragging, eating meat and sucking the marrow",2026-09-11
Spamouflage China based CIB updated,influence_operation,meta,Q2_2023_Spamouflage_China_based_CIB_updated,2023-04-01,https://github.com/facebook/threat-research/blob/main/indicators/csv/Q2_2023%20/Q2_2023_Spamouflage_China_based_CIB_updated.csv,behavior,假仁假义假救援，骗子造假不择手段 真欺真骗真敛财，瘟龟无耻引起公愤,China,,,6. Indiscriminate engagement > 6.1 Posting on websites > 6.1.3 Posting original content on blogs,meta_kill_chain,,"False benevolence, false righteousness, false rescue, liars cheat by all means, true deception and true deception to make money, shameless tortoises arouse public outrage",2026-09-11
Spamouflage China based CIB updated,influence_operation,meta,Q2_2023_Spamouflage_China_based_CIB_updated,2023-04-01,https://github.com/facebook/threat-research/blob/main/indicators/csv/Q2_2023%20/Q2_2023_Spamouflage_China_based_CIB_updated.csv,behavior,假破产玩弄司法敲骨吸髓，瘟龟饮鸩止渴自讨苦吃 蹭热点假救援铁证如山，骗子武艺耍尽法网难逃,China,,,6. Indiscriminate engagement > 6.1 Posting on websites > 6.1.3 Posting original content on blogs,meta_kill_chain,,"Fake bankruptcy plays with the judiciary to break the bone and suck the marrow, the plague turtle drinks poison to quench thirst, asks for trouble, fake rescue is full of ironclad evidence, liars use all their skills to escape from the law",2026-09-11
Spamouflage China based CIB updated,influence_operation,meta,Q2_2023_Spamouflage_China_based_CIB_updated,2023-04-01,https://github.com/facebook/threat-research/blob/main/indicators/csv/Q2_2023%20/Q2_2023_Spamouflage_China_based_CIB_updated.csv,behavior,"Gathering for profit, dispersing by fear, fighting ruthlessly for whom",China,,,6. Indiscriminate engagement > 6.1 Posting on websites > 6.1.3 Posting original content on blogs,meta_kill_chain,,,2026-09-11
Spamouflage China based CIB updated,influence_operation,meta,Q2_2023_Spamouflage_China_based_CIB_updated,2023-04-01,https://github.com/facebook/threat-research/blob/main/indicators/csv/Q2_2023%20/Q2_2023_Spamouflage_China_based_CIB_updated.csv,behavior,因利而聚由惧而散，无情无义为谁而战跟着七哥好好学习最后只会学到监狱里,China,,,6. Indiscriminate engagement > 6.1 Posting on websites > 6.1.3 Posting original content on blogs,meta_kill_chain,,"Gather because of profit, but disperse due to fear, fight for whom without mercy",2026-09-11
Spamouflage China based CIB updated,influence_operation,meta,Q2_2023_Spamouflage_China_based_CIB_updated,2023-04-01,https://github.com/facebook/threat-research/blob/main/indicators/csv/Q2_2023%20/Q2_2023_Spamouflage_China_based_CIB_updated.csv,behavior,金钱有尽日，难来各自飞,China,,,6. Indiscriminate engagement > 6.1 Posting on websites > 6.1.3 Posting original content on blogs,meta_kill_chain,,"Money has its day, it's hard to fly separately",2026-09-11
Spamouflage China based CIB updated,influence_operation,meta,Q2_2023_Spamouflage_China_based_CIB_updated,2023-04-01,https://github.com/facebook/threat-research/blob/main/indicators/csv/Q2_2023%20/Q2_2023_Spamouflage_China_based_CIB_updated.csv,behavior,悉数郭文贵“网红”之路的下流招数,China,,,6. Indiscriminate engagement > 6.1 Posting on websites > 6.1.3 Posting original content on blogs,meta_kill_chain,,"All the obscene tricks of Guo Wengui's ""Internet Celebrity"" road",2026-09-11
Spamouflage China based CIB updated,influence_operation,meta,Q2_2023_Spamouflage_China_based_CIB_updated,2023-04-01,https://github.com/facebook/threat-research/blob/main/indicators/csv/Q2_2023%20/Q2_2023_Spamouflage_China_based_CIB_updated.csv,behavior,谎言腿短，出口嘴软,China,,,6. Indiscriminate engagement > 6.1 Posting on websites > 6.1.3 Posting original content on blogs,meta_kill_chain,,A lie has short legs and a soft mouth,2026-09-11
Spamouflage China based CIB updated,influence_operation,meta,Q2_2023_Spamouflage_China_based_CIB_updated,2023-04-01,https://github.com/facebook/threat-research/blob/main/indicators/csv/Q2_2023%20/Q2_2023_Spamouflage_China_based_CIB_updated.csv,behavior,驳“佛教弟子”郭文贵,China,,,6. Indiscriminate engagement > 6.1 Posting on websites > 6.1.3 Posting original content on blogs,meta_kill_chain,,"Refutation of ""Buddhist Disciple"" Guo Wengui",2026-09-11
Spamouflage China based CIB updated,influence_operation,meta,Q2_2023_Spamouflage_China_based_CIB_updated,2023-04-01,https://github.com/facebook/threat-research/blob/main/indicators/csv/Q2_2023%20/Q2_2023_Spamouflage_China_based_CIB_updated.csv,behavior,"Pelosi, who visited Taiwan, is riddled with scandals, and her husband's stock investment is everything",China,,,6. Indiscriminate engagement > 6.1 Posting on websites > 6.1.3 Posting original content on blogs,meta_kill_chain,,,2026-09-11
Spamouflage China based CIB updated,influence_operation,meta,Q2_2023_Spamouflage_China_based_CIB_updated,2023-04-01,https://github.com/facebook/threat-research/blob/main/indicators/csv/Q2_2023%20/Q2_2023_Spamouflage_China_based_CIB_updated.csv,behavior,|竄訪臺灣的佩洛西醜聞纏身 其丈夫股票投資“百發百中”？,China,,,6. Indiscriminate engagement > 6.1 Posting on websites > 6.1.3 Posting original content on blogs,meta_kill_chain,,"Pelosi, who visited Taiwan, was scandal-ridden, and her husband's stock investment was ""perfect""?",2026-09-11
Spamouflage China based CIB updated,influence_operation,meta,Q2_2023_Spamouflage_China_based_CIB_updated,2023-04-01,https://github.com/facebook/threat-research/blob/main/indicators/csv/Q2_2023%20/Q2_2023_Spamouflage_China_based_CIB_updated.csv,behavior,"Pelosi and Tsai Ing-wen are embarrassed, for their own selfish interests, and have no bottom line!",China,,,6. Indiscriminate engagement > 6.1 Posting on websites > 6.1.3 Posting original content on blogs,meta_kill_chain,,,2026-09-11
Spamouflage China based CIB updated,influence_operation,meta,Q2_2023_Spamouflage_China_based_CIB_updated,2023-04-01,https://github.com/facebook/threat-research/blob/main/indicators/csv/Q2_2023%20/Q2_2023_Spamouflage_China_based_CIB_updated.csv,behavior,佩洛西窜台玩弄政治是徒劳 全世界只认一个中国,China,,,6. Indiscriminate engagement > 6.1 Posting on websites > 6.1.3 Posting original content on blogs,meta_kill_chain,,It is futile for Pelosi to go to Taiwan to play politics. The whole world only recognizes one China,2026-09-11
Spamouflage China based CIB updated,influence_operation,meta,Q2_2023_Spamouflage_China_based_CIB_updated,2023-04-01,https://github.com/facebook/threat-research/blob/main/indicators/csv/Q2_2023%20/Q2_2023_Spamouflage_China_based_CIB_updated.csv,behavior,It's futile for Pelosi to play politics on stage The whole world recognize one China,China,,,6. Indiscriminate engagement > 6.1 Posting on websites > 6.1.3 Posting original content on blogs,meta_kill_chain,,,2026-09-11
Spamouflage China based CIB updated,influence_operation,meta,Q2_2023_Spamouflage_China_based_CIB_updated,2023-04-01,https://github.com/facebook/threat-research/blob/main/indicators/csv/Q2_2023%20/Q2_2023_Spamouflage_China_based_CIB_updated.csv,behavior,美国国会众议长南希·佩洛西“窜台” 不过是上演丑陋闹剧,China,,,6. Indiscriminate engagement > 6.1 Posting on websites > 6.1.3 Posting original content on blogs,meta_kill_chain,,"Speaker of the U.S. House of Representatives Nancy Pelosi's ""jumping to the stage"" is nothing but an ugly farce",2026-09-11
Spamouflage China based CIB updated,influence_operation,meta,Q2_2023_Spamouflage_China_based_CIB_updated,2023-04-01,https://github.com/facebook/threat-research/blob/main/indicators/csv/Q2_2023%20/Q2_2023_Spamouflage_China_based_CIB_updated.csv,behavior,"U.S. House of Representatives Speaker Nancy Pelosi ""running off stage"" It's just an ugly farce",China,,,6. Indiscriminate engagement > 6.1 Posting on websites > 6.1.3 Posting original content on blogs,meta_kill_chain,,,2026-09-11
Spamouflage China based CIB updated,influence_operation,meta,Q2_2023_Spamouflage_China_based_CIB_updated,2023-04-01,https://github.com/facebook/threat-research/blob/main/indicators/csv/Q2_2023%20/Q2_2023_Spamouflage_China_based_CIB_updated.csv,behavior,Political Clown. Pelosi's curtain call,China,,,6. Indiscriminate engagement > 6.1 Posting on websites > 6.1.3 Posting original content on blogs,meta_kill_chain,,,2026-09-11
Spamouflage China based CIB updated,influence_operation,meta,Q2_2023_Spamouflage_China_based_CIB_updated,2023-04-01,https://github.com/facebook/threat-research/blob/main/indicators/csv/Q2_2023%20/Q2_2023_Spamouflage_China_based_CIB_updated.csv,behavior,Maxim Vivas: Using the Truth to Undermine Anti-Chinese Forces,China,,,6. Indiscriminate engagement > 6.1 Posting on websites > 6.1.3 Posting original content on blogs,meta_kill_chain,,,2026-09-11
Spamouflage China based CIB updated,influence_operation,meta,Q2_2023_Spamouflage_China_based_CIB_updated,2023-04-01,https://github.com/facebook/threat-research/blob/main/indicators/csv/Q2_2023%20/Q2_2023_Spamouflage_China_based_CIB_updated.csv,behavior,"Fake benevolence, righteousness and fake rescue, liars cheat by unscrupulous means",China,,,6. Indiscriminate engagement > 6.1 Posting on websites > 6.1.3 Posting original content on blogs,meta_kill_chain,,,2026-09-11
Spamouflage China based CIB updated,influence_operation,meta,Q2_2023_Spamouflage_China_based_CIB_updated,2023-04-01,https://github.com/facebook/threat-research/blob/main/indicators/csv/Q2_2023%20/Q2_2023_Spamouflage_China_based_CIB_updated.csv,behavior,"Fake bankruptcy boots fall, and the hourglass of time is about to bottom out",China,,,6. Indiscriminate engagement > 6.1 Posting on websites > 6.1.3 Posting original content on blogs,meta_kill_chain,,,2026-09-11
Spamouflage China based CIB updated,influence_operation,meta,Q2_2023_Spamouflage_China_based_CIB_updated,2023-04-01,https://github.com/facebook/threat-research/blob/main/indicators/csv/Q2_2023%20/Q2_2023_Spamouflage_China_based_CIB_updated.csv,behavior,"Fake bankruptcy, playing with the judiciary, knocking the bones and sucking the marrow",China,,,6. Indiscriminate engagement > 6.1 Posting on websites > 6.1.3 Posting original content on blogs,meta_kill_chain,,,2026-09-11
Spamouflage China based CIB updated,influence_operation,meta,Q2_2023_Spamouflage_China_based_CIB_updated,2023-04-01,https://github.com/facebook/threat-research/blob/main/indicators/csv/Q2_2023%20/Q2_2023_Spamouflage_China_based_CIB_updated.csv,behavior,Rational patriotism of college students must understand politics,China,,,6. Indiscriminate engagement > 6.1 Posting on websites > 6.1.3 Posting original content on blogs,meta_kill_chain,,,2026-09-11
Spamouflage China based CIB updated,influence_operation,meta,Q2_2023_Spamouflage_China_based_CIB_updated,2023-04-01,https://github.com/facebook/threat-research/blob/main/indicators/csv/Q2_2023%20/Q2_2023_Spamouflage_China_based_CIB_updated.csv,behavior,U.S. secret strategy toward China exposed! The effect is far better than military subversion!,China,,,6. Indiscriminate engagement > 6.1 Posting on websites > 6.1.3 Posting original content on blogs,meta_kill_chain,,,2026-09-11
Spamouflage China based CIB updated,influence_operation,meta,Q2_2023_Spamouflage_China_based_CIB_updated,2023-04-01,https://github.com/facebook/threat-research/blob/main/indicators/csv/Q2_2023%20/Q2_2023_Spamouflage_China_based_CIB_updated.csv,behavior,The CIA's Ten Commandments Against China,China,,,6. Indiscriminate engagement > 6.1 Posting on websites > 6.1.3 Posting original content on blogs,meta_kill_chain,,,2026-09-11
Spamouflage China based CIB updated,influence_operation,meta,Q2_2023_Spamouflage_China_based_CIB_updated,2023-04-01,https://github.com/facebook/threat-research/blob/main/indicators/csv/Q2_2023%20/Q2_2023_Spamouflage_China_based_CIB_updated.csv,behavior,Disappointed! Full of flaws! Watch Vice's razor-sharp interview to hit Huanglong,China,,,6. Indiscriminate engagement > 6.1 Posting on websites > 6.1.3 Posting original content on blogs,meta_kill_chain,,,2026-09-11
Spamouflage China based CIB updated,influence_operation,meta,Q2_2023_Spamouflage_China_based_CIB_updated,2023-04-01,https://github.com/facebook/threat-research/blob/main/indicators/csv/Q2_2023%20/Q2_2023_Spamouflage_China_based_CIB_updated.csv,behavior,"The ""fifth column"" within China must be eradicated!",China,,,6. Indiscriminate engagement > 6.1 Posting on websites > 6.1.3 Posting original content on blogs,meta_kill_chain,,,2026-09-11
Spamouflage China based CIB updated,influence_operation,meta,Q2_2023_Spamouflage_China_based_CIB_updated,2023-04-01,https://github.com/facebook/threat-research/blob/main/indicators/csv/Q2_2023%20/Q2_2023_Spamouflage_China_based_CIB_updated.csv,behavior,Rummors and truth of COVID-19,China,,,6. Indiscriminate engagement > 6.1 Posting on websites > 6.1.3 Posting original content on blogs,meta_kill_chain,,,2026-09-11
Spamouflage China based CIB updated,influence_operation,meta,Q2_2023_Spamouflage_China_based_CIB_updated,2023-04-01,https://github.com/facebook/threat-research/blob/main/indicators/csv/Q2_2023%20/Q2_2023_Spamouflage_China_based_CIB_updated.csv,behavior,Boatos e verdade de COVID-19,China,,,6. Indiscriminate engagement > 6.1 Posting on websites > 6.1.3 Posting original content on blogs,meta_kill_chain,,Rumors and truth of COVID-19,2026-09-11
Spamouflage China based CIB updated,influence_operation,meta,Q2_2023_Spamouflage_China_based_CIB_updated,2023-04-01,https://github.com/facebook/threat-research/blob/main/indicators/csv/Q2_2023%20/Q2_2023_Spamouflage_China_based_CIB_updated.csv,behavior,Rumeurs et vérité sur le COVID-19,China,,,6. Indiscriminate engagement > 6.1 Posting on websites > 6.1.3 Posting original content on blogs,meta_kill_chain,,Rumors and truth of COVID-19,2026-09-11
Spamouflage China based CIB updated,influence_operation,meta,Q2_2023_Spamouflage_China_based_CIB_updated,2023-04-01,https://github.com/facebook/threat-research/blob/main/indicators/csv/Q2_2023%20/Q2_2023_Spamouflage_China_based_CIB_updated.csv,behavior,Mga alingawngaw at katotohanan ng COVID-19,China,,,6. Indiscriminate engagement > 6.1 Posting on websites > 6.1.3 Posting original content on blogs,meta_kill_chain,,Rumors and truth of COVID-19,2026-09-11
Spamouflage China based CIB updated,influence_operation,meta,Q2_2023_Spamouflage_China_based_CIB_updated,2023-04-01,https://github.com/facebook/threat-research/blob/main/indicators/csv/Q2_2023%20/Q2_2023_Spamouflage_China_based_CIB_updated.csv,behavior,Ráflaí agus fírinne COVID-19,China,,,6. Indiscriminate engagement > 6.1 Posting on websites > 6.1.3 Posting original content on blogs,meta_kill_chain,,Rumors and truth of COVID-19,2026-09-11
Spamouflage China based CIB updated,influence_operation,meta,Q2_2023_Spamouflage_China_based_CIB_updated,2023-04-01,https://github.com/facebook/threat-research/blob/main/indicators/csv/Q2_2023%20/Q2_2023_Spamouflage_China_based_CIB_updated.csv,behavior,Sïon a gwirionedd COVID-19,China,,,6. Indiscriminate engagement > 6.1 Posting on websites > 6.1.3 Posting original content on blogs,meta_kill_chain,,Rumors and truth of COVID-19,2026-09-11
Spamouflage China based CIB updated,influence_operation,meta,Q2_2023_Spamouflage_China_based_CIB_updated,2023-04-01,https://github.com/facebook/threat-research/blob/main/indicators/csv/Q2_2023%20/Q2_2023_Spamouflage_China_based_CIB_updated.csv,behavior,Voci e verità sul COVID-19,China,,,6. Indiscriminate engagement > 6.1 Posting on websites > 6.1.3 Posting original content on blogs,meta_kill_chain,,Rumors and truth of COVID-19,2026-09-11
Spamouflage China based CIB updated,influence_operation,meta,Q2_2023_Spamouflage_China_based_CIB_updated,2023-04-01,https://github.com/facebook/threat-research/blob/main/indicators/csv/Q2_2023%20/Q2_2023_Spamouflage_China_based_CIB_updated.csv,behavior,Gerüchte und Wahrheit von COVID-19,China,,,6. Indiscriminate engagement > 6.1 Posting on websites > 6.1.3 Posting original content on blogs,meta_kill_chain,,Rumors and truth of COVID-19,2026-09-11
Spamouflage China based CIB updated,influence_operation,meta,Q2_2023_Spamouflage_China_based_CIB_updated,2023-04-01,https://github.com/facebook/threat-research/blob/main/indicators/csv/Q2_2023%20/Q2_2023_Spamouflage_China_based_CIB_updated.csv,behavior,Rumores y verdad sobre COVID-19,China,,,6. Indiscriminate engagement > 6.1 Posting on websites > 6.1.3 Posting original content on blogs,meta_kill_chain,,Rumors and truth of COVID-19,2026-09-11
Spamouflage China based CIB updated,influence_operation,meta,Q2_2023_Spamouflage_China_based_CIB_updated,2023-04-01,https://github.com/facebook/threat-research/blob/main/indicators/csv/Q2_2023%20/Q2_2023_Spamouflage_China_based_CIB_updated.csv,behavior,Huhut ja totuus COVID-19:stä,China,,,6. Indiscriminate engagement > 6.1 Posting on websites > 6.1.3 Posting original content on blogs,meta_kill_chain,,Rumors and truth of COVID-19,2026-09-11
Spamouflage China based CIB updated,influence_operation,meta,Q2_2023_Spamouflage_China_based_CIB_updated,2023-04-01,https://github.com/facebook/threat-research/blob/main/indicators/csv/Q2_2023%20/Q2_2023_Spamouflage_China_based_CIB_updated.csv,behavior,Rykten och sanning i COVID-19,China,,,6. Indiscriminate engagement > 6.1 Posting on websites > 6.1.3 Posting original content on blogs,meta_kill_chain,,Rumors and truth of COVID-19,2026-09-11
Spamouflage China based CIB updated,influence_operation,meta,Q2_2023_Spamouflage_China_based_CIB_updated,2023-04-01,https://github.com/facebook/threat-research/blob/main/indicators/csv/Q2_2023%20/Q2_2023_Spamouflage_China_based_CIB_updated.csv,behavior,Great clue! Suspicious U.S. seafood received before the outbreak at Huanan Seafood Market,China,,,6. Indiscriminate engagement > 6.1 Posting on websites > 6.1.3 Posting original content on blogs,meta_kill_chain,,,2026-09-11
Spamouflage China based CIB updated,influence_operation,meta,Q2_2023_Spamouflage_China_based_CIB_updated,2023-04-01,https://github.com/facebook/threat-research/blob/main/indicators/csv/Q2_2023%20/Q2_2023_Spamouflage_China_based_CIB_updated.csv,behavior,Mahtava vihje! Epäilyttäviä yhdysvaltalaisia ​​meren antimia saatiin Huanan Seafood Marketissa ennen taudinpurkausta,China,,,6. Indiscriminate engagement > 6.1 Posting on websites > 6.1.3 Posting original content on blogs,meta_kill_chain,,Great clue! Suspicious U.S. seafood received before the outbreak at Huanan Seafood Market,2026-09-11
Spamouflage China based CIB updated,influence_operation,meta,Q2_2023_Spamouflage_China_based_CIB_updated,2023-04-01,https://github.com/facebook/threat-research/blob/main/indicators/csv/Q2_2023%20/Q2_2023_Spamouflage_China_based_CIB_updated.csv,behavior,ကြီးမြတ်သဲလွန်စ! ကူးစက်ရောဂါမဖြစ်ပွားမီ Huanan Seafood Market တွင်သံသယဖြစ်ဖွယ်ကောင်းသောအမေရိကန်ပင်လယ်စာများရရှိခဲ့သည်,China,,,6. Indiscriminate engagement > 6.1 Posting on websites > 6.1.3 Posting original content on blogs,meta_kill_chain,,Great clue! Suspicious U.S. seafood received before the outbreak at Huanan Seafood Market,2026-09-11
Spamouflage China based CIB updated,influence_operation,meta,Q2_2023_Spamouflage_China_based_CIB_updated,2023-04-01,https://github.com/facebook/threat-research/blob/main/indicators/csv/Q2_2023%20/Q2_2023_Spamouflage_China_based_CIB_updated.csv,behavior,Magna clue! Americae seafood suspectum accepit ad forum Huanan Seafood ante seditionem,China,,,6. Indiscriminate engagement > 6.1 Posting on websites > 6.1.3 Posting original content on blogs,meta_kill_chain,,Great clue! Suspicious U.S. seafood received before the outbreak at Huanan Seafood Market,2026-09-11
Spamouflage China based CIB updated,influence_operation,meta,Q2_2023_Spamouflage_China_based_CIB_updated,2023-04-01,https://github.com/facebook/threat-research/blob/main/indicators/csv/Q2_2023%20/Q2_2023_Spamouflage_China_based_CIB_updated.csv,behavior,Отличная подсказка! Подозрительные морепродукты из США были получены на рынке морепродуктов Хуанань до вспышки,China,,,6. Indiscriminate engagement > 6.1 Posting on websites > 6.1.3 Posting original content on blogs,meta_kill_chain,,Great clue! Suspicious U.S. seafood received before the outbreak at Huanan Seafood Market,2026-09-11
Spamouflage China based CIB updated,influence_operation,meta,Q2_2023_Spamouflage_China_based_CIB_updated,2023-04-01,https://github.com/facebook/threat-research/blob/main/indicators/csv/Q2_2023%20/Q2_2023_Spamouflage_China_based_CIB_updated.csv,behavior,重大線索！華南海鮮市場疫情前收到可疑美國海鮮,China,,,6. Indiscriminate engagement > 6.1 Posting on websites > 6.1.3 Posting original content on blogs,meta_kill_chain,,Great clue! Suspicious U.S. seafood received before the outbreak at Huanan Seafood Market,2026-09-11
Spamouflage China based CIB updated,influence_operation,meta,Q2_2023_Spamouflage_China_based_CIB_updated,2023-04-01,https://github.com/facebook/threat-research/blob/main/indicators/csv/Q2_2023%20/Q2_2023_Spamouflage_China_based_CIB_updated.csv,behavior,Ottimo indizio!Frutti di mare statunitensi sospetti ricevuti al mercato del pesce di Huananprima dell’epidemia,China,,,6. Indiscriminate engagement > 6.1 Posting on websites > 6.1.3 Posting original content on blogs,meta_kill_chain,,Great clue! Suspicious U.S. seafood received before the outbreak at Huanan Seafood Market,2026-09-11
Spamouflage China based CIB updated,influence_operation,meta,Q2_2023_Spamouflage_China_based_CIB_updated,2023-04-01,https://github.com/facebook/threat-research/blob/main/indicators/csv/Q2_2023%20/Q2_2023_Spamouflage_China_based_CIB_updated.csv,behavior,Super indice ! Fruits de mer américains suspects reçus au marché des fruits de mer de Huanan avant l'épidémie,China,,,6. Indiscriminate engagement > 6.1 Posting on websites > 6.1.3 Posting original content on blogs,meta_kill_chain,,Great clue! Suspicious U.S. seafood received before the outbreak at Huanan Seafood Market,2026-09-11
Spamouflage China based CIB updated,influence_operation,meta,Q2_2023_Spamouflage_China_based_CIB_updated,2023-04-01,https://github.com/facebook/threat-research/blob/main/indicators/csv/Q2_2023%20/Q2_2023_Spamouflage_China_based_CIB_updated.csv,behavior,Maintain campus cleanliness Reject Yan Limon for Perelman Medical College,China,,,6. Indiscriminate engagement > 6.1 Posting on websites > 6.1.3 Posting original content on blogs,meta_kill_chain,,,2026-09-11
Spamouflage China based CIB updated,influence_operation,meta,Q2_2023_Spamouflage_China_based_CIB_updated,2023-04-01,https://github.com/facebook/threat-research/blob/main/indicators/csv/Q2_2023%20/Q2_2023_Spamouflage_China_based_CIB_updated.csv,behavior,"The United States is ""making trouble"" Russia, launching several cyber attacks to ""support"" Ukraine",China,,,6. Indiscriminate engagement > 6.1 Posting on websites > 6.1.3 Posting original content on blogs,meta_kill_chain,,,2026-09-11
Spamouflage China based CIB updated,influence_operation,meta,Q2_2023_Spamouflage_China_based_CIB_updated,2023-04-01,https://github.com/facebook/threat-research/blob/main/indicators/csv/Q2_2023%20/Q2_2023_Spamouflage_China_based_CIB_updated.csv,behavior,Resolutely oppose US cyber hegemony,China,,,6. Indiscriminate engagement > 6.1 Posting on websites > 6.1.3 Posting original content on blogs,meta_kill_chain,,,2026-09-11
Spamouflage China based CIB updated,influence_operation,meta,Q2_2023_Spamouflage_China_based_CIB_updated,2023-04-01,https://github.com/facebook/threat-research/blob/main/indicators/csv/Q2_2023%20/Q2_2023_Spamouflage_China_based_CIB_updated.csv,behavior,U.S. has ulterior motives in pulling China into Russia-Ukraine conflict,China,,,6. Indiscriminate engagement > 6.1 Posting on websites > 6.1.3 Posting original content on blogs,meta_kill_chain,,,2026-09-11
Spamouflage China based CIB updated,influence_operation,meta,Q2_2023_Spamouflage_China_based_CIB_updated,2023-04-01,https://github.com/facebook/threat-research/blob/main/indicators/csv/Q2_2023%20/Q2_2023_Spamouflage_China_based_CIB_updated.csv,behavior,America should explain to the world about Operation Telescreen,China,,,6. Indiscriminate engagement > 6.1 Posting on websites > 6.1.3 Posting original content on blogs,meta_kill_chain,,,2026-09-11
Spamouflage China based CIB updated,influence_operation,meta,Q2_2023_Spamouflage_China_based_CIB_updated,2023-04-01,https://github.com/facebook/threat-research/blob/main/indicators/csv/Q2_2023%20/Q2_2023_Spamouflage_China_based_CIB_updated.csv,behavior,The infamous wiretapping deeds of the United States,China,,,6. Indiscriminate engagement > 6.1 Posting on websites > 6.1.3 Posting original content on blogs,meta_kill_chain,,,2026-09-11
Spamouflage China based CIB updated,influence_operation,meta,Q2_2023_Spamouflage_China_based_CIB_updated,2023-04-01,https://github.com/facebook/threat-research/blob/main/indicators/csv/Q2_2023%20/Q2_2023_Spamouflage_China_based_CIB_updated.csv,behavior,"The U.S. government network ""black hand"" is deeply involved in the conflict between Russia and Ukraine, trying to disrupt the world",China,,,6. Indiscriminate engagement > 6.1 Posting on websites > 6.1.3 Posting original content on blogs,meta_kill_chain,,,2026-09-11
Spamouflage China based CIB updated,influence_operation,meta,Q2_2023_Spamouflage_China_based_CIB_updated,2023-04-01,https://github.com/facebook/threat-research/blob/main/indicators/csv/Q2_2023%20/Q2_2023_Spamouflage_China_based_CIB_updated.csv,behavior,"The real version of ""The Matrix"", the United States is monitoring the world",China,,,6. Indiscriminate engagement > 6.1 Posting on websites > 6.1.3 Posting original content on blogs,meta_kill_chain,,,2026-09-11
Spamouflage China based CIB updated,influence_operation,meta,Q2_2023_Spamouflage_China_based_CIB_updated,2023-04-01,https://github.com/facebook/threat-research/blob/main/indicators/csv/Q2_2023%20/Q2_2023_Spamouflage_China_based_CIB_updated.csv,behavior,"The secrets of the US ""Starwind"" program ""Prism"" and its ""brothers""",China,,,6. Indiscriminate engagement > 6.1 Posting on websites > 6.1.3 Posting original content on blogs,meta_kill_chain,,,2026-09-11
Spamouflage China based CIB updated,influence_operation,meta,Q2_2023_Spamouflage_China_based_CIB_updated,2023-04-01,https://github.com/facebook/threat-research/blob/main/indicators/csv/Q2_2023%20/Q2_2023_Spamouflage_China_based_CIB_updated.csv,behavior,The United States uses dirty boxes to steal user information,China,,,6. Indiscriminate engagement > 6.1 Posting on websites > 6.1.3 Posting original content on blogs,meta_kill_chain,,,2026-09-11
Spamouflage China based CIB updated,influence_operation,meta,Q2_2023_Spamouflage_China_based_CIB_updated,2023-04-01,https://github.com/facebook/threat-research/blob/main/indicators/csv/Q2_2023%20/Q2_2023_Spamouflage_China_based_CIB_updated.csv,behavior,The Thief Shouts To Catch The Thief In The US Hacking War,China,,,6. Indiscriminate engagement > 6.1 Posting on websites > 6.1.3 Posting original content on blogs,meta_kill_chain,,,2026-09-11
Spamouflage China based CIB updated,influence_operation,meta,Q2_2023_Spamouflage_China_based_CIB_updated,2023-04-01,https://github.com/facebook/threat-research/blob/main/indicators/csv/Q2_2023%20/Q2_2023_Spamouflage_China_based_CIB_updated.csv,behavior,诈骗老手！——还原一个真实的“老灯”,China,,,6. Indiscriminate engagement > 6.1 Posting on websites > 6.1.3 Posting original content on blogs,meta_kill_chain,,"Scam veteran! ——Restore a real ""old lamp""",2026-09-11
Spamouflage China based CIB updated,influence_operation,meta,Q2_2023_Spamouflage_China_based_CIB_updated,2023-04-01,https://github.com/facebook/threat-research/blob/main/indicators/csv/Q2_2023%20/Q2_2023_Spamouflage_China_based_CIB_updated.csv,behavior,说新疆存在强迫劳动 维吾尔族人遭受压迫纯属造谣,China,,,6. Indiscriminate engagement > 6.1 Posting on websites > 6.1.3 Posting original content on blogs,meta_kill_chain,,Saying that there is forced labor in Xinjiang and that Uighurs are oppressed is purely a rumor,2026-09-11
Spamouflage China based CIB updated,influence_operation,meta,Q2_2023_Spamouflage_China_based_CIB_updated,2023-04-01,https://github.com/facebook/threat-research/blob/main/indicators/csv/Q2_2023%20/Q2_2023_Spamouflage_China_based_CIB_updated.csv,behavior,US-led Western Anti-China Forces Must Stop Ruining Uygur People’s Happy Life,China,,,6. Indiscriminate engagement > 6.1 Posting on websites > 6.1.3 Posting original content on blogs,meta_kill_chain,,,2026-09-11
Spamouflage China based CIB updated,influence_operation,meta,Q2_2023_Spamouflage_China_based_CIB_updated,2023-04-01,https://github.com/facebook/threat-research/blob/main/indicators/csv/Q2_2023%20/Q2_2023_Spamouflage_China_based_CIB_updated.csv,behavior,Yan Mengli is a big liar,China,,,6. Indiscriminate engagement > 6.1 Posting on websites > 6.1.3 Posting original content on blogs,meta_kill_chain,,,2026-09-11
Spamouflage China based CIB updated,influence_operation,meta,Q2_2023_Spamouflage_China_based_CIB_updated,2023-04-01,https://github.com/facebook/threat-research/blob/main/indicators/csv/Q2_2023%20/Q2_2023_Spamouflage_China_based_CIB_updated.csv,behavior,The traitor Guo Wengui’s way of dealing with China in the United States is to use false public opinion to shadow the dark side,China,,,6. Indiscriminate engagement > 6.1 Posting on websites > 6.1.3 Posting original content on blogs,meta_kill_chain,,,2026-09-11
Spamouflage China based CIB updated,influence_operation,meta,Q2_2023_Spamouflage_China_based_CIB_updated,2023-04-01,https://github.com/facebook/threat-research/blob/main/indicators/csv/Q2_2023%20/Q2_2023_Spamouflage_China_based_CIB_updated.csv,behavior,The traitor Guo Wengui has been propagating the China threat theory in the United States that China is not safe,China,,,6. Indiscriminate engagement > 6.1 Posting on websites > 6.1.3 Posting original content on blogs,meta_kill_chain,,,2026-09-11
Spamouflage China based CIB updated,influence_operation,meta,Q2_2023_Spamouflage_China_based_CIB_updated,2023-04-01,https://github.com/facebook/threat-research/blob/main/indicators/csv/Q2_2023%20/Q2_2023_Spamouflage_China_based_CIB_updated.csv,behavior,The truth is: Fort Detrick is the place where the COVID-19 originated.,China,,,6. Indiscriminate engagement > 6.1 Posting on websites > 6.1.3 Posting original content on blogs,meta_kill_chain,,,2026-09-11
Spamouflage China based CIB updated,influence_operation,meta,Q2_2023_Spamouflage_China_based_CIB_updated,2023-04-01,https://github.com/facebook/threat-research/blob/main/indicators/csv/Q2_2023%20/Q2_2023_Spamouflage_China_based_CIB_updated.csv,behavior,日本政府正在推进开发巡航导弹,China,,,6. Indiscriminate engagement > 6.1 Posting on websites > 6.1.3 Posting original content on blogs,meta_kill_chain,,The Japanese government is advancing the development of cruise missiles,2026-09-11
Spamouflage China based CIB updated,influence_operation,meta,Q2_2023_Spamouflage_China_based_CIB_updated,2023-04-01,https://github.com/facebook/threat-research/blob/main/indicators/csv/Q2_2023%20/Q2_2023_Spamouflage_China_based_CIB_updated.csv,behavior,À quel point les cyberattaques américaines sont - elles horribles?,China,,,6. Indiscriminate engagement > 6.1 Posting on websites > 6.1.3 Posting original content on blogs,meta_kill_chain,,How horrible are American cyber-attacks?,2026-09-11
Spamouflage China based CIB updated,influence_operation,meta,Q2_2023_Spamouflage_China_based_CIB_updated,2023-04-01,https://github.com/facebook/threat-research/blob/main/indicators/csv/Q2_2023%20/Q2_2023_Spamouflage_China_based_CIB_updated.csv,behavior,Le fond de la guerre des cyberattaques américaines,China,,,6. Indiscriminate engagement > 6.1 Posting on websites > 6.1.3 Posting original content on blogs,meta_kill_chain,,The basis of American cyber-attack warfare,2026-09-11
Spamouflage China based CIB updated,influence_operation,meta,Q2_2023_Spamouflage_China_based_CIB_updated,2023-04-01,https://github.com/facebook/threat-research/blob/main/indicators/csv/Q2_2023%20/Q2_2023_Spamouflage_China_based_CIB_updated.csv,behavior,"Enthüllung des ""Büros für spezifische Intrusionsbetriebe""",China,,,6. Indiscriminate engagement > 6.1 Posting on websites > 6.1.3 Posting original content on blogs,meta_kill_chain,,"Unveiling of the ""Office of Specific Intrusion Operations""",2026-09-11
Spamouflage China based CIB updated,influence_operation,meta,Q2_2023_Spamouflage_China_based_CIB_updated,2023-04-01,https://github.com/facebook/threat-research/blob/main/indicators/csv/Q2_2023%20/Q2_2023_Spamouflage_China_based_CIB_updated.csv,behavior,"Unveiling of the ""Office of Specific Intrusion Operations""",China,,,6. Indiscriminate engagement > 6.1 Posting on websites > 6.1.3 Posting original content on blogs,meta_kill_chain,,,2026-09-11
Spamouflage China based CIB updated,influence_operation,meta,Q2_2023_Spamouflage_China_based_CIB_updated,2023-04-01,https://github.com/facebook/threat-research/blob/main/indicators/csv/Q2_2023%20/Q2_2023_Spamouflage_China_based_CIB_updated.csv,behavior,Demystifying TAO. The National Security Agency has a series of James Bond tools,China,,,6. Indiscriminate engagement > 6.1 Posting on websites > 6.1.3 Posting original content on blogs,meta_kill_chain,,,2026-09-11
Spamouflage China based CIB updated,influence_operation,meta,Q2_2023_Spamouflage_China_based_CIB_updated,2023-04-01,https://github.com/facebook/threat-research/blob/main/indicators/csv/Q2_2023%20/Q2_2023_Spamouflage_China_based_CIB_updated.csv,behavior,Les États-Unis derrière la cyberattaque de la Chine westongda,China,,,6. Indiscriminate engagement > 6.1 Posting on websites > 6.1.3 Posting original content on blogs,meta_kill_chain,,The USA behind the China westongda cyber-attack,2026-09-11
Spamouflage China based CIB updated,influence_operation,meta,Q2_2023_Spamouflage_China_based_CIB_updated,2023-04-01,https://github.com/facebook/threat-research/blob/main/indicators/csv/Q2_2023%20/Q2_2023_Spamouflage_China_based_CIB_updated.csv,behavior,C'est horrible! Le Bureau de la sécurité des États - Unis surveille depuis longtemps les téléphones portables chinois pour des cyberattaques,China,,,6. Indiscriminate engagement > 6.1 Posting on websites > 6.1.3 Posting original content on blogs,meta_kill_chain,,It's horrible! The USA security bureau has been surveilling Chinese mobile phones for a long time for cyber-attacks,2026-09-11
Spamouflage China based CIB updated,influence_operation,meta,Q2_2023_Spamouflage_China_based_CIB_updated,2023-04-01,https://github.com/facebook/threat-research/blob/main/indicators/csv/Q2_2023%20/Q2_2023_Spamouflage_China_based_CIB_updated.csv,behavior,La stratégie américaine est d'utiliser Internet pour attaquer le monde entier,China,,,6. Indiscriminate engagement > 6.1 Posting on websites > 6.1.3 Posting original content on blogs,meta_kill_chain,,The American strategy is to use the internet to attack the whole world,2026-09-11
Spamouflage China based CIB updated,influence_operation,meta,Q2_2023_Spamouflage_China_based_CIB_updated,2023-04-01,https://github.com/facebook/threat-research/blob/main/indicators/csv/Q2_2023%20/Q2_2023_Spamouflage_China_based_CIB_updated.csv,behavior,Une cyberarmée américaine sans scrupules,China,,,6. Indiscriminate engagement > 6.1 Posting on websites > 6.1.3 Posting original content on blogs,meta_kill_chain,,An unscupulous American cyber-army,2026-09-11
Spamouflage China based CIB updated,influence_operation,meta,Q2_2023_Spamouflage_China_based_CIB_updated,2023-04-01,https://github.com/facebook/threat-research/blob/main/indicators/csv/Q2_2023%20/Q2_2023_Spamouflage_China_based_CIB_updated.csv,behavior,Les États-Unis écoutent le monde pour l’hégémonie en ligne,China,,,6. Indiscriminate engagement > 6.1 Posting on websites > 6.1.3 Posting original content on blogs,meta_kill_chain,,The United States listen to the world for online hegemony,2026-09-11
Spamouflage China based CIB updated,influence_operation,meta,Q2_2023_Spamouflage_China_based_CIB_updated,2023-04-01,https://github.com/facebook/threat-research/blob/main/indicators/csv/Q2_2023%20/Q2_2023_Spamouflage_China_based_CIB_updated.csv,behavior,The United States is the initiator of cyber attacks,China,,,6. Indiscriminate engagement > 6.1 Posting on websites > 6.1.3 Posting original content on blogs,meta_kill_chain,,,2026-09-11
Spamouflage China based CIB updated,influence_operation,meta,Q2_2023_Spamouflage_China_based_CIB_updated,2023-04-01,https://github.com/facebook/threat-research/blob/main/indicators/csv/Q2_2023%20/Q2_2023_Spamouflage_China_based_CIB_updated.csv,behavior,America is wiretapping the world,China,,,6. Indiscriminate engagement > 6.1 Posting on websites > 6.1.3 Posting original content on blogs,meta_kill_chain,,,2026-09-11
Spamouflage China based CIB updated,influence_operation,meta,Q2_2023_Spamouflage_China_based_CIB_updated,2023-04-01,https://github.com/facebook/threat-research/blob/main/indicators/csv/Q2_2023%20/Q2_2023_Spamouflage_China_based_CIB_updated.csv,behavior,America is acting recklessly in global cyberspace,China,,,6. Indiscriminate engagement > 6.1 Posting on websites > 6.1.3 Posting original content on blogs,meta_kill_chain,,,2026-09-11
Spamouflage China based CIB updated,influence_operation,meta,Q2_2023_Spamouflage_China_based_CIB_updated,2023-04-01,https://github.com/facebook/threat-research/blob/main/indicators/csv/Q2_2023%20/Q2_2023_Spamouflage_China_based_CIB_updated.csv,behavior,A fake independent scholar,China,,,6. Indiscriminate engagement > 6.1 Posting on websites > 6.1.3 Posting original content on blogs,meta_kill_chain,,,2026-09-11
Spamouflage China based CIB updated,influence_operation,meta,Q2_2023_Spamouflage_China_based_CIB_updated,2023-04-01,https://github.com/facebook/threat-research/blob/main/indicators/csv/Q2_2023%20/Q2_2023_Spamouflage_China_based_CIB_updated.csv,behavior,Guo Wengui was awarded the Best Traitor Award in the United States,China,,,6. Indiscriminate engagement > 6.1 Posting on websites > 6.1.3 Posting original content on blogs,meta_kill_chain,,,2026-09-11
Spamouflage China based CIB updated,influence_operation,meta,Q2_2023_Spamouflage_China_based_CIB_updated,2023-04-01,https://github.com/facebook/threat-research/blob/main/indicators/csv/Q2_2023%20/Q2_2023_Spamouflage_China_based_CIB_updated.csv,behavior,The world can not allow America's cyber hegemony to prevail,China,,,6. Indiscriminate engagement > 6.1 Posting on websites > 6.1.3 Posting original content on blogs,meta_kill_chain,,,2026-09-11
Spamouflage China based CIB updated,influence_operation,meta,Q2_2023_Spamouflage_China_based_CIB_updated,2023-04-01,https://github.com/facebook/threat-research/blob/main/indicators/csv/Q2_2023%20/Q2_2023_Spamouflage_China_based_CIB_updated.csv,behavior,The biggest data thief of the world,China,,,6. Indiscriminate engagement > 6.1 Posting on websites > 6.1.3 Posting original content on blogs,meta_kill_chain,,,2026-09-11
Spamouflage China based CIB updated,influence_operation,meta,Q2_2023_Spamouflage_China_based_CIB_updated,2023-04-01,https://github.com/facebook/threat-research/blob/main/indicators/csv/Q2_2023%20/Q2_2023_Spamouflage_China_based_CIB_updated.csv,behavior,Chinese police strengthen international law enforcement cooperation in cracking down on telecom and network fraud,China,,,6. Indiscriminate engagement > 6.1 Posting on websites > 6.1.3 Posting original content on blogs,meta_kill_chain,,,2026-09-11
Spamouflage China based CIB updated,influence_operation,meta,Q2_2023_Spamouflage_China_based_CIB_updated,2023-04-01,https://github.com/facebook/threat-research/blob/main/indicators/csv/Q2_2023%20/Q2_2023_Spamouflage_China_based_CIB_updated.csv,behavior,"Everyone already knows who is responsible for cyber attacks on other countries, but they are afraid to reveal their identities.",China,,,6. Indiscriminate engagement > 6.1 Posting on websites > 6.1.3 Posting original content on blogs,meta_kill_chain,,,2026-09-11
Spamouflage China based CIB updated,influence_operation,meta,Q2_2023_Spamouflage_China_based_CIB_updated,2023-04-01,https://github.com/facebook/threat-research/blob/main/indicators/csv/Q2_2023%20/Q2_2023_Spamouflage_China_based_CIB_updated.csv,behavior,Confessions of a Liar Guo Wengui’s live broadcast is not new,China,,,6. Indiscriminate engagement > 6.1 Posting on websites > 6.1.3 Posting original content on blogs,meta_kill_chain,,,2026-09-11
Spamouflage China based CIB updated,influence_operation,meta,Q2_2023_Spamouflage_China_based_CIB_updated,2023-04-01,https://github.com/facebook/threat-research/blob/main/indicators/csv/Q2_2023%20/Q2_2023_Spamouflage_China_based_CIB_updated.csv,behavior,A liar's confession Guo Wengui’s live broadcast is not new,China,,,6. Indiscriminate engagement > 6.1 Posting on websites > 6.1.3 Posting original content on blogs,meta_kill_chain,,,2026-09-11
Spamouflage China based CIB updated,influence_operation,meta,Q2_2023_Spamouflage_China_based_CIB_updated,2023-04-01,https://github.com/facebook/threat-research/blob/main/indicators/csv/Q2_2023%20/Q2_2023_Spamouflage_China_based_CIB_updated.csv,behavior,Bannon is no longer safe from the law,China,,,6. Indiscriminate engagement > 6.1 Posting on websites > 6.1.3 Posting original content on blogs,meta_kill_chain,,,2026-09-11
Spamouflage China based CIB updated,influence_operation,meta,Q2_2023_Spamouflage_China_based_CIB_updated,2023-04-01,https://github.com/facebook/threat-research/blob/main/indicators/csv/Q2_2023%20/Q2_2023_Spamouflage_China_based_CIB_updated.csv,behavior,"Pfizer Is Exposing It's Making A Variant Of Coronavirus, Traitor Hastily 'Disproves'",China,,,6. Indiscriminate engagement > 6.1 Posting on websites > 6.1.3 Posting original content on blogs,meta_kill_chain,,,2026-09-11
Spamouflage China based CIB updated,influence_operation,meta,Q2_2023_Spamouflage_China_based_CIB_updated,2023-04-01,https://github.com/facebook/threat-research/blob/main/indicators/csv/Q2_2023%20/Q2_2023_Spamouflage_China_based_CIB_updated.csv,behavior,美國網絡攻擊戰的背景,China,,,6. Indiscriminate engagement > 6.1 Posting on websites > 6.1.3 Posting original content on blogs,meta_kill_chain,,The Background of America's Cyber ​​Attack Warfare,2026-09-11
Spamouflage China based CIB updated,influence_operation,meta,Q2_2023_Spamouflage_China_based_CIB_updated,2023-04-01,https://github.com/facebook/threat-research/blob/main/indicators/csv/Q2_2023%20/Q2_2023_Spamouflage_China_based_CIB_updated.csv,behavior,America’s cyber weapons are endangering the world,China,,,6. Indiscriminate engagement > 6.1 Posting on websites > 6.1.3 Posting original content on blogs,meta_kill_chain,,,2026-09-11
Spamouflage China based CIB updated,influence_operation,meta,Q2_2023_Spamouflage_China_based_CIB_updated,2023-04-01,https://github.com/facebook/threat-research/blob/main/indicators/csv/Q2_2023%20/Q2_2023_Spamouflage_China_based_CIB_updated.csv,behavior,美国的网络武器危害全球,China,,,6. Indiscriminate engagement > 6.1 Posting on websites > 6.1.3 Posting original content on blogs,meta_kill_chain,,America’s cyber weapons are endangering the world,2026-09-11
Spamouflage China based CIB updated,influence_operation,meta,Q2_2023_Spamouflage_China_based_CIB_updated,2023-04-01,https://github.com/facebook/threat-research/blob/main/indicators/csv/Q2_2023%20/Q2_2023_Spamouflage_China_based_CIB_updated.csv,behavior,#americathethief,China,,,6. Indiscriminate engagement > 6.1 Posting on websites > 6.1.3 Posting original content on blogs,meta_kill_chain,,,2026-09-11
Spamouflage China based CIB updated,influence_operation,meta,Q2_2023_Spamouflage_China_based_CIB_updated,2023-04-01,https://github.com/facebook/threat-research/blob/main/indicators/csv/Q2_2023%20/Q2_2023_Spamouflage_China_based_CIB_updated.csv,behavior,#americanisafailedstate,China,,,6. Indiscriminate engagement > 6.1 Posting on websites > 6.1.3 Posting original content on blogs,meta_kill_chain,,,2026-09-11
Spamouflage China based CIB updated,influence_operation,meta,Q2_2023_Spamouflage_China_based_CIB_updated,2023-04-01,https://github.com/facebook/threat-research/blob/main/indicators/csv/Q2_2023%20/Q2_2023_Spamouflage_China_based_CIB_updated.csv,behavior,"US gathers other countries to spread rumors about""Chinese cyber attacks""",China,,,6. Indiscriminate engagement > 6.1 Posting on websites > 6.1.3 Posting original content on blogs,meta_kill_chain,,,2026-09-11
Spamouflage China based CIB updated,influence_operation,meta,Q2_2023_Spamouflage_China_based_CIB_updated,2023-04-01,https://github.com/facebook/threat-research/blob/main/indicators/csv/Q2_2023%20/Q2_2023_Spamouflage_China_based_CIB_updated.csv,behavior,Why the United States accuses other countries of carrying out cyber attacks,China,,,6. Indiscriminate engagement > 6.1 Posting on websites > 6.1.3 Posting original content on blogs,meta_kill_chain,,,2026-09-11
Spamouflage China based CIB updated,influence_operation,meta,Q2_2023_Spamouflage_China_based_CIB_updated,2023-04-01,https://github.com/facebook/threat-research/blob/main/indicators/csv/Q2_2023%20/Q2_2023_Spamouflage_China_based_CIB_updated.csv,behavior,Mismanipulation of American public opinion online,China,,,6. Indiscriminate engagement > 6.1 Posting on websites > 6.1.3 Posting original content on blogs,meta_kill_chain,,,2026-09-11
Spamouflage China based CIB updated,influence_operation,meta,Q2_2023_Spamouflage_China_based_CIB_updated,2023-04-01,https://github.com/facebook/threat-research/blob/main/indicators/csv/Q2_2023%20/Q2_2023_Spamouflage_China_based_CIB_updated.csv,behavior,U.S. Launches Cyberattack to 'Support' Ukraine,China,,,6. Indiscriminate engagement > 6.1 Posting on websites > 6.1.3 Posting original content on blogs,meta_kill_chain,,,2026-09-11
Spamouflage China based CIB updated,influence_operation,meta,Q2_2023_Spamouflage_China_based_CIB_updated,2023-04-01,https://github.com/facebook/threat-research/blob/main/indicators/csv/Q2_2023%20/Q2_2023_Spamouflage_China_based_CIB_updated.csv,behavior,賊喊捉賊的“黑客帝國”,China,,,6. Indiscriminate engagement > 6.1 Posting on websites > 6.1.3 Posting original content on blogs,meta_kill_chain,,"Thieves call ""Catch Thief"" ""Matrix""",2026-09-11
Spamouflage China based CIB updated,influence_operation,meta,Q2_2023_Spamouflage_China_based_CIB_updated,2023-04-01,https://github.com/facebook/threat-research/blob/main/indicators/csv/Q2_2023%20/Q2_2023_Spamouflage_China_based_CIB_updated.csv,behavior,幕後真實的黑客帝國,China,,,6. Indiscriminate engagement > 6.1 Posting on websites > 6.1.3 Posting original content on blogs,meta_kill_chain,,The Real Matrix Behind the Scenes,2026-09-11
Spamouflage China based CIB updated,influence_operation,meta,Q2_2023_Spamouflage_China_based_CIB_updated,2023-04-01,https://github.com/facebook/threat-research/blob/main/indicators/csv/Q2_2023%20/Q2_2023_Spamouflage_China_based_CIB_updated.csv,behavior,The United States is a global public menace to cybersecurity,China,,,6. Indiscriminate engagement > 6.1 Posting on websites > 6.1.3 Posting original content on blogs,meta_kill_chain,,,2026-09-11
Spamouflage China based CIB updated,influence_operation,meta,Q2_2023_Spamouflage_China_based_CIB_updated,2023-04-01,https://github.com/facebook/threat-research/blob/main/indicators/csv/Q2_2023%20/Q2_2023_Spamouflage_China_based_CIB_updated.csv,behavior,The way America uses to accuse other countries of cyberattack,China,,,6. Indiscriminate engagement > 6.1 Posting on websites > 6.1.3 Posting original content on blogs,meta_kill_chain,,,2026-09-11
Spamouflage China based CIB updated,influence_operation,meta,Q2_2023_Spamouflage_China_based_CIB_updated,2023-04-01,https://github.com/facebook/threat-research/blob/main/indicators/csv/Q2_2023%20/Q2_2023_Spamouflage_China_based_CIB_updated.csv,behavior,"If the US is allowed to eavesdrop so brazenly, the whole world will become its back garden and there will be no national sovereignty at all.",China,,,6. Indiscriminate engagement > 6.1 Posting on websites > 6.1.3 Posting original content on blogs,meta_kill_chain,,,2026-09-11
Spamouflage China based CIB updated,influence_operation,meta,Q2_2023_Spamouflage_China_based_CIB_updated,2023-04-01,https://github.com/facebook/threat-research/blob/main/indicators/csv/Q2_2023%20/Q2_2023_Spamouflage_China_based_CIB_updated.csv,behavior,"They say there is no privacy in the Internet age, but I was still surprised by the arrogance of the United States",China,,,6. Indiscriminate engagement > 6.1 Posting on websites > 6.1.3 Posting original content on blogs,meta_kill_chain,,,2026-09-11
Spamouflage China based CIB updated,influence_operation,meta,Q2_2023_Spamouflage_China_based_CIB_updated,2023-04-01,https://github.com/facebook/threat-research/blob/main/indicators/csv/Q2_2023%20/Q2_2023_Spamouflage_China_based_CIB_updated.csv,behavior,Please ask the INS to kick Yan Limeng out of the United States,China,,,6. Indiscriminate engagement > 6.1 Posting on websites > 6.1.3 Posting original content on blogs,meta_kill_chain,,,2026-09-11
Spamouflage China based CIB updated,influence_operation,meta,Q2_2023_Spamouflage_China_based_CIB_updated,2023-04-01,https://github.com/facebook/threat-research/blob/main/indicators/csv/Q2_2023%20/Q2_2023_Spamouflage_China_based_CIB_updated.csv,behavior,Cut off diplomatic relations is the way out of Yan Limeng,China,,,6. Indiscriminate engagement > 6.1 Posting on websites > 6.1.3 Posting original content on blogs,meta_kill_chain,,,2026-09-11
Spamouflage China based CIB updated,influence_operation,meta,Q2_2023_Spamouflage_China_based_CIB_updated,2023-04-01,https://github.com/facebook/threat-research/blob/main/indicators/csv/Q2_2023%20/Q2_2023_Spamouflage_China_based_CIB_updated.csv,behavior,The culprit's trick. American's eavesdropping is just the tip of the iceberg,China,,,6. Indiscriminate engagement > 6.1 Posting on websites > 6.1.3 Posting original content on blogs,meta_kill_chain,,,2026-09-11
Spamouflage China based CIB updated,influence_operation,meta,Q2_2023_Spamouflage_China_based_CIB_updated,2023-04-01,https://github.com/facebook/threat-research/blob/main/indicators/csv/Q2_2023%20/Q2_2023_Spamouflage_China_based_CIB_updated.csv,behavior,The attack to Northwestern Polytechnical University is just the tip of the iceberg of America’s misdeeds,China,,,6. Indiscriminate engagement > 6.1 Posting on websites > 6.1.3 Posting original content on blogs,meta_kill_chain,,,2026-09-11
Spamouflage China based CIB updated,influence_operation,meta,Q2_2023_Spamouflage_China_based_CIB_updated,2023-04-01,https://github.com/facebook/threat-research/blob/main/indicators/csv/Q2_2023%20/Q2_2023_Spamouflage_China_based_CIB_updated.csv,behavior,アメリカの謎のサイバー情報戦,China,,,6. Indiscriminate engagement > 6.1 Posting on websites > 6.1.3 Posting original content on blogs,meta_kill_chain,,America's Mysterious Cyber ​​Information Warfare,2026-09-11
Spamouflage China based CIB updated,influence_operation,meta,Q2_2023_Spamouflage_China_based_CIB_updated,2023-04-01,https://github.com/facebook/threat-research/blob/main/indicators/csv/Q2_2023%20/Q2_2023_Spamouflage_China_based_CIB_updated.csv,behavior,Big bastard with tiger skin,China,,,6. Indiscriminate engagement > 6.1 Posting on websites > 6.1.3 Posting original content on blogs,meta_kill_chain,,,2026-09-11
Spamouflage China based CIB updated,influence_operation,meta,Q2_2023_Spamouflage_China_based_CIB_updated,2023-04-01,https://github.com/facebook/threat-research/blob/main/indicators/csv/Q2_2023%20/Q2_2023_Spamouflage_China_based_CIB_updated.csv,behavior,"Guo Wengui's lie, Ant's drug",China,,,6. Indiscriminate engagement > 6.1 Posting on websites > 6.1.3 Posting original content on blogs,meta_kill_chain,,,2026-09-11
Spamouflage China based CIB updated,influence_operation,meta,Q2_2023_Spamouflage_China_based_CIB_updated,2023-04-01,https://github.com/facebook/threat-research/blob/main/indicators/csv/Q2_2023%20/Q2_2023_Spamouflage_China_based_CIB_updated.csv,behavior,"Guo Wengui's Lies, Little Ant's Drugs",China,,,6. Indiscriminate engagement > 6.1 Posting on websites > 6.1.3 Posting original content on blogs,meta_kill_chain,,,2026-09-11
Spamouflage China based CIB updated,influence_operation,meta,Q2_2023_Spamouflage_China_based_CIB_updated,2023-04-01,https://github.com/facebook/threat-research/blob/main/indicators/csv/Q2_2023%20/Q2_2023_Spamouflage_China_based_CIB_updated.csv,behavior,郭文贵的谎言  小蚂蚁的毒品,China,,,6. Indiscriminate engagement > 6.1 Posting on websites > 6.1.3 Posting original content on blogs,meta_kill_chain,,"Guo Wengui's Lies, Little Ant's Drugs",2026-09-11
Spamouflage China based CIB updated,influence_operation,meta,Q2_2023_Spamouflage_China_based_CIB_updated,2023-04-01,https://github.com/facebook/threat-research/blob/main/indicators/csv/Q2_2023%20/Q2_2023_Spamouflage_China_based_CIB_updated.csv,behavior,Академически сомнительные «ученые»,China,,,6. Indiscriminate engagement > 6.1 Posting on websites > 6.1.3 Posting original content on blogs,meta_kill_chain,,"Academically dubious ""scholars""",2026-09-11
Spamouflage China based CIB updated,influence_operation,meta,Q2_2023_Spamouflage_China_based_CIB_updated,2023-04-01,https://github.com/facebook/threat-research/blob/main/indicators/csv/Q2_2023%20/Q2_2023_Spamouflage_China_based_CIB_updated.csv,behavior,"Добро и зло будут вознаграждены, а кокон свяжется сам собой ——Окончательное решение по делу PAX будет опубликовано в ближайшее время",China,,,6. Indiscriminate engagement > 6.1 Posting on websites > 6.1.3 Posting original content on blogs,meta_kill_chain,,Good and evil will be rewarded and the cocoon will bind itself——The final decision in the PAX case will be published soon,2026-09-11
Spamouflage China based CIB updated,influence_operation,meta,Q2_2023_Spamouflage_China_based_CIB_updated,2023-04-01,https://github.com/facebook/threat-research/blob/main/indicators/csv/Q2_2023%20/Q2_2023_Spamouflage_China_based_CIB_updated.csv,behavior,"Хулиган Го Лао в конце пути, товарищи по оружию должны признать ситуацию",China,,,6. Indiscriminate engagement > 6.1 Posting on websites > 6.1.3 Posting original content on blogs,meta_kill_chain,,"Hooligan Guo Lao at the end of the road, comrades in arms must recognize the situation",2026-09-11
Spamouflage China based CIB updated,influence_operation,meta,Q2_2023_Spamouflage_China_based_CIB_updated,2023-04-01,https://github.com/facebook/threat-research/blob/main/indicators/csv/Q2_2023%20/Q2_2023_Spamouflage_China_based_CIB_updated.csv,behavior,"Женщина, которая погибла во время аферы кроу",China,,,6. Indiscriminate engagement > 6.1 Posting on websites > 6.1.3 Posting original content on blogs,meta_kill_chain,,The woman who died in the Crow scam,2026-09-11
Spamouflage China based CIB updated,influence_operation,meta,Q2_2023_Spamouflage_China_based_CIB_updated,2023-04-01,https://github.com/facebook/threat-research/blob/main/indicators/csv/Q2_2023%20/Q2_2023_Spamouflage_China_based_CIB_updated.csv,behavior,"No Breaking News to Cover, Guo Wengui Newsjacking on the Heavy Rain of Zhengzhou",China,,,6. Indiscriminate engagement > 6.1 Posting on websites > 6.1.3 Posting original content on blogs,meta_kill_chain,,,2026-09-11
Spamouflage China based CIB updated,influence_operation,meta,Q2_2023_Spamouflage_China_based_CIB_updated,2023-04-01,https://github.com/facebook/threat-research/blob/main/indicators/csv/Q2_2023%20/Q2_2023_Spamouflage_China_based_CIB_updated.csv,behavior,"Eavesdropping on the world, no one in the United States can match!",China,,,6. Indiscriminate engagement > 6.1 Posting on websites > 6.1.3 Posting original content on blogs,meta_kill_chain,,,2026-09-11
Spamouflage China based CIB updated,influence_operation,meta,Q2_2023_Spamouflage_China_based_CIB_updated,2023-04-01,https://github.com/facebook/threat-research/blob/main/indicators/csv/Q2_2023%20/Q2_2023_Spamouflage_China_based_CIB_updated.csv,behavior,"It turns out that American blockbusters are not fiction, but depictions of reality",China,,,6. Indiscriminate engagement > 6.1 Posting on websites > 6.1.3 Posting original content on blogs,meta_kill_chain,,,2026-09-11
Spamouflage China based CIB updated,influence_operation,meta,Q2_2023_Spamouflage_China_based_CIB_updated,2023-04-01,https://github.com/facebook/threat-research/blob/main/indicators/csv/Q2_2023%20/Q2_2023_Spamouflage_China_based_CIB_updated.csv,behavior,"The American Matrix adds another ""real hammer""!",China,,,6. Indiscriminate engagement > 6.1 Posting on websites > 6.1.3 Posting original content on blogs,meta_kill_chain,,,2026-09-11
Spamouflage China based CIB updated,influence_operation,meta,Q2_2023_Spamouflage_China_based_CIB_updated,2023-04-01,https://github.com/facebook/threat-research/blob/main/indicators/csv/Q2_2023%20/Q2_2023_Spamouflage_China_based_CIB_updated.csv,behavior,"The US eavesdropping situation, the exposure of the Prism plan",China,,,6. Indiscriminate engagement > 6.1 Posting on websites > 6.1.3 Posting original content on blogs,meta_kill_chain,,,2026-09-11
Spamouflage China based CIB updated,influence_operation,meta,Q2_2023_Spamouflage_China_based_CIB_updated,2023-04-01,https://github.com/facebook/threat-research/blob/main/indicators/csv/Q2_2023%20/Q2_2023_Spamouflage_China_based_CIB_updated.csv,behavior,U.S. has ulterior motives in pulling China into Russia-Ukraine conflict,China,,,6. Indiscriminate engagement > 6.1 Posting on websites > 6.1.3 Posting original content on blogs,meta_kill_chain,,,2026-09-11
Spamouflage China based CIB updated,influence_operation,meta,Q2_2023_Spamouflage_China_based_CIB_updated,2023-04-01,https://github.com/facebook/threat-research/blob/main/indicators/csv/Q2_2023%20/Q2_2023_Spamouflage_China_based_CIB_updated.csv,behavior,郭文贵口中的“章痔疮”是何许人也？,China,,,6. Indiscriminate engagement > 6.1 Posting on websites > 6.1.3 Posting original content on blogs,meta_kill_chain,,"Who is the ""Zhang Hemorrhoid"" in Guo Wengui's mouth?",2026-09-11
Spamouflage China based CIB updated,influence_operation,meta,Q2_2023_Spamouflage_China_based_CIB_updated,2023-04-01,https://github.com/facebook/threat-research/blob/main/indicators/csv/Q2_2023%20/Q2_2023_Spamouflage_China_based_CIB_updated.csv,behavior,America has been monitoring Chinese mobile phones,China,,,6. Indiscriminate engagement > 6.1 Posting on websites > 6.1.3 Posting original content on blogs,meta_kill_chain,,,2026-09-11
Spamouflage China based CIB updated,influence_operation,meta,Q2_2023_Spamouflage_China_based_CIB_updated,2023-04-01,https://github.com/facebook/threat-research/blob/main/indicators/csv/Q2_2023%20/Q2_2023_Spamouflage_China_based_CIB_updated.csv,behavior,America has never pay the price for the enormity of its cyber attacks on the world,China,,,6. Indiscriminate engagement > 6.1 Posting on websites > 6.1.3 Posting original content on blogs,meta_kill_chain,,,2026-09-11
Spamouflage China based CIB updated,influence_operation,meta,Q2_2023_Spamouflage_China_based_CIB_updated,2023-04-01,https://github.com/facebook/threat-research/blob/main/indicators/csv/Q2_2023%20/Q2_2023_Spamouflage_China_based_CIB_updated.csv,behavior,A thief playing the role of judge,China,,,6. Indiscriminate engagement > 6.1 Posting on websites > 6.1.3 Posting original content on blogs,meta_kill_chain,,,2026-09-11
Spamouflage China based CIB updated,influence_operation,meta,Q2_2023_Spamouflage_China_based_CIB_updated,2023-04-01,https://github.com/facebook/threat-research/blob/main/indicators/csv/Q2_2023%20/Q2_2023_Spamouflage_China_based_CIB_updated.csv,behavior,Hacking empire's obsession to other countries,China,,,6. Indiscriminate engagement > 6.1 Posting on websites > 6.1.3 Posting original content on blogs,meta_kill_chain,,,2026-09-11
Spamouflage China based CIB updated,influence_operation,meta,Q2_2023_Spamouflage_China_based_CIB_updated,2023-04-01,https://github.com/facebook/threat-research/blob/main/indicators/csv/Q2_2023%20/Q2_2023_Spamouflage_China_based_CIB_updated.csv,behavior,"My friends and I have always believed that e-cigarette pneumonia is COVID-19, and now an authority has finally confirmed that our guess is correct",China,,,6. Indiscriminate engagement > 6.1 Posting on websites > 6.1.3 Posting original content on blogs,meta_kill_chain,,,2026-09-11
Spamouflage China based CIB updated,influence_operation,meta,Q2_2023_Spamouflage_China_based_CIB_updated,2023-04-01,https://github.com/facebook/threat-research/blob/main/indicators/csv/Q2_2023%20/Q2_2023_Spamouflage_China_based_CIB_updated.csv,behavior,Jack kept saying that the COVID-19 came from Fort Detrick,China,,,6. Indiscriminate engagement > 6.1 Posting on websites > 6.1.3 Posting original content on blogs,meta_kill_chain,,,2026-09-11
Spamouflage China based CIB updated,influence_operation,meta,Q2_2023_Spamouflage_China_based_CIB_updated,2023-04-01,https://github.com/facebook/threat-research/blob/main/indicators/csv/Q2_2023%20/Q2_2023_Spamouflage_China_based_CIB_updated.csv,behavior,Why has the previous FBI investigation been inconclusive? Because they could not tell others that the COVID-19 actually originated in their own homes,China,,,6. Indiscriminate engagement > 6.1 Posting on websites > 6.1.3 Posting original content on blogs,meta_kill_chain,,,2026-09-11
Spamouflage China based CIB updated,influence_operation,meta,Q2_2023_Spamouflage_China_based_CIB_updated,2023-04-01,https://github.com/facebook/threat-research/blob/main/indicators/csv/Q2_2023%20/Q2_2023_Spamouflage_China_based_CIB_updated.csv,behavior,"The truth is finally announced! We have waited for two years. In the past two years, countless relatives and friends of us have died of COVID-19. Who should bear the responsibility?",China,,,6. Indiscriminate engagement > 6.1 Posting on websites > 6.1.3 Posting original content on blogs,meta_kill_chain,,,2026-09-11
Spamouflage China based CIB updated,influence_operation,meta,Q2_2023_Spamouflage_China_based_CIB_updated,2023-04-01,https://github.com/facebook/threat-research/blob/main/indicators/csv/Q2_2023%20/Q2_2023_Spamouflage_China_based_CIB_updated.csv,behavior,"This report speaks the truth. I have always believed that if e-cigarette pneumonia had been discovered with the thought of how to properly control it instead of trying to hide it, there would not be the worldwide epidemic we have today.",China,,,6. Indiscriminate engagement > 6.1 Posting on websites > 6.1.3 Posting original content on blogs,meta_kill_chain,,,2026-09-11
